external_gene_name,proba_de,proba_not_de,bayes_factor,scale1,scale2,pseudocounts,delta,lfc_mean,lfc_median,lfc_std,lfc_min,lfc_max,raw_mean1,raw_mean2,non_zeros_proportion1,non_zeros_proportion2,raw_normalized_mean1,raw_normalized_mean2,is_de_fdr_0.05,comparison,group1,group2
Ccl21a,0.994,0.006000000000000005,5.1099760808236026,0.009839578,0.0006437698,0.0,0.25,5.0108404,5.2180376,1.7822556,-2.1794858,10.597746,128.07432110528836,7.2237963051598335,0.9933301572176801,0.5750454675983842,165.85813847719655,6.9966440782461445,True,0 vs Rest,0,Rest
Acta2,0.9916,0.008399999999999963,4.771086913921002,0.0009214881,8.202437e-05,0.0,0.25,4.353628,4.374009,1.9059659,-2.5654716,10.36581,7.955693187232026,0.7278165980664274,0.5812291567412865,0.16756006509045554,10.414981519667307,0.6562926070561558,True,0 vs Rest,0,Rest
Tagln,0.9916,0.008399999999999963,4.771086913921002,0.0016332838,9.038527e-05,0.0,0.25,5.667196,6.0305834,1.9286693,-2.460041,11.617559,12.737494044783277,0.5708337321719219,0.7903763696998262,0.1430075619795188,16.285276340459156,0.6377685738391523,True,0 vs Rest,0,Rest
Ctsl,0.987,0.013000000000000012,4.329719922873182,0.0029664135,0.00059579895,0.0,0.25,3.2391884,3.4086156,1.4897313,-4.8004036,7.3523173,29.30061934254408,9.05992150856681,0.9957122439256362,0.6273092753900554,35.52605883660388,6.918382945042922,True,0 vs Rest,0,Rest
Gas1,0.9854,0.014599999999999946,4.212025446612466,0.00044429334,7.9191246e-05,0.0,0.25,4.0468655,4.280921,2.2805555,-6.4961348,12.871268,2.956169604573604,0.39145209150952837,0.7555979037636681,0.09304106442041021,4.160672473611611,0.5666912228978254,True,0 vs Rest,0,Rest
Ifi27l2a,0.9846,0.01539999999999997,4.157867318710489,0.0060392627,0.0008369108,0.0,0.25,3.6642547,3.8534417,1.6406744,-3.4474888,8.937433,54.18866126727008,9.732889824829847,0.9971414959504098,0.6915861012730358,70.48651192973824,9.312288149120358,True,0 vs Rest,0,Rest
Stmn2,0.9844,0.015599999999999947,4.14476077339445,0.00011572141,2.134455e-05,0.0,0.25,2.7626193,2.6763768,1.392444,-1.727952,8.375966,0.8404001905669335,0.21317124533358794,0.1534063839923774,0.06269742509811313,1.0358256288959082,0.15539515556312158,True,0 vs Rest,0,Rest
Lifr,0.9844,0.015599999999999947,4.14476077339445,0.00063763454,0.00014602089,0.0,0.25,3.038747,3.272221,1.5942283,-3.5331926,7.7550535,4.744640304907121,0.9512778788168649,0.9137684611719487,0.28376567435627315,6.040429078971329,1.1558117244135249,True,0 vs Rest,0,Rest
Scx,0.983,0.017000000000000015,4.057395198028768,0.00015965328,2.1937127e-05,0.0,0.25,3.707615,3.8509297,1.8015039,-2.83953,10.103557,1.1681753215816872,0.09122236048626489,0.44592663172938385,0.04747774480712087,1.564856792338772,0.10852203998906679,True,0 vs Rest,0,Rest
Sh3pxd2b,0.9814,0.01859999999999995,3.965818015491911,6.919755e-05,1.873721e-05,0.0,0.25,2.7201579,2.757749,1.593827,-3.1840534,8.100568,0.5459742734635432,0.11931655020580381,0.3758932825154765,0.0871542069493652,0.6825565701562927,0.13918279901076713,True,0 vs Rest,0,Rest
Flna,0.9812,0.01880000000000004,3.9549189208252784,0.0003561944,8.222063e-05,0.0,0.25,2.8332481,3.0383902,1.5267565,-2.6644497,7.4343233,2.903763696998572,0.7131712453335801,0.7932348737493734,0.3144443380875004,3.4471428185317294,0.7156718372980412,True,0 vs Rest,0,Rest
Tpm2,0.9806,0.019399999999999973,3.9228910578819054,0.0016681808,0.00027440637,0.0,0.25,3.1960044,3.3532095,1.438354,-2.0949678,7.5051765,13.497856121962855,3.0302479180627073,0.967603620771755,0.5810759069589616,15.789901713787525,2.424738808017359,True,0 vs Rest,0,Rest
Wfikkn2,0.9806,0.019399999999999973,3.9228910578819054,0.00032241302,4.8200396e-05,0.0,0.25,3.494084,3.624341,1.554092,-2.8853369,9.444776,2.305383515959953,0.2724227050827988,0.7875178656502789,0.13826935962477663,3.0986280156398607,0.31313314150066446,True,0 vs Rest,0,Rest
Rcn3,0.9804,0.01959999999999995,3.9124305854134556,7.6741584e-05,1.2696473e-05,0.0,0.25,3.0371597,3.1378279,1.4857444,-2.946145,8.12842,0.5555026202953691,0.0591078778596719,0.3606479275845579,0.043361730640374546,0.7338096861483543,0.06040911077478985,True,0 vs Rest,0,Rest
Plek2,0.9804,0.01959999999999995,3.9124305854134556,9.149978e-05,2.4108369e-05,0.0,0.25,2.214281,2.2351832,1.024684,-1.2288084,5.5261917,0.7508337303477695,0.1805781564085379,0.4721295855169002,0.11893366516703911,0.9223022566881393,0.1424405266004313,True,0 vs Rest,0,Rest
Vwa1,0.9804,0.01959999999999995,3.9124305854134556,9.0885645e-05,1.4755642e-05,0.0,0.25,3.2797618,3.428111,1.5003777,-2.2252884,7.337364,0.7675083373034617,0.0916052455250323,0.45402572653643436,0.07116875658083645,0.9795236470191807,0.1055253394248439,True,0 vs Rest,0,Rest
Serpinh1,0.9802,0.01980000000000004,3.9020741999265773,0.00030624864,6.5768414e-05,0.0,0.25,2.806864,2.6830993,1.5347856,-1.7284422,8.642437,2.3563601715102207,0.44237580166556184,0.8146736541209777,0.19579783669952508,3.0168041242151444,0.39098697348987443,True,0 vs Rest,0,Rest
Id1,0.9798,0.020199999999999996,3.8816653799540974,0.00043631854,7.937365e-05,0.0,0.25,2.9868178,3.1642742,1.4036661,-1.5224237,6.82111,3.9523582658408825,0.5521202259021836,0.7617913292043538,0.17722791231932342,5.03730753529931,0.5252168944879795,True,0 vs Rest,0,Rest
Apoe,0.9796,0.020399999999999974,3.8716089442401334,0.0026797457,0.00047770314,0.0,0.25,3.1328056,3.2030287,1.8526949,-5.7287636,8.746344,26.495474035254958,4.7697903704414735,0.9390185802762826,0.39590313008523637,36.915970688233635,5.083598600103134,True,0 vs Rest,0,Rest
Zfp637,0.9792,0.02080000000000004,3.8517824544940904,7.743607e-05,2.2514605e-05,0.0,0.25,1.9456854,1.9783936,0.7973257,-0.8712778,4.8678236,0.5831348261076583,0.25710730353210964,0.4221057646498235,0.2019239973197978,0.7524653626085578,0.20065754776766703,True,0 vs Rest,0,Rest
Ctf1,0.9786,0.021399999999999975,3.822731599756288,4.9739294e-05,1.3894822e-05,0.0,0.25,2.2044466,2.223209,1.2340235,-2.778205,6.860587,0.3382563125297728,0.14008806355891842,0.2610767031919957,0.10802144156217518,0.4338373416303372,0.11121959173682756,True,0 vs Rest,0,Rest
Shisa4,0.9786,0.021399999999999975,3.822731599756288,0.00017512598,3.518417e-05,0.0,0.25,2.5925434,2.6418962,1.1851511,-2.652917,7.129774,1.4020962363029688,0.28840815545132886,0.6569795140542883,0.18502919498420195,1.8235530152250328,0.2655555869890563,True,0 vs Rest,0,Rest
Myl9,0.9784,0.021599999999999953,3.813224816940758,0.00015994234,3.2120366e-05,0.0,0.25,2.9532266,2.985176,1.6614332,-3.775176,10.508758,1.1476893758932643,0.09974155259883287,0.4406860409718806,0.043983918828371084,1.5400945585726438,0.12288923476187165,True,0 vs Rest,0,Rest
Ccl21d,0.9776,0.022399999999999975,3.7760391933569983,0.00063978723,7.571148e-05,0.0,0.25,3.5511515,3.5325012,2.1484628,-3.53131,10.474562,5.622201048118215,0.5391978558437922,0.6869938065745343,0.15578635014836892,7.1366101041120835,0.4580694776324727,True,0 vs Rest,0,Rest
Mgp,0.9772,0.022800000000000042,3.757930375060113,0.0013513014,0.00015570763,0.0,0.25,3.7721074,3.9456682,2.344288,-6.7199965,11.5763645,10.050023820867093,0.7849621901024189,0.8118151500714305,0.11859864075811785,14.721663330517307,0.8672473630090638,True,0 vs Rest,0,Rest
S1pr3,0.9766,0.023399999999999976,3.731340712153176,0.00017041329,3.5251487e-05,0.0,0.25,2.7923622,2.9184437,1.5778145,-4.0508347,7.829935,1.4807050976655225,0.22082894610892903,0.5855169128156074,0.10749497463387034,1.7091263398312844,0.2265363097807075,True,0 vs Rest,0,Rest
Iigp1,0.976,0.02400000000000002,3.705408349644468,0.0012669566,0.00028310326,0.0,0.25,2.5973532,2.7399187,1.452425,-4.2111588,6.989084,11.511672224869017,3.091365942375918,0.937589328251509,0.5226859385470212,14.626653174144245,3.0472846112286156,True,0 vs Rest,0,Rest
Ccl11,0.976,0.02400000000000002,3.705408349644468,0.00085079926,7.865613e-05,0.0,0.25,3.9739797,4.091298,2.663362,-7.0462713,12.383608,8.099094807051006,0.5802144156217144,0.5116722248689703,0.08404326600938206,10.193039923470721,0.5344839490857474,True,0 vs Rest,0,Rest
Htra1,0.9752,0.024800000000000044,3.671798532024705,0.000324976,8.244716e-05,0.0,0.25,2.2730412,2.2845469,1.1498755,-1.9543877,5.8734016,2.5407336827060267,0.571599502249458,0.8218199142448458,0.23652723269836945,3.252885042352026,0.5154166275950758,True,0 vs Rest,0,Rest
Frmd6,0.9752,0.024800000000000044,3.671798532024705,0.00013385914,3.6895177e-05,0.0,0.25,2.7499511,2.9705935,1.5988078,-3.7177038,7.818082,0.9132920438303763,0.2418876232411187,0.49118627918054847,0.1319517564851204,1.0967948140584696,0.25521315467083927,True,0 vs Rest,0,Rest
Tceal9,0.9748,0.0252,3.65538794066687,0.0005011272,0.00011545978,0.0,0.25,2.529512,2.6216793,1.2137125,-2.1668253,6.5931225,3.9261553120533597,1.2378673303340977,0.9090042877560366,0.39609457260462,4.85478645613506,0.9789097026426599,True,0 vs Rest,0,Rest
Boc,0.9748,0.0252,3.65538794066687,9.516847e-05,2.2899516e-05,0.0,0.25,2.977985,3.1350117,1.8449848,-4.9128456,11.226089,0.7098618389709228,0.10299607542835415,0.44497379704620144,0.06853642193931225,0.9640019170576248,0.14892844462313615,True,0 vs Rest,0,Rest
Mansc4,0.9746,0.025399999999999978,3.6472775729448257,4.424727e-05,8.890451e-06,0.0,0.25,2.7353013,2.7710142,1.3326266,-1.9481306,7.135705,0.3001429252024758,0.03350244089212186,0.22629823725583625,0.02766344405092344,0.380372222696698,0.03669711308258554,True,0 vs Rest,0,Rest
Hpgd,0.974,0.026000000000000023,3.623314391272682,0.0007058595,0.00014343212,0.0,0.25,2.869943,2.926743,1.6499374,-3.4754372,8.476094,6.0042877560743575,1.030965827510279,0.8165793234873425,0.23537857758206832,7.631607937710286,0.8785025606099376,True,0 vs Rest,0,Rest
Rbp1,0.974,0.026000000000000023,3.623314391272682,0.000621142,0.00011557765,0.0,0.25,2.9011874,2.977478,1.671027,-4.333169,8.243368,4.771319676036202,0.5618837943907388,0.8570747975225951,0.15028237771609265,6.259808599874405,0.5476257955618298,True,0 vs Rest,0,Rest
Ifitm3,0.9732,0.026800000000000046,3.592187360533676,0.0070755538,0.001536884,0.0,0.25,2.7802157,2.7730846,1.4468477,-1.8922558,7.3097167,72.84135302525011,24.39116492772921,0.999999999999957,0.900928496218796,91.79728374481383,19.09936968489338,True,0 vs Rest,0,Rest
Lgals1,0.9732,0.026800000000000046,3.592187360533676,0.0004350747,8.973043e-05,0.0,0.25,2.6125362,2.5521421,1.50252,-2.583313,8.283614,3.878513577894247,0.8834593663252484,0.7270128632681957,0.22638077917104277,4.819084572019908,0.6329721573936309,True,0 vs Rest,0,Rest
Kctd4,0.973,0.027000000000000024,3.5845468560888656,9.0657755e-05,2.1021586e-05,0.0,0.25,2.6668856,2.8194227,1.4717723,-3.4036312,7.535988,0.7050976655550124,0.11433904470183055,0.40828966174367853,0.07973580932325156,0.9464130804340911,0.1311682570153241,True,0 vs Rest,0,Rest
Tgfbi,0.973,0.027000000000000024,3.5845468560888656,0.00017764936,4.7767808e-05,0.0,0.25,2.4928746,2.5368443,1.6817925,-5.1769695,9.300941,1.5435921867555682,0.22700296735904882,0.5778942353501481,0.11113238250215832,1.950816349834837,0.2858233304183015,True,0 vs Rest,0,Rest
Fgfr2,0.9728,0.027200000000000002,3.5769611805425647,0.00012366699,3.2721728e-05,0.0,0.25,2.4832547,2.636138,1.3474066,-3.0766535,7.5972614,0.9809433063363299,0.1705752847707479,0.5640781324440031,0.1095529817172438,1.3009500137050356,0.21541070756687586,True,0 vs Rest,0,Rest
Lpar1,0.9728,0.027200000000000002,3.5769611805425647,0.00013046406,3.1074596e-05,0.0,0.25,2.4827752,2.5438724,1.2554046,-2.2669525,6.479969,1.1295855169127929,0.23868096104144512,0.5273939971414802,0.14037522733799537,1.3006418288690467,0.19552203338243707,True,0 vs Rest,0,Rest
Gpx8,0.9726,0.02739999999999998,3.569429529893944,4.9972015e-05,1.3305521e-05,0.0,0.25,2.7187333,2.7838693,1.7089082,-3.6385193,9.884338,0.33777989518818136,0.060878721163969994,0.25726536445926607,0.03766631568871393,0.41758414627434653,0.05520328465074382,True,0 vs Rest,0,Rest
Tfam,0.9726,0.02739999999999998,3.569429529893944,0.000109718574,3.911567e-05,0.0,0.25,1.5356183,1.5778108,0.6849184,-1.2061338,5.1507273,0.9399714149594843,0.5125873456495021,0.5078608861362407,0.3427778309562781,1.0922864393505374,0.3894008215685511,True,0 vs Rest,0,Rest
Krt14,0.9726,0.02739999999999998,3.569429529893944,0.0019925195,0.00036917967,0.0,0.25,3.0214405,3.039474,1.6958107,-3.3563375,8.299768,15.53501667460699,3.763807791710625,0.95378751786561,0.5970613573274764,20.845177120648064,3.2645663589478753,True,0 vs Rest,0,Rest
Cdkn1c,0.9718,0.028200000000000003,3.539827699708052,2.6335889e-05,0.00022254702,0.0,0.25,-2.7305255,-2.8804297,1.8430535,-8.000204,5.4762993,0.2829919009051921,5.238489518522235,0.10147689375893289,0.30334067196324965,0.30630128811680435,3.762027747606905,True,0 vs Rest,0,Rest
Sulf1,0.9716,0.02839999999999998,3.532554710140545,0.00014360853,4.7820107e-05,0.0,0.25,2.0071585,2.1455889,1.2827349,-3.2006702,6.4111433,1.2177227251071663,0.2685459940652817,0.561696045736047,0.14530487221212107,1.5301142095191935,0.30210065477292,True,0 vs Rest,0,Rest
Pltp,0.9716,0.02839999999999998,3.532554710140545,0.00025862473,8.1515755e-05,0.0,0.25,2.508943,2.6302247,1.7325809,-5.07596,7.8883324,2.1086231538827716,0.7230305350818391,0.6622201048117916,0.18742222647649598,2.540498046223416,0.5859622833252497,True,0 vs Rest,0,Rest
Fzd2,0.9712,0.028800000000000048,3.5181566962377104,0.000106877196,2.2593702e-05,0.0,0.25,2.7601833,2.751729,1.7877395,-3.1596746,10.690686,0.8222963315864551,0.08878146836412446,0.4411624583134718,0.05633196132861006,1.1110157442293975,0.10335849937002663,True,0 vs Rest,0,Rest
Vmn2r95,0.9712,0.028800000000000048,3.5181566962377104,0.00010645978,2.4440398e-05,0.0,0.25,2.5294757,2.686421,1.4491374,-3.3759136,7.523714,0.6960457360647824,0.2115439839188252,0.3687470223916084,0.15937589738680996,0.9112795226830973,0.21391410066488134,True,0 vs Rest,0,Rest
Cald1,0.971,0.029000000000000026,3.5110303037759842,0.00094539643,0.00023246741,0.0,0.25,2.7235014,2.9591064,1.5110496,-3.2367344,7.320875,6.802286803239667,1.589977984110338,0.935207241543553,0.40049775055044357,8.075444707509426,1.7360861148696929,True,0 vs Rest,0,Rest
Snai2,0.971,0.029000000000000026,3.5110303037759842,8.062772e-05,1.7421951e-05,0.0,0.25,2.5887952,2.698874,1.3197923,-2.1585722,7.095358,0.7565507384468654,0.10620273762802901,0.40924249642686095,0.06911074949746299,0.9107238504413794,0.10268382935848126,True,0 vs Rest,0,Rest
Kctd1,0.9708,0.029200000000000004,3.5039514324132983,0.0001306186,3.4133096e-05,0.0,0.25,2.4662387,2.5274286,1.389081,-2.1292343,6.86471,1.120533587422557,0.2989853546472718,0.5602667937112734,0.16827797453814375,1.337975322434579,0.2568876616045271,True,0 vs Rest,0,Rest
Rbms3,0.9708,0.029200000000000004,3.5039514324132983,9.954049e-05,4.208364e-05,0.0,0.25,1.8177866,1.9918399,1.37092,-3.9308596,7.725067,0.7274892806097992,0.25782521297980215,0.44735588375415747,0.13965731789030716,0.9188808166859971,0.2788658979553164,True,0 vs Rest,0,Rest
Hsd17b10,0.9708,0.029200000000000004,3.5039514324132983,0.00015115242,5.680632e-05,0.0,0.25,1.5719441,1.5772977,0.9059976,-2.5600348,5.4738016,1.3106241067174522,0.6720589642959716,0.6565030967126971,0.36297501675125143,1.6414993592044957,0.4997147988629416,True,0 vs Rest,0,Rest
Cd151,0.9706,0.02939999999999998,3.4969194327933892,0.0001161792,3.4635854e-05,0.0,0.25,1.9831342,2.0571632,0.93924475,-1.5025349,4.6648197,0.9428299190090301,0.3895855269455529,0.5717008099094624,0.2673016176892807,1.2057030159546285,0.3208477870756338,True,0 vs Rest,0,Rest
Fst,0.9706,0.02939999999999998,3.4969194327933892,0.00023142647,3.7459307e-05,0.0,0.25,3.3255093,3.468556,2.2297885,-5.53601,12.574736,1.7703668413530003,0.15841868478989182,0.5435921867555812,0.06102230305350704,2.5003506929458332,0.21458590785134068,True,0 vs Rest,0,Rest
Isg15,0.9704,0.02959999999999996,3.4899336687670752,0.0015267389,0.00028256085,0.0,0.25,3.0570958,3.1452394,1.9323915,-4.407552,8.79222,11.192472606002871,3.087489231358388,0.9151977131967223,0.4993778118120902,14.692897477272764,2.7612126636365457,True,0 vs Rest,0,Rest
Copz2,0.97,0.030000000000000027,3.476098366811273,0.00019371395,5.25873e-05,0.0,0.25,2.2968066,2.4149275,1.3157847,-3.641673,6.976468,1.5359695092901042,0.45209150952428456,0.6460219151976906,0.24413707284386446,1.8967409162568696,0.3885917814159776,True,0 vs Rest,0,Rest
Rras,0.9696,0.030399999999999983,3.4624406882690915,0.0002086064,4.9609836e-05,0.0,0.25,2.3531473,2.4704723,1.2115293,-3.6790247,5.754472,1.6545974273463153,0.5322102038863046,0.7136731777036419,0.3192304010720912,2.0948199748551977,0.45004874476357526,True,0 vs Rest,0,Rest
Tst,0.9696,0.030399999999999983,3.4624406882690915,0.00043803157,0.000115435716,0.0,0.25,2.2608635,2.2849126,1.1661382,-2.0572662,6.6358986,3.810385898046703,1.3460323537858259,0.8761314911862433,0.45108643629756867,4.570767008619953,0.9958605731962076,True,0 vs Rest,0,Rest
Rtp4,0.9696,0.030399999999999983,3.4624406882690915,0.00027825654,6.414309e-05,0.0,0.25,2.5741105,2.6190171,1.44104,-2.6853008,7.268012,2.152453549309164,0.38173638365081675,0.792282039066191,0.1779936823968575,2.855540972769748,0.3867053592954192,True,0 vs Rest,0,Rest
Pthlh,0.9696,0.030399999999999983,3.4624406882690915,0.00021509545,4.656811e-05,0.0,0.25,2.5372953,2.5917397,1.4587879,-3.3183289,8.050867,1.944259171033796,0.2951565042595973,0.5955216769890227,0.1121374557289221,2.4004019932870837,0.2629905865013337,True,0 vs Rest,0,Rest
Siva1,0.9694,0.03059999999999996,3.4556769979712687,0.00014962694,4.1756903e-05,0.0,0.25,2.1815019,2.2542772,1.325521,-3.0183268,6.280401,1.1386374464030267,0.4241409016942815,0.573130061934236,0.2292524169617956,1.489495728426872,0.3203761519343945,True,0 vs Rest,0,Rest
Avpi1,0.9694,0.03059999999999996,3.4556769979712687,2.0296107e-05,0.000117788375,0.0,0.25,-2.265223,-2.3367114,1.323046,-6.5623207,3.034234,0.1838970938542164,1.5254618550780756,0.14435445450214396,0.5253182731885431,0.21162736538176094,1.208169476686359,True,0 vs Rest,0,Rest
Rsu1,0.9692,0.03080000000000005,3.4489559846053557,0.000109401226,4.046173e-05,0.0,0.25,1.631066,1.666637,0.82713664,-1.5109825,4.0990486,0.8532634587898812,0.40628888676177033,0.5145307289185176,0.27050827988895654,1.0169964751457405,0.32646885137232245,True,0 vs Rest,0,Rest
Laptm4a,0.9684,0.03159999999999996,3.4224877983417037,0.00044997936,0.00018723076,0.0,0.25,1.3842393,1.4718142,0.70100427,-1.8730326,3.3841438,3.5655073844687957,2.326457356178916,0.9223439733205904,0.7498803484252845,4.416305999833962,1.8278131117653398,True,0 vs Rest,0,Rest
Shisa2,0.9684,0.03159999999999996,3.4224877983417037,0.00020040455,5.7213372e-05,0.0,0.25,2.1165907,2.1116853,1.199446,-2.2715015,7.0765247,1.776083849452085,0.35469512778788936,0.69318723201522,0.1639705178520145,2.2588837713185206,0.32280906861043424,True,0 vs Rest,0,Rest
Ooep,0.9684,0.03159999999999996,3.4224877983417037,1.9250037e-05,0.00013294144,0.0,0.25,-2.3033357,-2.6659002,1.8362403,-6.400694,4.649803,0.15102429728442124,2.041638747966,0.10433539780848029,0.32908969082034834,0.161362050421541,1.4172470728341213,True,0 vs Rest,0,Rest
Fnbp1,0.9684,0.03159999999999996,3.4224877983417037,3.9758062e-05,0.00019789099,0.0,0.25,-2.186442,-2.295992,1.0905242,-5.0859203,1.8624172,0.3596950929013778,2.564899014071149,0.2515483563601716,0.7230783957116069,0.3952274359666217,1.990331889297598,True,0 vs Rest,0,Rest
Cnn2,0.9682,0.03180000000000005,3.4159720835825462,0.00019231215,5.7636364e-05,0.0,0.25,2.0612051,2.1807055,1.1066555,-2.0063381,6.0181293,1.542639352072381,0.5302479180626212,0.660790852787018,0.30204843495741013,1.892145861538181,0.49931703058718746,True,0 vs Rest,0,Rest
Mdk,0.968,0.03200000000000003,3.409495882307477,0.00089048484,0.00019358864,0.0,0.25,2.5255728,2.6672683,1.3203835,-2.7193193,6.778345,7.414483087184373,2.308940365655301,0.8828013339685202,0.39805685842830224,9.39705350549015,1.543953204373704,True,0 vs Rest,0,Rest
Zfp36l1,0.968,0.03200000000000003,3.409495882307477,0.00094381074,0.00021390893,0.0,0.25,2.8329263,2.9636207,1.5768701,-2.4158106,7.41792,7.398761314911852,1.7383459366325882,0.9666507860885726,0.388771896238196,9.144621143661167,1.7187982256856111,True,0 vs Rest,0,Rest
Ahcyl2,0.968,0.03200000000000003,3.409495882307477,3.9227383e-05,0.00046275754,0.0,0.25,-2.7938414,-2.7819448,1.6588541,-7.8361955,1.4201984,0.31538828013339437,6.171436776108409,0.2382086707956171,0.7425098114290232,0.36213540323981136,4.930508997879636,True,0 vs Rest,0,Rest
Tsen34,0.9676,0.032399999999999984,3.3966600576305104,0.00011207976,3.398044e-05,0.0,0.25,1.8892972,1.9868379,0.85036695,-1.6069508,4.41757,0.8956646021914996,0.43581889537668783,0.5426393520723988,0.2887910404900935,1.1416184889348762,0.32947185669632345,True,0 vs Rest,0,Rest
Cst6,0.9674,0.03259999999999996,3.390299475604788,4.3651675e-05,0.00058005954,0.0,0.25,-3.0055175,-3.1314363,1.8877639,-10.274786,3.349413,0.4749880895664555,9.754762132669406,0.15578847070033358,0.6172106824925805,0.4310814948894906,7.00651792527433,True,0 vs Rest,0,Rest
Col6a1,0.9672,0.03280000000000005,3.3839764893716042,0.00034936282,7.311939e-05,0.0,0.25,2.8983045,2.9621396,1.8169721,-4.2522326,8.597677,2.4578370652691612,0.3119077247056611,0.7636969985707186,0.1304680769598981,3.3007170285704115,0.4146360190441228,True,0 vs Rest,0,Rest
Tgfb1i1,0.9672,0.03280000000000005,3.3839764893716042,7.654741e-05,1.810789e-05,0.0,0.25,2.556027,2.6587687,1.3056209,-2.2363758,6.5401115,0.5864697474987982,0.08739351009859381,0.37446403049070287,0.06432468651287354,0.7366018964223774,0.10104867137956196,True,0 vs Rest,0,Rest
Ifit3,0.9672,0.03280000000000005,3.3839764893716042,0.00042579035,7.4781754e-05,0.0,0.25,3.2256405,3.3274193,2.1663017,-5.9902267,10.289885,3.0076226774654646,0.5375227337991837,0.6455454978560994,0.12558629271561828,3.9933292805594256,0.5128136324180386,True,0 vs Rest,0,Rest
Hic1,0.9672,0.03280000000000005,3.3839764893716042,1.926986e-05,4.9914493e-06,0.0,0.25,2.644002,2.6854954,1.7817063,-3.5177898,9.28936,0.1434016198189615,0.025892600746625687,0.11481657932348745,0.020101464535273214,0.17926434407125344,0.026377219161659356,True,0 vs Rest,0,Rest
Ralgapa2,0.9668,0.03320000000000001,3.371441482045512,2.6722339e-05,0.00014859295,0.0,0.25,-2.2572622,-2.3700104,1.2739899,-6.6640005,2.732934,0.18961410195331121,1.7759165310616554,0.14864221057646507,0.5824638652244913,0.2065766071204671,1.4355036072626446,True,0 vs Rest,0,Rest
Plekha2,0.9668,0.03320000000000001,3.371441482045512,2.7646947e-05,9.905911e-05,0.0,0.25,-1.7178652,-1.7430468,0.85759693,-4.6243486,1.6477966,0.25726536445926623,1.2569158610127737,0.19818961410195343,0.5807408825500406,0.2814683957455683,1.0192032574264704,True,0 vs Rest,0,Rest
Rab34,0.9668,0.03320000000000001,3.371441482045512,6.6021814e-05,2.001317e-05,0.0,0.25,2.0168295,2.0439758,1.1323072,-2.5151224,5.7387333,0.5069080514530652,0.1785201493251645,0.35921867555978426,0.13554130372356143,0.6575582849392241,0.1466801409186467,True,0 vs Rest,0,Rest
Eogt,0.9668,0.03320000000000001,3.371441482045512,3.3827753e-05,1.3173255e-05,0.0,0.25,1.7348045,1.8123994,1.1232145,-2.260172,6.219412,0.24678418294425933,0.09265817938164218,0.1934254406860411,0.0776778022398781,0.3080977776993948,0.08960693879396481,True,0 vs Rest,0,Rest
Cyba,0.9666,0.033399999999999985,3.3652285703727176,0.00019033451,0.0012192245,0.0,0.25,-2.3455615,-2.6971488,1.6462705,-5.966316,4.4522696,1.6083849452119747,21.32085766248596,0.5821819914244689,0.8852780702592021,1.744395135658666,14.440884415259532,True,0 vs Rest,0,Rest
Csn2,0.9664,0.03359999999999996,3.359051472940072,3.8468115e-05,0.0006728859,0.0,0.25,-3.399652,-3.7536554,2.1535199,-8.819059,4.4194565,0.2329680800381135,11.301856992437633,0.10957598856598387,0.6555470469991086,0.22011472401012105,8.154321925106341,True,0 vs Rest,0,Rest
Cd52,0.9664,0.03359999999999996,3.359051472940072,7.7910525e-05,0.0011502367,0.0,0.25,-3.3183484,-3.71942,2.1375604,-8.698513,4.6483297,0.43449261553120144,19.799176797165597,0.16484040019056703,0.7702689767396178,0.36814581674034536,14.459366311116183,True,0 vs Rest,0,Rest
Slc29a1,0.9662,0.03380000000000005,3.3529097641232113,0.00015267,4.058967e-05,0.0,0.25,2.2580972,2.41076,1.1831778,-2.6828947,6.4283857,1.2777513101476625,0.3500526466928399,0.584564078132425,0.19359624772661457,1.520932343399292,0.2822543340024967,True,0 vs Rest,0,Rest
Madd,0.9662,0.03380000000000005,3.3529097641232113,1.5605798e-05,6.816327e-05,0.0,0.25,-1.9352187,-2.0030718,1.0311114,-4.8182783,1.851366,0.12767984754645076,0.7293481382214847,0.11195807527394004,0.4252895568106241,0.15764045850744302,0.6492389442631114,True,0 vs Rest,0,Rest
Dram1,0.9662,0.03380000000000005,3.3529097641232113,0.00014959088,4.7685706e-05,0.0,0.25,1.7685508,1.813868,0.9297189,-1.7801218,5.304391,1.1872320152453304,0.3350244089212316,0.5836112434492425,0.1997224083468873,1.4345762556987562,0.29203670706555274,True,0 vs Rest,0,Rest
Krt5,0.966,0.03400000000000003,3.3468030258307184,0.0017964813,0.0003743182,0.0,0.25,3.8459473,4.2232785,2.309159,-2.6861124,10.024438,15.949499761791316,4.094955489614355,0.9785612196283527,0.3876232411218942,18.84811494103686,3.5937711066596187,True,0 vs Rest,0,Rest
Col6a2,0.966,0.03400000000000003,3.3468030258307184,0.00021599722,5.3775497e-05,0.0,0.25,2.6050131,2.6813984,1.9267552,-5.6561966,8.441365,1.5092901381609949,0.2068536421939299,0.6060028585040292,0.09423758016655757,2.0210496382441447,0.292452808679432,True,0 vs Rest,0,Rest
Ube2d1,0.966,0.03400000000000003,3.3468030258307184,5.9311642e-05,2.2612052e-05,0.0,0.25,1.4916266,1.5567808,0.64637387,-0.80944157,4.539754,0.4697474988089485,0.24078682875466018,0.3454025726536393,0.1881401359241842,0.5815536038522195,0.18991171921377206,True,0 vs Rest,0,Rest
Slc27a3,0.9658,0.03420000000000001,3.3407308473273742,0.00011108972,2.6234191e-05,0.0,0.25,2.6284726,2.6035638,1.6155956,-3.0957031,8.44609,0.8932825154835471,0.10945726045754961,0.48975702715577485,0.07140805973006592,1.1919150906364053,0.12712839315626528,True,0 vs Rest,0,Rest
Large2,0.9658,0.03420000000000001,3.3407308473273742,2.5932806e-05,9.898408e-06,0.0,0.25,1.6826996,1.7890587,1.0205733,-2.1838531,5.437608,0.19533111005240603,0.08882932899397088,0.1643639828489758,0.0776299416100322,0.25248627253757194,0.0881396169165974,True,0 vs Rest,0,Rest
Ifitm2,0.9658,0.03420000000000001,3.3407308473273742,0.001147127,0.0003195976,0.0,0.25,2.1681614,2.230801,1.166072,-2.303402,6.126793,8.767031919961846,3.9478797740978213,0.9890424011433593,0.7409782712739559,11.305849204632493,3.051958169442484,True,0 vs Rest,0,Rest
Id3,0.9656,0.034399999999999986,3.3346928250625925,0.000662074,0.0001608981,0.0,0.25,2.2344148,2.233405,1.3129714,-2.2342062,6.644209,6.010004764173432,1.819900449890011,0.8265840876607579,0.44122714654931156,7.775429773666317,1.5107595801882883,True,0 vs Rest,0,Rest
Lpp,0.9652,0.03480000000000005,3.322717669974713,0.0002704503,9.4072195e-05,0.0,0.25,1.8605853,1.9630184,1.182,-2.759179,5.7693443,2.0747975226297792,0.8597204939216694,0.7522629823725296,0.4247152292524732,2.4520865810726944,0.8042425803573942,True,0 vs Rest,0,Rest
Lix1l,0.9652,0.03480000000000005,3.322717669974713,4.3541317e-05,1.3314694e-05,0.0,0.25,1.9842306,1.9019299,1.1572328,-1.4341946,5.9819317,0.33015721772272233,0.08681918254044324,0.2610767031919957,0.06800995501100741,0.42700667178444496,0.0684198990982419,True,0 vs Rest,0,Rest
Skint4,0.965,0.03500000000000003,3.316779764498021,4.08395e-05,0.00019217077,0.0,0.25,-2.0541134,-2.1930466,1.3312149,-5.9059343,4.289812,0.23773225345402588,2.605484828180437,0.14864221057646507,0.6429118407198035,0.23607770736588354,1.9814944006356507,True,0 vs Rest,0,Rest
Il7,0.965,0.03500000000000003,3.316779764498021,0.00033072857,8.7506014e-05,0.0,0.25,2.2919312,2.4576154,1.116083,-1.933713,5.3856754,2.5111958075273892,0.8816885230209442,0.7522629823725296,0.3800134009763948,3.1361270041096523,0.7289352906825439,True,0 vs Rest,0,Rest
Osmr,0.9648,0.03520000000000001,3.310874469642843,0.00016571309,5.505575e-05,0.0,0.25,2.1930585,2.374154,1.4873483,-4.660673,7.0909357,1.268699380657427,0.4081554513257587,0.5964745116722051,0.23748444529528706,1.6418137287160042,0.4633235872970155,True,0 vs Rest,0,Rest
Dipk1a,0.9646,0.03539999999999999,3.305001415376299,0.00014302913,3.783692e-05,0.0,0.25,2.1460996,2.1583967,1.2818276,-2.8697329,6.4903164,1.010957598856579,0.32511725854312956,0.5335874225821658,0.19364410835646045,1.3119953004678362,0.2656745228325892,True,0 vs Rest,0,Rest
Gm8113,0.9644,0.035599999999999965,3.2991602379193363,0.00046205026,0.00015670822,0.0,0.25,2.218792,2.3136368,1.7930495,-6.6997604,9.144626,3.618389709385448,1.2455250311094417,0.5826584087660601,0.34129415143105496,5.145132433197389,1.6045611500827996,True,0 vs Rest,0,Rest
Smpdl3a,0.9642,0.035800000000000054,3.293350579606588,5.167453e-05,0.00019963153,0.0,0.25,-1.7644423,-1.896462,1.0121778,-4.9690332,2.255722,0.37827536922343596,2.5453718770939973,0.2677465459742726,0.6848856130946164,0.45557592007055464,1.8906823498660497,True,0 vs Rest,0,Rest
Nxn,0.964,0.03600000000000003,3.2875720887501396,0.00023746472,7.70003e-05,0.0,0.25,1.9740742,2.0062766,1.0903907,-1.7373657,5.832652,1.8046688899475491,0.8293289939695377,0.7427346355407055,0.37982195845701117,2.1674688874493717,0.6404865484344683,True,0 vs Rest,0,Rest
Dusp23,0.964,0.03600000000000003,3.2875720887501396,7.094746e-05,3.0090454e-05,0.0,0.25,1.3182522,1.380539,0.61681175,-1.4047937,3.813838,0.5483563601715011,0.3520627931463744,0.37208194378274684,0.27223126256340924,0.6673796408349845,0.29522582658581714,True,0 vs Rest,0,Rest
Adipor2,0.9638,0.03620000000000001,3.2818244195070476,2.3985951e-05,0.0001161291,0.0,0.25,-1.9838647,-1.9716878,1.0803188,-6.2184544,1.3334255,0.18151500714626023,1.4070546568393432,0.15912339209147222,0.5267540920839187,0.22166347550076768,1.096733510124021,True,0 vs Rest,0,Rest
Itgb8,0.9638,0.03620000000000001,3.2818244195070476,2.6436486e-05,0.00014238094,0.0,0.25,-2.152775,-2.231656,1.426114,-6.6747484,3.3276834,0.181038589804669,1.6276442997990748,0.1381610290614579,0.5086149133723404,0.19060865559761384,1.3520981736315312,True,0 vs Rest,0,Rest
Fabp4,0.9636,0.03639999999999999,3.276107231750535,9.210373e-05,0.0012561365,0.0,0.25,-3.1428528,-3.339654,1.9861543,-8.853917,4.1170607,0.5450214387803649,30.64908586196798,0.24011434016198205,0.6848856130946164,0.5525825613179424,21.41338186701504,True,0 vs Rest,0,Rest
Atp6v1b2,0.9636,0.03639999999999999,3.276107231750535,3.052739e-05,0.00011648914,0.0,0.25,-1.7717823,-1.8020687,0.87292504,-5.222351,1.3412819,0.25202477370176285,1.4630515937590707,0.19294902334444985,0.6104144730544694,0.29854788684270817,1.1702946431353944,True,0 vs Rest,0,Rest
Map3k20,0.9634,0.036599999999999966,3.270420190944699,0.00015653482,5.7809997e-05,0.0,0.25,1.9693849,2.125605,1.3261858,-2.8014421,6.0257397,1.2258218199142152,0.5205800708337582,0.6160076226774446,0.304728630228781,1.5047549922490897,0.5188066280381034,True,0 vs Rest,0,Rest
Selenom,0.9634,0.036599999999999966,3.270420190944699,2.1843076e-05,0.00024155952,0.0,0.25,-2.753681,-2.804965,1.82373,-7.7176657,3.7026224,0.14721295855169136,3.067052742414159,0.10100047641734165,0.4747774480712933,0.1721711109339034,2.5321754631700037,True,0 vs Rest,0,Rest
Phf11d,0.9632,0.036800000000000055,3.264762968022636,0.00018227298,4.0682004e-05,0.0,0.25,2.6613986,2.7704134,1.6321601,-3.9261875,7.6738358,1.2610767031919698,0.30850961998660337,0.5764649833253744,0.17277687374365652,1.603523108342073,0.287141854831667,True,0 vs Rest,0,Rest
Il6st,0.9632,0.036800000000000055,3.264762968022636,0.00018886647,5.8216818e-05,0.0,0.25,2.3596048,2.515235,1.5377213,-3.1228294,8.075846,1.3072891853263133,0.46673686225713107,0.6436398284897346,0.2709868861874156,1.7328720464297065,0.49055938957784495,True,0 vs Rest,0,Rest
Rap1gap,0.963,0.03700000000000003,3.2591352392678825,2.9923687e-05,0.00012939921,0.0,0.25,-1.9976403,-2.106512,1.1836634,-5.256157,2.9077415,0.18437351119580764,1.6495644682684798,0.12291567413053843,0.5589642959701776,0.17377646420342555,1.2000444788456561,True,0 vs Rest,0,Rest
Mtss2,0.9626,0.03739999999999999,3.2479669954574106,9.070444e-05,3.118402e-05,0.0,0.25,2.0092447,2.130525,1.3376958,-2.9323206,5.8769894,0.6855645545497717,0.230448932707951,0.4197236779418675,0.1472192974059563,0.8401985914415561,0.21948769853272254,True,0 vs Rest,0,Rest
BC034090,0.9626,0.03739999999999999,3.2479669954574106,6.166121e-05,2.4277795e-05,0.0,0.25,1.9843278,1.9746218,1.5446417,-5.1291456,8.587904,0.4797522629823653,0.1256820139753068,0.3268222963315822,0.08945151718196813,0.5923176846703179,0.1535841169618404,True,0 vs Rest,0,Rest
Ero1b,0.9624,0.03759999999999997,3.2424258586979,3.6381392e-05,0.00020523691,0.0,0.25,-2.2345378,-2.2993698,1.3715963,-6.663183,3.7212305,0.18961410195331121,2.668277974538268,0.1476893758932826,0.680769598927873,0.208425775467576,2.127312919990204,True,0 vs Rest,0,Rest
Antxr1,0.9624,0.03759999999999997,3.2424258586979,7.2453186e-05,2.4442446e-05,0.0,0.25,2.098518,2.2274609,1.5568619,-4.1540785,7.2193327,0.5345402572653554,0.11060591557385105,0.3620771796093315,0.07427969752081959,0.7114797637508793,0.13670447503728742,True,0 vs Rest,0,Rest
Sntb2,0.9622,0.037799999999999945,3.236912972482433,0.0001353958,4.07878e-05,0.0,0.25,2.1962833,2.370058,1.3131733,-3.6229687,6.2134485,0.8975702715578648,0.32439934909544293,0.517865650309656,0.20919881305637164,1.1296191621266005,0.3208870075120586,True,0 vs Rest,0,Rest
Scn3b,0.9618,0.03820000000000001,3.225970761848134,4.615785e-05,1.3118708e-05,0.0,0.25,2.1135325,2.213101,1.6877714,-6.039631,7.8519154,0.3901858027632164,0.062218818799654595,0.24821343496903303,0.04599406528189836,0.4885487630436404,0.07395636634404328,True,0 vs Rest,0,Rest
Fkbp7,0.9618,0.03820000000000001,3.225970761848134,1.9232368e-05,6.5820595e-06,0.0,0.25,1.7917037,1.8004293,1.0789845,-2.411149,7.184703,0.1267270128632683,0.047382023547429236,0.10767031919961893,0.04077725662869662,0.14996148120995514,0.04056554710650518,True,0 vs Rest,0,Rest
Rgma,0.9618,0.03820000000000001,3.225970761848134,5.9782462e-05,1.6299287e-05,0.0,0.25,2.7851272,2.9388895,1.8354822,-4.264718,9.195084,0.4292520247736956,0.08485689671676143,0.33492139113863273,0.06446826840241122,0.5979770669248708,0.11168418823505702,True,0 vs Rest,0,Rest
Msrb3,0.9618,0.03820000000000001,3.225970761848134,6.8447174e-05,1.8772665e-05,0.0,0.25,2.3019788,2.4228268,1.3015215,-2.190815,6.410102,0.46879466412576765,0.1097444242366254,0.32253454025726136,0.08093232506939892,0.555614825677278,0.10382893274223727,True,0 vs Rest,0,Rest
Zfp580,0.9616,0.03839999999999999,3.2205408541699643,1.568761e-05,4.316931e-06,0.0,0.25,2.203114,2.128336,1.3482988,-1.7705679,7.7637167,0.12291567413053843,0.03876711017516947,0.10814673654121017,0.034890399157652456,0.15993836849890347,0.03132241865888683,True,0 vs Rest,0,Rest
Plod2,0.9614,0.03859999999999997,3.2151380303232497,0.00010641435,4.0822644e-05,0.0,0.25,1.833602,1.8987632,1.324933,-3.781785,6.407426,0.846117198666015,0.17426055326888018,0.457837065269164,0.10055518330621564,1.0255387302914287,0.2119760415657994,True,0 vs Rest,0,Rest
Nenf,0.9612,0.038799999999999946,3.209762009904824,0.00031775344,0.000118617594,0.0,0.25,1.6265063,1.6035972,0.9582498,-2.3770542,6.2490826,2.5045259647450924,1.5367091030918612,0.8599333015721423,0.5809801856992699,3.1616690928375366,1.1409839581398902,True,0 vs Rest,0,Rest
Col4a1,0.961,0.039000000000000035,3.204412516836249,0.0003794431,0.00012829863,0.0,0.25,1.9272168,1.9511614,1.3518735,-3.3467903,6.302683,3.0304907098618687,1.1836890973485474,0.7951405431157382,0.43194218435920534,3.5380507796123633,1.0858388426403922,True,0 vs Rest,0,Rest
Slitrk4,0.961,0.039000000000000035,3.204412516836249,3.7790614e-05,9.979793e-06,0.0,0.25,2.9551256,3.0432253,2.245878,-5.1766033,11.365511,0.2324916626965223,0.026610510194314027,0.15721772272510728,0.01612903225806455,0.31435697759252124,0.04132321563658682,True,0 vs Rest,0,Rest
Igsf8,0.9608,0.03920000000000001,3.199089279275342,2.1748385e-05,0.000121051715,0.0,0.25,-2.1553733,-2.244131,1.2352692,-5.702203,2.0441933,0.13149118627918063,1.5534603235379385,0.10195331110052412,0.5199100220159617,0.14384461265854337,1.1774222613843228,True,0 vs Rest,0,Rest
Lad1,0.9608,0.03920000000000001,3.199089279275342,2.9429066e-05,0.00018740508,0.0,0.25,-2.3836024,-2.5904412,1.3574581,-5.584631,2.6357021,0.16388756550738456,2.743323442136606,0.12339209147212966,0.661577486359686,0.1684849398762487,1.9907273877510967,True,0 vs Rest,0,Rest
Hey1,0.9608,0.03920000000000001,3.199089279275342,4.671038e-05,1.4879153e-05,0.0,0.25,2.08006,2.1924806,1.1874609,-2.7457876,6.582035,0.35350166746069234,0.08404326600938122,0.24154359218675575,0.0554226093615382,0.4152879810170698,0.0731694409093913,True,0 vs Rest,0,Rest
Gem,0.9606,0.03939999999999999,3.1937920295299222,0.00066266296,0.00018113083,0.0,0.25,2.0298657,2.001336,1.3002386,-2.6934233,6.583164,5.808480228680332,2.1140997415526894,0.8737494044782873,0.5254618550780806,7.197460910687406,1.6658531945892379,True,0 vs Rest,0,Rest
Igfbp4,0.9606,0.03939999999999999,3.1937920295299222,0.00035668595,9.33357e-05,0.0,0.25,2.569008,2.739191,1.8085055,-4.2182236,8.045229,2.482134349690316,0.4616157748636097,0.7289185326345605,0.18139178711591503,3.4268043970439264,0.5877657971417566,True,0 vs Rest,0,Rest
Cpxm1,0.9604,0.03959999999999997,3.1885205039737716,8.3645486e-05,1.6713675e-05,0.0,0.25,2.9633927,2.9065356,2.2954726,-5.5919485,11.798772,0.8937589328251425,0.10424045180434743,0.3015721772272483,0.052072365272326074,0.9323431598926323,0.11213676354914752,True,0 vs Rest,0,Rest
Irgm1,0.9604,0.03959999999999997,3.1885205039737716,0.00025774376,7.261728e-05,0.0,0.25,2.071165,2.1518307,1.3539679,-3.4104204,5.8653984,1.8527870414482766,0.7033598162151837,0.672224868985207,0.31415717430842494,2.312556620845422,0.6386893402421634,True,0 vs Rest,0,Rest
Pabpc4l,0.9602,0.03979999999999995,3.1832744429646964,2.4529394e-05,6.756436e-06,0.0,0.25,2.2508345,2.2868223,1.5188092,-2.855237,8.270471,0.21343496903287293,0.050588685747103776,0.1672224868985232,0.04082511725854251,0.2561830465426673,0.04823849062967787,True,0 vs Rest,0,Rest
Cxcl14,0.96,0.040000000000000036,3.1780535907646423,0.00018257665,4.7561683e-05,0.0,0.25,2.6947916,2.4608455,2.0860994,-3.9728994,12.406863,1.1176750833730242,0.1402795060783004,0.3311100524059031,0.04111228103761783,1.5218896838539815,0.14452568347454656,True,0 vs Rest,0,Rest
Bst2,0.96,0.040000000000000036,3.1780535907646423,0.0008380168,0.00022235034,0.0,0.25,2.1409194,2.2017846,1.4256003,-3.310588,6.8210993,6.421629347308251,2.7900832774960422,0.912339209147175,0.5891164927730649,8.144385567307355,2.147865650583239,True,0 vs Rest,0,Rest
Trp63,0.9598,0.040200000000000014,3.172857695461819,0.0002761217,9.701353e-05,0.0,0.25,2.1200466,2.262909,1.5051521,-3.3615704,6.6971684,2.0976655550261607,0.8384703742701085,0.7675083373034483,0.3818799655403852,2.7325463979510203,0.8624185605755411,True,0 vs Rest,0,Rest
Dpp10,0.9598,0.040200000000000014,3.172857695461819,2.1348818e-05,9.4848234e-05,0.0,0.25,-1.9893692,-2.1339793,1.1916581,-5.654068,3.1147566,0.15388280133396864,1.109505121087401,0.12767984754645076,0.49353881497088936,0.175079689695322,0.8457927520772993,True,0 vs Rest,0,Rest
Smim30,0.9596,0.04039999999999999,3.167686508894722,7.906683e-05,3.0424013e-05,0.0,0.25,1.4617407,1.5084214,0.7274926,-1.2230377,3.911293,0.6450690805145176,0.38724035608310486,0.4359218675559685,0.27629941610031145,0.8120881351419651,0.2925193174604359,True,0 vs Rest,0,Rest
Slfn8,0.9596,0.04039999999999999,3.167686508894722,6.417222e-05,2.3495875e-05,0.0,0.25,2.0798516,2.2275758,1.7912067,-6.3392334,7.247759,0.49595045259646703,0.15779649660189568,0.31348261076702844,0.11185029194984673,0.624436618632307,0.19895957417032994,True,0 vs Rest,0,Rest
Plagl1,0.9594,0.04059999999999997,3.16253978657807,4.8478534e-05,0.00019744471,0.0,0.25,-1.8172094,-1.9559498,1.0933262,-5.0286484,2.6517868,0.25917103382563095,2.5062697425099247,0.17293949499761802,0.6194122714654897,0.2959713653339449,1.9648658084325088,True,0 vs Rest,0,Rest
Gbp3,0.9592,0.04079999999999995,3.157417287630535,0.00012949047,4.4327848e-05,0.0,0.25,1.8958722,1.935853,1.3136944,-3.658226,6.709998,0.9070986183896903,0.2795539389298368,0.49690328727964295,0.15837082416004647,1.138384147014853,0.2805468433797371,True,0 vs Rest,0,Rest
Laptm5,0.959,0.041000000000000036,3.152318774704249,0.00010570294,0.00048182192,0.0,0.25,-1.9828013,-2.0802665,1.1752168,-5.990492,3.147934,0.34683182467841644,6.409447688331788,0.1381610290614579,0.7849143294724488,0.3122692152477303,4.8814587741185935,True,0 vs Rest,0,Rest
Cavin3,0.9588,0.041200000000000014,3.1472440139160347,0.00027440765,7.5401316e-05,0.0,0.25,2.0828545,2.0512433,1.3471256,-2.5517902,7.003708,2.1386374464030133,0.541399444816705,0.7351119580752462,0.2105389106920563,2.7959434400790038,0.42822273509732584,True,0 vs Rest,0,Rest
Ubd,0.9588,0.041200000000000014,3.1472440139160347,0.00049710623,0.0024143283,0.0,0.25,-1.8911182,-2.2116647,1.9264461,-6.800592,6.560281,4.917103382563167,46.619603713985065,0.7174845164363716,0.8995883985831121,4.8591500273898935,34.850356934117116,True,0 vs Rest,0,Rest
Cdh3,0.9586,0.04139999999999999,3.1421927747802774,8.482493e-05,2.8654313e-05,0.0,0.25,1.8456581,1.9088922,1.1930169,-2.9543219,5.8925295,0.5778942353501565,0.193787690246002,0.39447355883753354,0.14406049583612818,0.7731259204704983,0.19950494628970658,True,0 vs Rest,0,Rest
Cdk4,0.9584,0.04159999999999997,3.1371648301434383,0.00019009288,7.530471e-05,0.0,0.25,1.720901,1.8690948,1.1188848,-2.450924,6.250703,1.7232015245354517,1.1520053603905478,0.7084325869461386,0.43380874892319576,1.9819004434934064,0.7334639392733183,True,0 vs Rest,0,Rest
Acsl5,0.9584,0.04159999999999997,3.1371648301434383,2.2535842e-05,7.22609e-05,0.0,0.25,-1.6451033,-1.7051492,0.8362052,-4.166847,1.6975975,0.20581229156741318,0.9135158418684455,0.1700809909480706,0.4385948119077866,0.23030999293471932,0.6663177051838803,True,0 vs Rest,0,Rest
Csrp1,0.9582,0.04179999999999995,3.132159956120126,0.00048031993,0.00017582104,0.0,0.25,1.5845523,1.6110911,0.87057847,-1.9978714,4.6700897,4.039066222010483,2.084426151048257,0.8904240114339795,0.6497080501579146,4.900378731704046,1.7502115604936368,True,0 vs Rest,0,Rest
Ch25h,0.9582,0.04179999999999995,3.132159956120126,0.00011908512,2.9783116e-05,0.0,0.25,2.5400743,2.553947,1.810068,-3.3255749,9.538928,0.9818961410195196,0.09902364315114451,0.414006669842773,0.04489327079544295,1.2365948960800899,0.11406900622647051,True,0 vs Rest,0,Rest
Nradd,0.9578,0.042200000000000015,3.122218540340339,6.632176e-05,2.094209e-05,0.0,0.25,1.9410733,1.9778032,1.1325681,-3.41117,6.4547625,0.5135778942353421,0.17062314540059345,0.37208194378274684,0.12376758878147445,0.6720518777772626,0.14697512175901584,True,0 vs Rest,0,Rest
Ifi202b,0.9578,0.042200000000000015,3.122218540340339,0.00033460342,9.51616e-05,0.0,0.25,2.536646,2.612083,1.918468,-4.9702253,8.55578,2.7970462124821327,0.6963243036278347,0.7031919961886354,0.19536709103091215,3.2697976384264233,0.7466088839394883,True,0 vs Rest,0,Rest
Sult5a1,0.9576,0.04239999999999999,3.1172815665995963,0.00012589025,3.5525638e-05,0.0,0.25,2.0942106,2.1524153,1.5803543,-3.5536547,6.8404875,0.8894711767508189,0.20503493825978472,0.4478323010957487,0.11543983918828882,1.2066862811188421,0.22027512985491446,True,0 vs Rest,0,Rest
Mxd1,0.9572,0.04279999999999995,3.1074740302487736,5.265372e-05,0.000277043,0.0,0.25,-2.063566,-2.1453023,1.4793837,-7.2380123,4.1601543,0.40924249642686467,3.824255767205989,0.2606002858504045,0.7417919019813354,0.46265555664394986,3.1256911603537874,True,0 vs Rest,0,Rest
Rigi,0.957,0.04300000000000004,3.1026030536505993,0.00015033745,5.7542562e-05,0.0,0.25,1.7909349,1.8729029,1.264356,-3.1155968,6.290265,1.047165316817508,0.4142816119460343,0.57074797522628,0.24538144921985736,1.2955500418570118,0.41777237853392973,True,0 vs Rest,0,Rest
Tceal8,0.9568,0.043200000000000016,3.0977536669163523,0.00013675023,4.735581e-05,0.0,0.25,1.7372102,1.7715521,0.9457635,-1.8080282,5.100148,1.1553120533587151,0.4895185220637755,0.5993330157217523,0.2725662869723306,1.40903811442948,0.38288916268411544,True,0 vs Rest,0,Rest
Anxa2,0.9568,0.043200000000000016,3.0977536669163523,0.00096862926,0.00029183386,0.0,0.25,2.0003347,2.0694919,1.2050335,-2.9145813,5.6920195,8.16341114816578,2.9941131425290552,0.9547403525487924,0.5233559873648631,10.245894133218457,2.3502990214336186,True,0 vs Rest,0,Rest
Ntf5,0.9568,0.043200000000000016,3.0977536669163523,7.265529e-05,2.4209521e-05,0.0,0.25,1.678159,1.714416,1.0126405,-2.526291,5.5623503,0.551691281562639,0.20158897291088199,0.3854216293473006,0.14736287929549394,0.7551129911355113,0.180441793244449,True,0 vs Rest,0,Rest
C1ra,0.9568,0.043200000000000016,3.0977536669163523,3.921236e-05,1.1219591e-05,0.0,0.25,2.0573003,2.1378102,1.3549728,-4.223735,6.224145,0.2829919009051919,0.06264956446826744,0.21534063839923787,0.052455250311093174,0.37731275619466037,0.06099650598516938,True,0 vs Rest,0,Rest
Lpcat2,0.9566,0.043399999999999994,3.0929256701788073,8.825471e-05,2.7361744e-05,0.0,0.25,2.2725422,2.279069,1.536457,-3.4757328,7.7787695,0.564554549785602,0.1588494304585053,0.3911386374463951,0.10285249353881858,0.7317820565088343,0.1635048243327982,True,0 vs Rest,0,Rest
Ascl1,0.9566,0.043399999999999994,3.0929256701788073,0.00075193885,0.00024246745,0.0,0.25,2.1913953,2.319193,1.9091773,-4.455286,8.856435,6.8561219628394925,2.685842825691672,0.7984754645068767,0.3845601608117561,7.668138286973785,2.078970728443604,True,0 vs Rest,0,Rest
Nupr1,0.9566,0.043399999999999994,3.0929256701788073,5.6654982e-05,0.0003204537,0.0,0.25,-2.174491,-2.361115,2.1077998,-9.34001,4.9836254,0.43306336350642843,4.698478031971057,0.181038589804669,0.5036852684982176,0.5559342197811555,3.8071332301646508,True,0 vs Rest,0,Rest
Palld,0.9564,0.04359999999999997,3.088118866327286,0.00024120718,8.657277e-05,0.0,0.25,1.810073,1.8608761,1.1442673,-2.291131,5.871851,1.8465936160075835,0.7140327366708084,0.6798475464506663,0.3083181774672241,2.225171797836002,0.6782813265574132,True,0 vs Rest,0,Rest
Gramd4,0.9564,0.04359999999999997,3.088118866327286,1.634111e-05,7.431831e-05,0.0,0.25,-1.9545754,-2.0875173,1.3410794,-5.9110003,3.8534908,0.15435921867555988,0.9146644969847516,0.12434492615531213,0.46190293864274395,0.16038201791008172,0.7285878277802154,True,0 vs Rest,0,Rest
Atp6v0a1,0.9564,0.04359999999999997,3.088118866327286,4.6201476e-05,0.00017878054,0.0,0.25,-1.8624119,-1.944457,1.1270503,-5.49514,2.7973766,0.3515959980943272,2.6057719919595654,0.2382086707956171,0.7080022973101633,0.3720869405099076,1.9626747453830506,True,0 vs Rest,0,Rest
Dpp6,0.9562,0.04379999999999995,3.0833330609571905,9.482768e-05,3.203153e-05,0.0,0.25,2.1065788,2.2248812,1.6146183,-4.2712374,6.963601,0.7260600285850283,0.16258255958648382,0.38685088137207424,0.09462046520532473,0.9233480710676988,0.1816896314476641,True,0 vs Rest,0,Rest
Lrba,0.9562,0.04379999999999995,3.0833330609571905,2.1244467e-05,8.3880324e-05,0.0,0.25,-1.8521725,-1.8900061,1.1189458,-5.514695,3.140934,0.19009051929490245,1.0135445582463503,0.15007146260123877,0.5044988992055971,0.21354837205243357,0.8882094896685001,True,0 vs Rest,0,Rest
Smo,0.9562,0.04379999999999995,3.0833330609571905,5.664907e-05,2.2323455e-05,0.0,0.25,1.6473511,1.7172265,1.1023078,-2.6181946,5.9165688,0.44116245831347595,0.14205034938259942,0.3258694616483998,0.10730353211448676,0.5629714742082103,0.13395195348763486,True,0 vs Rest,0,Rest
Acox1,0.956,0.04400000000000004,3.078568062320689,2.7576465e-05,0.00014807278,0.0,0.25,-2.062932,-2.110736,1.278679,-6.435338,2.0125837,0.2129585516912817,1.8037235570021262,0.17246307765602678,0.6095051210873982,0.2501704716096575,1.4708379963013343,True,0 vs Rest,0,Rest
Srgn,0.956,0.04400000000000004,3.078568062320689,0.0004849581,0.00252525,0.0,0.25,-1.8772591,-2.2502575,1.8860828,-6.797126,4.465521,5.074797522629868,51.346367378194856,0.8451643639828149,0.9059060017227647,5.252673223304863,34.58032644940563,True,0 vs Rest,0,Rest
Sephs2,0.9558,0.04420000000000002,3.0738236812785265,3.1432115e-05,0.00022114467,0.0,0.25,-2.4166307,-2.5692358,1.254015,-5.1828594,1.828229,0.20724154359218688,2.923422992246671,0.15959980943306346,0.7027376280271195,0.24040399458191483,2.282349824416679,True,0 vs Rest,0,Rest
Ifi44,0.9558,0.04420000000000002,3.0738236812785265,0.0002532286,6.874395e-05,0.0,0.25,2.3561347,2.4311852,1.5613356,-3.2776756,7.043372,1.9337779895187799,0.44467311189816444,0.7027155788470442,0.1819182540442197,2.5241916322362674,0.43924122615603983,True,0 vs Rest,0,Rest
Rgs12,0.9556,0.044399999999999995,3.0690997312529054,9.5023104e-05,3.9634568e-05,0.0,0.25,1.4736053,1.5298796,0.94289535,-2.6059418,4.8327246,0.6908051453072745,0.31367856800996347,0.427822772748918,0.20910309179667988,0.8143562918263282,0.2895700240724062,True,0 vs Rest,0,Rest
Nfic,0.9556,0.044399999999999995,3.0690997312529054,0.00017441485,6.163982e-05,0.0,0.25,1.7613947,1.8670845,0.96385026,-1.9759979,4.3806,1.3215817055740497,0.6315688714463483,0.6312529776083632,0.36129989470664464,1.541097416381893,0.5443939457387765,True,0 vs Rest,0,Rest
Slc31a1,0.9552,0.04479999999999995,3.0597123904721504,1.5100704e-05,4.637346e-05,0.0,0.25,-1.482028,-1.5919375,0.8673368,-3.8605251,1.6861582,0.13434969032872804,0.6176892887910466,0.11958075273939979,0.3536421939312993,0.1559427491649234,0.4498983908736415,True,0 vs Rest,0,Rest
Eya4,0.955,0.04500000000000004,3.0550486389594163,0.00021243282,8.6024585e-05,0.0,0.25,1.606791,1.6862826,1.1093223,-2.9394655,5.667755,1.4868985231062029,0.770556140518788,0.6803239637922575,0.3983918828372236,1.8790771659064984,0.7334743136169196,True,0 vs Rest,0,Rest
Gfra2,0.955,0.04500000000000004,3.0550486389594163,6.996209e-05,2.3618459e-05,0.0,0.25,1.9227659,2.049213,1.3528489,-4.000969,6.7374353,0.5769414006669757,0.17526562649564414,0.3334921391138591,0.1052933856609592,0.6874859097813197,0.16096750959984749,True,0 vs Rest,0,Rest
Gmpr,0.9548,0.04520000000000002,3.0504045968609734,0.0001548048,5.2006722e-05,0.0,0.25,1.8389764,1.8719082,1.2489947,-3.766592,6.140995,1.1734159123391863,0.4988992055135651,0.5521676989042229,0.24715229252415494,1.5021681938440399,0.3939444093083396,True,0 vs Rest,0,Rest
Far1,0.9548,0.04520000000000002,3.0504045968609734,4.649332e-05,0.00013688393,0.0,0.25,-1.4547819,-1.4651146,0.8135889,-4.342828,1.6545095,0.4078132444020911,1.6260170383843202,0.2906145783706505,0.5867234612807722,0.4468957106620169,1.2285497792561482,True,0 vs Rest,0,Rest
Tnip1,0.9548,0.04520000000000002,3.0504045968609734,9.800887e-05,0.00030448657,0.0,0.25,-1.5208253,-1.6053953,1.0019727,-4.53714,3.2063313,0.7765602667936969,3.7921891452091323,0.427822772748918,0.8139178711590356,0.8686981388760922,2.946959557667704,True,0 vs Rest,0,Rest
Aire,0.9546,0.045399999999999996,3.0457800897357927,3.265297e-05,0.00041125712,0.0,0.25,-2.908728,-3.0890946,2.2211783,-8.670598,4.2427406,0.1838970938542164,6.087728534507697,0.11862791805621732,0.6032832392074373,0.17505185206381763,4.322701831111247,True,0 vs Rest,0,Rest
Fads2b,0.9546,0.045399999999999996,3.0457800897357927,2.3419167e-05,0.00019767466,0.0,0.25,-2.4011424,-2.2753696,1.7535154,-8.152238,3.1534786,0.13292043830395434,1.962716569350126,0.10147689375893289,0.34631951756487533,0.1557515224095301,1.6347834135126469,True,0 vs Rest,0,Rest
Rab11fip1,0.9544,0.045599999999999974,3.041174945442932,3.7161954e-05,0.00013611594,0.0,0.25,-1.7381592,-1.7938213,1.1079208,-5.995042,3.3831787,0.23439733206288724,1.749593184646422,0.18199142448785147,0.6434861682779537,0.25359692586584054,1.4361881306338444,True,0 vs Rest,0,Rest
Wwtr1,0.9544,0.045599999999999974,3.041174945442932,7.51963e-05,2.3712833e-05,0.0,0.25,2.0617998,2.1408052,1.216761,-2.2639885,5.704834,0.5669366364935572,0.17679716665071327,0.3911386374463951,0.1190772470565768,0.7201778787748062,0.15575863581888685,True,0 vs Rest,0,Rest
Ptk7,0.9542,0.04579999999999995,3.036588994101264,3.9943472e-05,1.4327495e-05,0.0,0.25,1.9221292,1.9657955,1.3016003,-2.3363562,7.118579,0.28156264888041815,0.09816215181391992,0.22772748928060996,0.08078874317986123,0.3724468451484705,0.09641814640783601,True,0 vs Rest,0,Rest
Rrad,0.9542,0.04579999999999995,3.036588994101264,0.0005194568,8.884472e-05,0.0,0.25,2.4978719,2.455041,1.9482311,-4.354906,9.497159,4.9704621248213545,0.9650138795826426,0.5831348261076513,0.2962572987460552,6.253379285674664,0.8470675622837585,True,0 vs Rest,0,Rest
Ifi44l,0.954,0.04600000000000004,3.03202206805009,3.1357507e-05,7.708218e-06,0.0,0.25,2.619469,2.774767,2.7717073,-6.7365932,10.1035,0.17103382563125308,0.023260266105101873,0.12053358742258226,0.015171819661146784,0.2331944437662916,0.02798110241297126,True,0 vs Rest,0,Rest
Plscr2,0.9538,0.04620000000000002,3.0274740018106154,6.762107e-05,1.9066802e-05,0.0,0.25,2.0972443,2.216825,1.5076545,-4.2516794,7.9683056,0.46927108146736,0.1408538336364527,0.2877560743211033,0.10280463290897268,0.6196207004263383,0.1332330887106162,True,0 vs Rest,0,Rest
Myo6,0.9538,0.04620000000000002,3.0274740018106154,3.0215999e-05,0.00012891734,0.0,0.25,-1.8416516,-1.8927245,1.2068864,-5.8176394,2.770214,0.22534540257265379,1.4132286780894792,0.1767508337303479,0.5429309849718169,0.2600155565838943,1.1901690583220368,True,0 vs Rest,0,Rest
Clcn3,0.9536,0.0464,3.0229446320482345,4.0431187e-05,0.00014806312,0.0,0.25,-1.7275485,-1.7956252,0.9884254,-4.6555767,2.1309128,0.2915674130538336,1.8444050923711444,0.22439256788947132,0.6759356753134419,0.3477180903387071,1.497064902015978,True,0 vs Rest,0,Rest
Ifi204,0.9534,0.046599999999999975,3.0184337975356508,0.0002000869,6.4856074e-05,0.0,0.25,1.872096,1.9643435,1.5375044,-4.6103563,6.1998262,1.460219151977106,0.5297214511343169,0.559313959028091,0.2701732554800352,1.8031622748945517,0.5221579455762498,True,0 vs Rest,0,Rest
Tgif2,0.9534,0.046599999999999975,3.0184337975356508,2.5078947e-05,9.447983e-06,0.0,0.25,1.7080119,1.7636929,1.0733265,-2.4054375,5.411957,0.1715102429728443,0.07332248492390155,0.14387803716055272,0.06241026131903778,0.21978840323548393,0.05990289960444317,True,0 vs Rest,0,Rest
Slco5a1,0.9532,0.04679999999999995,3.0139413391167738,1.889271e-05,0.00010595441,0.0,0.25,-2.1228192,-2.1310735,1.4328144,-7.2073965,3.157899,0.13577894235350174,1.4236622953958742,0.1086231538828014,0.4844452953001668,0.13614094081743983,1.102001085420935,True,0 vs Rest,0,Rest
Erf,0.953,0.04700000000000004,3.0094670996713875,4.362548e-05,1.6707649e-05,0.0,0.25,1.6430435,1.7165394,1.083762,-3.057063,5.996749,0.3501667460695537,0.12869723365559824,0.26298237255836054,0.10218244472097605,0.43078744941076197,0.12323946675103666,True,0 vs Rest,0,Rest
Fscn1,0.953,0.04700000000000004,3.0094670996713875,3.3583714e-05,0.00017974859,0.0,0.25,-2.0930576,-2.273425,1.5496584,-5.9505816,3.5816908,0.2620295378751784,2.595625538432182,0.1615054787994284,0.5839954053795586,0.2605925872757879,1.8678676391626072,True,0 vs Rest,0,Rest
Gstm1,0.953,0.04700000000000004,3.0094670996713875,2.2497632e-05,0.0001252155,0.0,0.25,-2.2385833,-2.4301744,1.733319,-6.829422,4.1948156,0.1629347308242021,1.7403560830861124,0.11529299666507868,0.33440222073324416,0.2215137376163848,1.3184263599266475,True,0 vs Rest,0,Rest
Tmsb10,0.9528,0.04720000000000002,3.005010924080578,0.0018411215,0.00056077744,0.0,0.25,2.2512634,2.3500795,1.3766199,-1.7045603,7.297924,16.693187232015237,8.500957212597159,0.9914244878513153,0.7627548578538189,19.434267494744127,5.818244113977447,True,0 vs Rest,0,Rest
Nfib,0.9528,0.04720000000000002,3.005010924080578,0.00019077134,8.4056905e-05,0.0,0.25,1.7689141,1.8414698,1.500241,-3.9655123,7.9049225,1.3415912339208829,0.5942854407964075,0.6274416388756335,0.2438020484349433,1.6179692272536936,0.5724474045175187,True,0 vs Rest,0,Rest
Casp12,0.9528,0.04720000000000002,3.005010924080578,6.999206e-05,2.0252e-05,0.0,0.25,2.3281114,2.486246,1.4334526,-3.085393,6.826023,0.4897570271557811,0.1174021250119681,0.3387327298713624,0.08748923135828646,0.6386804986012663,0.12988059141633376,True,0 vs Rest,0,Rest
Blnk,0.9526,0.0474,3.0005726591928727,5.017864e-05,0.00015313101,0.0,0.25,-1.5264561,-1.6455183,1.0476652,-4.3702536,3.4715128,0.31491186279180416,2.031013688140261,0.1867555979037638,0.6416196037139654,0.31069894948163956,1.5121922816750433,True,0 vs Rest,0,Rest
Hmgn1,0.9526,0.0474,3.0005726591928727,0.00072133617,0.00024769752,0.0,0.25,2.000651,2.1295824,1.2183477,-1.7787342,5.601364,6.140066698427839,3.504403177945934,0.9656979514053902,0.666794295012884,7.292615479460652,2.470393275975841,True,0 vs Rest,0,Rest
