peptide,Background,COPA,Fezf2KO,Fezf2WT,GFAP,NFKB2HET,NODAIREKO,NODAIREWT,NODWT,gene,gene_isoform,sequence,Background_min,COPA_min,Fezf2KO_min,Fezf2WT_min,GFAP_min,NFKB2HET_min,NODAIREKO_min,NODAIREWT_min,NODWT_min,Background_max,COPA_max,Fezf2KO_max,Fezf2WT_max,GFAP_max,NFKB2HET_max,NODAIREKO_max,NODAIREWT_max,NODWT_max,Background_median,COPA_median,Fezf2KO_median,Fezf2WT_median,GFAP_median,NFKB2HET_median,NODAIREKO_median,NODAIREWT_median,NODWT_median,Background_mean,COPA_mean,Fezf2KO_mean,Fezf2WT_mean,GFAP_mean,NFKB2HET_mean,NODAIREKO_mean,NODAIREWT_mean,NODWT_mean
XP_011240130.1_PREDICTED:_C2_domain-containing_protein_3_isoform_X1_[Mus_musculus]_seq38,0,3,3,0,0,0,0,0,0,C2cd3,C2cd3_isoform_X1,LAHTSPKEDGLSSPARNGAIRSQAARHEEHVQNIRRFHESLQHGEAVLTSDEKLTTAPSSSH,0.0,0.0,4.367456,0.0,0.0,0.0,0.0,0.0,0.0,0.0,3.5608861,12.777657,0.71634245,0.12190055,1.5051354,0.8655578,0.9388778,0.58433,0.0,0.0,10.980755,0.34975907,0.060950276,0.12903994,0.26456514,0.0,0.0,0.0,0.7114242,9.375289,0.35396516,0.060950276,0.35849503,0.3240861,0.24910437,0.124688916
NP_666358.2_retinitis_pigmentosa_1-like_1_protein_[Mus_musculus]_seq10,0,0,2,0,0,0,3,0,0,Rp1l1,Rp1l1_,QEGYPWGILKPGAQGLGSYDGGCQEAFDVGQKSQPSYDIWRNPLATPEGTGPTPRRRWGLAK,0.0,0.0,0.32887635,0.0,0.0,0.0,0.0,0.0,0.0,0.0,0.4459666,8.061461,0.0,0.14821433,0.0,5.3531184,0.536434,1.10835,0.0,0.0,5.7411847,0.0,0.07410716,0.0,1.2447534,0.0,0.0,0.0,0.06676138,4.7105074,0.0,0.07410716,0.0,1.459253,0.05471009,0.25385717
XP_011238436.1_PREDICTED:_1-phosphatidylinositol_4_5-bisphosphate_phosphodiesterase_eta-1_isoform_X7_[Mus_musculus]_seq1,0,1,2,0,0,1,0,0,0,Plch1,Plch1_isoform_X7,MKAKLEADTDENQGTLTFEEFCVFYKMMSLRRDLYLLLLSYSDKKDHLTVEELAQFLKVEQK,0.0,0.0,1.1994023,0.0,0.0,0.0,0.0,0.0,0.0,0.0,1.8887211,5.996611,0.20588271,0.60614175,1.6643896,1.1817054,0.19793776,0.33064175,0.0,0.0,5.634275,0.0,0.30307087,0.0,0.0,0.0,0.0,0.0,0.25082448,4.2767625,0.05147068,0.30307087,0.30636802,0.12069985,0.0329506,0.047234535
XP_006535812.1_PREDICTED:_membrane-associated_guanylate_kinase__WW_and_PDZ_domain-containing_protein_2_isoform_X7_[Mus_musculus]_seq5,0,5,3,0,0,2,4,3,1,Magi2,Magi2_isoform_X7,KKAKPPEECKENELPYGWEKIDDPIYGTYYVDHINRRTQFENPVLEAKRKLQQHNMPHTELG,0.0,0.0,3.0023327,0.0,0.041143592,0.0,0.0,0.0,0.0,0.7014019,8.11396,5.8969975,1.0484564,0.08218608,3.5978925,3.1353939,2.406402,2.688065,0.0,0.7364472,5.6131797,0.0,0.061664835,0.02411739,0.87019265,0.08080523,0.16419755,0.090301484,2.079581,4.8375034,0.2621141,0.061664835,0.7246264,1.1183317,0.6228377,0.7511725
XP_006510887.2_PREDICTED:_meiosis-specific_nuclear_structural_protein_1_isoform_X2_[Mus_musculus]_seq4,0,0,2,0,0,1,0,0,1,Mns1,Mns1_isoform_X2,AAYMNKERAAQIVEKDAMKYEQMEEAELRLRRQREMKQDFEDQMALKELILQAAKEEEETFK,0.0,0.0,0.0,0.0,0.0,0.0,0.0,0.0,0.0,0.0,0.28080007,4.139155,1.1096451,0.28261054,1.9051332,0.97779924,0.76651716,7.5648823,0.0,0.0,3.704697,0.2064477,0.14130527,0.0,0.0,0.0,0.0,0.0,0.023400007,2.6146173,0.38063514,0.14130527,0.34258416,0.14952628,0.13992734,1.1397893
XP_011239507.1_PREDICTED:_SWI/SNF-related_matrix-associated_actin-dependent_regulator_of_chromatin_subfamily_A_containing_DEAD/H_box_1_isoform_X2_[Mus_musculus]_seq14,0,5,2,0,0,0,0,0,0,Smarcad1,Smarcad1_isoform_X2,LYSGLFNRLKKSINNLEKNTEMCNVMMQLRKMANHPLLHRQYYTPEKLKEMSQLMLKEPTHC,0.0,0.0,0.79977185,0.0,0.0,0.0,0.0,0.0,0.0,0.0,9.559815,4.7870917,0.8532413,0.0,0.18557703,0.83406824,0.45770577,0.0,0.0,0.0,3.6250515,0.0,0.0,0.0,0.0,0.0,0.0,0.0,2.6060545,3.0706384,0.21331033,0.0,0.018557703,0.0952991,0.057387304,0.0
XP_006524379.1_PREDICTED:_caskin-1_isoform_X4_[Mus_musculus]_seq12,0,0,2,0,0,1,2,1,0,Caskin1,Caskin1_isoform_X4,YATVQRRVGRSHSVRAPAGTDKNVNRSQSFAVRPRKKGPPPPPPKRSSSAMASANLADEPAP,0.0,0.0,0.9456319,0.0,0.0,0.0,0.0,0.0,0.0,0.0,0.93720174,7.5974603,1.3375125,1.0579494,1.8383796,2.3930354,7.7074113,0.32501704,0.0,0.0,3.311533,0.64153063,0.5289747,0.0,0.0,0.0,0.21129064,0.0,0.121386625,3.951542,0.65514344,0.5289747,0.18383797,0.5313224,0.7645164,0.16360699
NP_001156603.1_ETS-related_transcription_factor_Elf-3_isoform_1_[Mus_musculus]_seq2,0,1,2,0,0,0,2,0,1,Elf3,Elf3_isoform_1,NNQQMTLEGPGPQTRSQRDRTDPLAVLHLAEKASWTSERPQFWSKTQVLEWISYQVEKNKYD,0.0,0.0,0.0,0.0,0.0,0.0,0.0,0.0,0.0,0.0,4.4930277,5.069289,0.110552445,0.2669508,1.0922527,6.2968144,0.68491125,3.9470103,0.0,0.0,3.1887734,0.0,0.1334754,0.0,0.0,0.0,0.0,0.0,0.46874523,2.7526875,0.027638111,0.1334754,0.10922527,1.1785774,0.076642685,0.59404296
XP_017170194.1_PREDICTED:_E3_ubiquitin-protein_ligase_SMURF2_isoform_X2_[Mus_musculus]_seq2,0,1,2,0,0,0,1,0,0,Smurf2,Smurf2_isoform_X2,PRDLSNINCEELGPLPPGWEIRNTATGRVYFVDHNNRTTQFTDPRLSANLHLVLNRQNQLKD,0.0,0.0,0.42419705,0.0,0.0,0.0,0.0,0.0,0.0,0.0,1.8453724,5.514921,0.5677971,0.8584169,0.46222454,3.6143582,1.3695905,1.1871128,0.0,0.11671996,3.1340027,0.0,0.42920846,0.0,0.0,0.0,0.0,0.0,0.33656442,3.0243738,0.14194928,0.42920846,0.107335076,0.3989795,0.32703373,0.18625411
XP_017171134.1_PREDICTED:_gap_junction_delta-2_protein_isoform_X1_[Mus_musculus]_seq1,0,1,2,0,0,0,0,0,0,Gjd2,Gjd2_isoform_X1,MGEWTILERLLEAAVQQHSTMIGRILLTVVVIFRILIVAIVGETVYDDEQTMFVCNTLQPGC,0.0,0.0,0.0,0.0,0.0,0.0,0.0,0.0,0.0,0.0,2.5091705,3.8423219,0.0,0.0,0.9765947,0.75714034,0.362581,0.71617997,0.0,0.0,3.1188884,0.0,0.0,0.0,0.0,0.0,0.0,0.0,0.30298737,2.3204033,0.0,0.0,0.156497,0.17423485,0.030215085,0.102311425
XP_006509892.1_PREDICTED:_baculoviral_IAP_repeat-containing_protein_3_isoform_X2_[Mus_musculus]_seq12,0,0,2,0,0,0,0,1,0,Birc3,Birc3_isoform_X2,IGLLDAEDEMREEQMEQAAEEEESDDLALIRKNKMVLFQHLTCVTPMLYCLLSARAITEQEC,0.0,0.0,0.0,0.0,0.0,0.0,0.0,0.0,0.0,0.0,0.0,7.4838796,0.0,0.0,0.0,0.0,3.0068297,0.0,0.0,0.0,2.8673074,0.0,0.0,0.0,0.0,0.0,0.0,0.0,0.0,3.4503956,0.0,0.0,0.0,0.0,0.25056913,0.0
NP_112149.2_jun_dimerization_protein_2_[Mus_musculus]_seq2,0,0,2,0,0,0,1,0,0,Jdp2,Jdp2_,GAMIAPLHFLEVKLGKRPQPVKSELDEEEERRKRRREKNKVAAARCRNKKKERTEFLQRESE,0.0,0.0,0.21320392,0.0,0.0,0.0,0.0,0.0,0.0,1.342094,1.5109625,3.0629838,0.30625004,0.0,0.969852,4.425377,1.1530079,1.1506099,0.0,0.0,2.820524,0.13171312,0.0,0.0,0.2226734,0.0,0.5157873,0.1342094,0.3215029,2.0322373,0.14241907,0.0,0.16022184,0.70945644,0.2510418,0.47337335
XP_006529970.1_PREDICTED:_centrosome-associated_protein_350_isoform_X7_[Mus_musculus]_seq2,0,0,2,0,0,0,0,0,0,Cep350,Cep350_isoform_X7,IENKLEVTPTSTAVIDSVMDTKKSASATRKISRKDGRCLDDSWASAPTSKFSKPRKEKSRSP,0.0,0.0,0.0,0.0,0.0,0.0,0.0,0.0,0.0,0.0,0.10497956,3.3590043,0.0,1.0122685,0.80490184,0.5104189,1.3398799,0.41900668,0.0,0.0,2.7591121,0.0,0.5061343,0.0,0.0,0.0,0.0,0.0,0.008748297,2.0393722,0.0,0.5061343,0.08049019,0.10926738,0.17328562,0.07581854
XP_006540843.1_PREDICTED:_tight_junction_protein_ZO-1_isoform_X3_[Mus_musculus]_seq28,0,0,2,0,0,0,1,1,0,Tjp1,Tjp1_isoform_X3,QFSRNYDHRLRFEDRIPTYEDQWSYYDDKQPYQPRPFENQHPRDLDSRQHPEEASERGYFQR,0.0,0.0,0.0,0.0,0.0,0.0,0.0,0.0,0.0,0.8199352,0.3973157,3.58417,0.7343921,0.0,0.89559156,2.2926233,4.072467,0.5100191,0.0,0.0,2.7054515,0.34620968,0.0,0.0,0.52338076,0.3237515,0.0,0.11959217,0.07303832,2.0965405,0.35670286,0.0,0.12404803,0.6190514,0.7409243,0.08277846
NP_766094.1_brother_of_CDO_precursor_[Mus_musculus]_seq11,0,0,2,0,0,0,0,0,0,Boc,Boc_,SRPDQMLREQPGLVKPPTSSVQPTSLKCPGEEQVAPAEAPIILSSPRTSKTDSYELVWRPRH,0.0,0.0,0.0,0.0,0.0,0.0,0.0,0.0,0.0,1.2074152,0.5293725,3.1833715,0.17538477,0.0,0.44724154,1.4242502,1.1672629,0.0,0.0,0.0,2.6987193,0.0,0.0,0.0,0.059865173,0.0,0.0,0.120741524,0.09979579,1.9606968,0.043846194,0.0,0.05802857,0.3297409,0.09727191,0.0
NP_001171178.1_ADP-ribosylation_factor_GTPase-activating_protein_1_isoform_c_[Mus_musculus]_seq8,0,0,3,0,0,0,0,0,0,Arfgap1,Arfgap1_isoform_c,SNIDQSFWETFGSAEPPKAKSPSSDSWTCADASTGRRSSDSWDVWGSGSASNNKNSNSDGWE,0.0,0.0,2.256625,0.0,0.4270427,0.0,0.0,0.0,0.0,0.48308054,1.3737029,5.257849,0.6253646,0.4991875,0.68599004,1.3771672,0.9956794,1.0786246,0.0,0.17840332,2.6823075,0.057598125,0.4631151,0.0,0.5044837,0.28017122,0.0,0.06687057,0.3175479,3.3989275,0.1851402,0.4631151,0.19668576,0.56105393,0.37322304,0.21603706
XP_017173424.1_PREDICTED:_coiled-coil_domain-containing_protein_68_isoform_X3_[Mus_musculus]_seq5,0,0,2,0,0,0,0,0,1,Ccdc68,Ccdc68_isoform_X3,SAESLNLLSEKLEEKHGQIVGLENRVQRMENEKKTLLEKKLRLESKLFQLKSNAANPKSSDC,0.0,0.0,0.0,0.0,0.0,0.0,0.0,0.0,0.0,0.3099408,0.7140433,3.4684207,0.50720435,0.474244,0.4719514,1.3482951,0.43010628,1.7091144,0.0,0.0,2.6441736,0.1912382,0.237122,0.0,0.42688158,0.0,0.0,0.030994078,0.14357169,2.0375316,0.22242019,0.237122,0.07285033,0.48033395,0.05295192,0.52651197
XP_006532054.1_PREDICTED:_serine/threonine-protein_kinase_LMTK1_isoform_X1_[Mus_musculus]_seq17,0,0,2,0,0,0,2,0,0,Aatk,Aatk_isoform_X1,ANNNSASRDPESWDPGYVSSFTDSYRDDCSSLEQTPRASPEVGHLLSQEDPRDFLPGLVAVS,0.0,0.0,0.0,0.0,0.0,0.0,0.0,0.0,0.0,0.0,1.2807053,2.9077635,0.0,0.0,0.57970077,3.741095,0.39900327,0.5287979,0.0,0.0,2.6341097,0.0,0.0,0.0,0.0,0.0,0.0,0.0,0.14401537,1.847291,0.0,0.0,0.09625428,0.62037355,0.049227577,0.12197357
XP_006503647.2_PREDICTED:_protein_piccolo_isoform_X3_[Mus_musculus]_seq77,0,0,2,0,0,0,1,1,1,Pclo,Pclo_isoform_X3,PSGTASPQTTTEQAILEGQYVATEGSQFWATEDATTTASTVVAIEIPQSQGWYTVQSDGVTQ,0.0,0.0,0.0,0.0,0.0,0.0,0.0,0.0,0.0,0.8302435,0.46470764,3.4049895,0.967935,0.25603417,1.4798235,2.8157442,1.6306243,3.3378582,0.0,0.0,2.5560486,0.2804346,0.12801708,0.2245012,0.4149766,0.5538616,0.16670081,0.13459718,0.038725637,1.9870127,0.38220108,0.12801708,0.4919238,0.7278741,0.5148009,0.75000125
XP_006516394.1_PREDICTED:_zinc_finger_CCCH_domain-containing_protein_14_isoform_X6_[Mus_musculus]_seq13,0,0,2,0,0,0,0,0,0,Zc3h14,Zc3h14_isoform_X6,PAPSSNGQLCRYFPACKKMECPFYHPKHCRFNTQCTRPDCTFYHPTITVPPRHALKWIRPQS,0.0,0.0,0.0,0.0,0.19536124,0.0,0.0,0.0,0.0,0.3099408,0.79260397,4.247991,0.06767331,0.2280132,0.9531626,0.4526687,0.46373403,1.2818518,0.0,0.0,2.4704974,0.0,0.21168722,0.0,0.0,0.0,0.0,0.030994078,0.096002124,2.2394962,0.016918328,0.21168722,0.12059561,0.11040613,0.038644504,0.26299712
NP_001156570.1_trichohyalin_[Mus_musculus]_seq15,0,1,2,0,0,0,0,0,0,Tchh,Tchh_,QQERQYQEEDLQRLRDEDQRRDLKWQWQPRKENEVRSNRLFTKRRGDEEPIQQLEDSQERER,0.0,0.0,0.0,0.0,0.0,0.0,0.0,0.0,0.0,0.87491775,7.8634005,5.445959,0.0,0.0,0.0,0.7692848,0.4645545,0.7413994,0.0,0.0,2.45889,0.0,0.0,0.0,0.0,0.0,0.0,0.08749177,0.811608,2.6349497,0.0,0.0,0.0,0.16005762,0.038712874,0.1059142
XP_006503054.1_PREDICTED:_nardilysin_isoform_X2_[Mus_musculus]_seq7,0,0,2,0,0,0,0,0,0,Nrd1,Nrd1_isoform_X2,GVVGAESRSAPVEHLAGWQVEEQQGETDTVLSAAALCVGVGSFADPDDLPGLAHFLEHMVFM,0.0,0.0,0.0,0.0,0.0,0.0,0.0,0.0,0.0,0.0,0.65942323,4.1581583,0.0,0.0,0.0,0.22963004,0.5920279,0.0,0.0,0.0,2.438776,0.0,0.0,0.0,0.0,0.0,0.0,0.0,0.054951936,2.1989782,0.0,0.0,0.0,0.019135837,0.04933566,0.0
NP_059071.1_osteoclast-stimulating_factor_1_[Mus_musculus]_seq2,0,0,2,0,0,0,2,1,0,Ostf1,Ostf1_,MSDTSWWKGTCKGRTGLIPSNYVAEQAESIDNPLHEAAKRGNLSWLRECLDNRVGVNGLDKA,0.0,0.0,0.0,0.0,0.33856964,0.0,0.0,0.0,0.0,0.0,1.0943297,2.7046514,0.69025403,1.0117173,0.7500953,3.7158608,2.8735952,0.47955,0.0,0.0,2.3432777,0.30701536,0.6751435,0.0,0.7294586,0.24144004,0.0,0.0,0.18472447,1.6826429,0.3260712,0.6751435,0.12082459,1.0021695,0.5052963,0.06850714
XP_006530418.1_PREDICTED:_probable_E3_ubiquitin-protein_ligase_HECTD4_isoform_X5_[Mus_musculus]_seq80,0,1,2,0,0,0,0,0,0,Hectd4,Hectd4_isoform_X5,SSSSPGQTPQSPSLLSKRKKVKMKREKASSSNKRQSSRASDADSTVLSIGGSKPEDMLWFHR,0.0,0.0,0.0,0.0,0.0,0.0,0.0,0.0,0.0,0.09725834,2.985749,2.4046333,1.4301897,0.0,1.3489102,0.10847947,0.76853496,0.0,0.0,0.0,2.300703,0.121678166,0.0,0.0,0.0,0.0,0.0,0.009725833,0.2658335,1.5684456,0.41838652,0.0,0.13489102,0.009039956,0.06404458,0.0
XP_006529739.1_PREDICTED:_GPI_ethanolamine_phosphate_transferase_1_isoform_X2_[Mus_musculus]_seq4,0,0,2,0,0,0,0,0,0,Pign,Pign_isoform_X2,SKYTWSWGSPDILPMFAKGASGDHVYTYSYDAQREDFGAHDATKLDTWVFDKVKDFFDAARN,0.0,0.0,0.0,0.0,0.0,0.0,0.0,0.0,0.0,0.0,0.0,6.615419,0.814034,0.405547,0.0,1.1713696,0.34637523,0.9990512,0.0,0.0,2.2974706,0.1272895,0.2027735,0.0,0.0,0.0,0.15144536,0.0,0.0,2.9709632,0.26715326,0.2027735,0.0,0.21332282,0.037522554,0.34883666
NP_036127.2_CASP8-associated_protein_2_[Mus_musculus]_seq36,0,0,2,0,0,0,0,0,0,Casp8ap2,Casp8ap2_,LPMHAVIMEKSNDHFIVKIRRATPSTSPGLKHGVVAEESLTSLPRTGKEAGVATEKEPNLFQ,0.0,0.0,0.49591967,0.0,0.0,0.0,0.0,0.0,0.0,0.0,0.0,3.9833598,0.3090884,0.0,0.30301702,0.8125199,0.21325183,0.3063617,0.0,0.0,2.2509856,0.0,0.0,0.0,0.0,0.0,0.0,0.0,0.0,2.2434218,0.0772721,0.0,0.030301701,0.09448709,0.026968608,0.04376596
XP_006512047.1_PREDICTED:_1-phosphatidylinositol_4_5-bisphosphate_phosphodiesterase_delta-1_isoform_X1_[Mus_musculus]_seq1,0,0,2,0,0,0,0,0,0,Plcd1,Plcd1_isoform_X1,MRSPESQLFSIEDIQEVRMGHRTEGLEKFARDIPEDRCFSIVFKDQRNTLDLIAPSPADVQH,0.0,0.0,0.0,0.0,0.0,0.0,0.0,0.0,0.0,0.0,1.1945239,2.3357747,0.0,0.2342988,0.53663695,0.31618318,0.23897421,0.22466193,0.0,0.0,2.2339277,0.0,0.1171494,0.0,0.0,0.0,0.0,0.0,0.17113192,1.523234,0.0,0.1171494,0.053663693,0.040562075,0.02857247,0.095000446
XP_006522027.1_PREDICTED:_cilia-_and_flagella-associated_protein_44_isoform_X3_[Mus_musculus]_seq12,0,0,2,0,0,1,1,0,0,Cfap44,Cfap44_isoform_X3,KDVDDQNVITFAIPNVFLRCFHFTSVKSKILRFLEVQRREQQKMLKEKEKLERRMKLAEERE,0.0,0.0,0.0,0.0,0.0,0.0,0.0,0.0,0.0,1.4041004,0.36792392,5.0531225,0.6071255,0.0,1.6851814,3.2310977,0.27380612,0.45181176,0.0,0.0,2.2194877,0.0,0.0,0.0,0.02913107,0.0,0.0,0.14041004,0.07017109,2.4242034,0.15178138,0.0,0.25597733,0.42671183,0.022817178,0.08274432
NP_001243044.1_SUN_domain-containing_protein_1_isoform_2_[Mus_musculus]_seq3,0,0,2,0,0,0,0,0,0,Sun1,Sun1_isoform_2,RETRTVKQRRSASKPAFSINHLSGKGLSSSTSHDSSCSLRSATVLRHPVLDESLIREQTKVD,0.0,0.0,0.0,0.0,0.12652001,0.0,0.0,0.0,0.0,0.72059226,1.5073656,6.608601,0.36312267,1.023262,1.2731004,1.2889575,1.2215638,0.86150753,0.0,0.0004073978,2.1973586,0.0,0.57489103,0.07093389,0.16385147,0.0,0.021955928,0.07205923,0.43307146,2.93532,0.09078067,0.57489103,0.28886992,0.32599032,0.30592918,0.27626103
XP_006523631.1_PREDICTED:_collagen_alpha-2(XI)_chain_isoform_X9_[Mus_musculus]_seq16,0,0,2,0,0,1,1,1,1,Col11a2,Col11a2_isoform_X9,GPSGPQGPLGYPGPRGVKGVDGIRGLKGHKGEKGEDGFPGFKGDIGVKGDRGEVGVPGSRGE,0.0,0.0,0.19365078,0.0,0.0,0.0,0.0,0.0,0.0,0.8539433,1.3164688,2.449491,0.45335618,0.26993752,8.7309885,2.3287861,5.9455347,4.068149,0.0,0.019259082,2.1655931,0.039725546,0.13496876,0.0,0.59567726,0.09082523,0.0,0.08539433,0.21124883,1.6029116,0.13320182,0.13496876,0.93921643,0.6346227,0.72921497,0.65256816
NP_612175.1_thymidine_phosphorylase_[Mus_musculus]_seq10,0,0,2,0,0,0,0,0,0,Tymp,Tymp_,HDLGAGRSRAGQPIRPGVGAEVLVDVGQCLSRGTPWLRVHLDGPALSSQQRRTLQGALVLSD,0.0,0.0,0.8942747,0.0,0.0,0.0,0.0,0.0,0.0,0.4619134,0.9046515,7.8852205,0.2592785,0.35938805,0.0,0.77315503,1.5829529,0.0,0.0,0.0,2.1615736,0.1441986,0.17969403,0.0,0.0,0.0,0.0,0.046191342,0.1293242,3.647023,0.13691893,0.17969403,0.0,0.13658248,0.15106466,0.0
XP_011244186.1_PREDICTED:_golgin_subfamily_B_member_1_isoform_X5_[Mus_musculus]_seq45,0,0,2,0,0,0,0,0,0,Golgb1,Golgb1_isoform_X5,LCRVTKLKETAEEEKDDLEERLMNQLAELNGSIGNYYQDVTDAQIKNEQLESEMRNLQRCVS,0.0,0.0,0.0,0.0,0.0,0.0,0.0,0.0,0.0,0.0,0.6715554,2.159936,0.4128954,0.28261054,0.54062504,0.5397949,1.3548065,0.4487519,0.0,0.0,2.1156046,0.0,0.14130527,0.0,0.0,0.0,0.0,0.0,0.05596295,1.4251801,0.10322385,0.14130527,0.0900165,0.07386026,0.18526892,0.06410741
XP_006512223.1_PREDICTED:_TPR_and_ankyrin_repeat-containing_protein_1_isoform_X1_[Mus_musculus]_seq68,0,0,2,0,0,0,1,1,0,Trank1,Trank1_isoform_X1,EKVDPIIEEGKVVVQGIEQSVWIRSHLGSKEQSHMLQRKVQEHIRRVSDLVEELYRRKAWAE,0.0,0.0,0.0,0.0,0.7102168,0.0,0.0,0.0,0.0,0.0,0.71018684,2.5662386,0.254579,0.7467886,0.54062504,2.978413,3.3270001,0.33064175,0.0,0.0,2.1156046,0.16280659,0.72850275,0.0,0.11481502,0.0,0.0,0.0,0.106403254,1.5606145,0.14504805,0.72850275,0.09234671,0.5582051,0.32634646,0.047234535
NP_038899.1_mitogen-activated_protein_kinase_12_[Mus_musculus]_seq8,0,0,2,0,0,1,0,0,0,Mapk12,Mapk12_,AAEALTHPYFESLRDTEDEPKAQKYDDSFDDVDRTLEEWKRVTYKEVLSFKPPRQLGARVPK,0.0,0.0,0.0,0.0,0.22590832,0.0,0.0,0.0,0.0,0.0,0.86313987,3.0906518,0.21506073,0.7217507,1.6768298,1.3528206,0.90776813,0.5287979,0.0,0.0,2.115299,0.10294136,0.4738295,0.0,0.097137816,0.0,0.0,0.0,0.21043761,1.7353169,0.10523586,0.4738295,0.2439795,0.3484398,0.13759522,0.07554256
XP_006505106.1_PREDICTED:_tissue_factor_pathway_inhibitor_2_isoform_X1_[Mus_musculus]_seq1,0,0,2,0,0,0,0,0,0,Tfpi2,Tfpi2_isoform_X1,MQIWDSRVLGLNLSSASNDSLSTWPGVQRTTAPPNTMDPAMPLQLWNLPLLLVGSVLGLTSV,0.0,0.0,0.0,0.0,0.0,0.0,0.0,0.0,0.0,0.30518895,0.5721374,7.4858646,0.87564033,0.0,0.8362853,0.37601766,0.48785818,0.80057853,0.0,0.0,2.07133,0.034172248,0.0,0.0,0.0,0.0,0.0,0.030518895,0.09350563,3.1857316,0.2359962,0.0,0.08362853,0.07903648,0.100174315,0.18537255
NP_033130.1_ribonucleoside-diphosphate_reductase_subunit_M2_[Mus_musculus]_seq5,0,0,2,0,0,0,0,0,0,Rrm2,Rrm2_,HSEMYSLLIDTYIKDPKEREYLFNAIETMPCVKKKADWALRWIGDKEATYGERVVAFAAVEG,0.0,0.0,0.0,0.0,0.0,0.0,0.0,0.0,0.0,0.7552073,0.5947362,3.6023679,0.14136112,0.0093418835,0.4409486,0.20869295,0.9906156,0.9295295,0.0,0.0,2.0690575,0.0,0.0046709417,0.0,0.0,0.0,0.0,0.14515047,0.04956135,1.8904752,0.03534028,0.0046709417,0.04409486,0.04461654,0.17911668,0.19679765
XP_006509606.1_PREDICTED:_neurocan_core_protein_isoform_X1_[Mus_musculus]_seq9,0,0,2,0,0,0,0,0,0,Ncan,Ncan_isoform_X1,EGPPGRELKPSLGEQEVIAPDFQEPLMSSGEGEPPDLTWTQAPEETLGSTPGGPTLASWPSS,0.0,0.0,0.6757386,0.0,0.0,0.0,0.0,0.0,0.0,0.0,0.8855099,2.9731774,0.6924834,0.42118472,1.5294603,0.9814385,0.87802666,0.4487519,0.0,0.1851965,2.0476758,0.0,0.21059236,0.0,0.26358154,0.0,0.15144536,0.0,0.30871207,1.8988639,0.17312086,0.21059236,0.25333276,0.33051547,0.15411282,0.17299692
XP_006533408.1_PREDICTED:_ATP_synthase_mitochondrial_F1_complex_assembly_factor_2_isoform_X4_[Mus_musculus]_seq2,0,0,2,0,0,0,0,1,0,Atpaf2,Atpaf2_isoform_X4,TLVELQKNEWDPVIEWAEKRYGMEIGSSTSIMGPSIPTQTREVLTSHLSSYNMWALQGIEFV,0.0,0.0,1.240395,0.0,0.0,0.0,0.0,0.0,0.0,1.4320363,0.0,5.0121756,0.40703806,0.31226754,1.2262862,0.12830417,4.6439557,0.71396035,0.0,0.0,2.0429912,0.20240375,0.15613377,0.0,0.0,0.0,0.1440492,0.19480018,0.0,2.7651873,0.20296139,0.15613377,0.122628614,0.012366898,0.49451458,0.24876127
NP_001008421.1_nucleolar_protein_10_[Mus_musculus]_seq7,0,1,2,0,0,0,0,0,0,Nol10,Nol10_,RSDKPLLVKDHQYGLPIKSVHFQDSLDLVLSADSRIVKMWNKDSGKIFTSLEPEHDLNDVCL,0.0,0.0,0.0,0.0,0.42068255,0.0,0.0,0.0,0.0,0.1294467,2.3439517,4.8626175,0.45317453,1.1521255,1.032821,1.5654529,0.7600521,0.84955055,0.0,0.37650335,2.0374663,0.09905299,0.786404,0.0,0.13774948,0.0,0.2733655,0.01294467,0.6502375,2.3000278,0.16282013,0.786404,0.10328211,0.36247063,0.16339092,0.30513495
NP_954696.1_testicular_haploid_expressed_gene_protein_isoform_2_[Mus_musculus]_seq6,0,0,2,0,0,0,0,1,0,Theg,Theg_isoform_2,NMSEVSQVSRAAQMAVPTPRTLRLAKPRPPATLLEEWDPMPKPKPYVSDYNRLLQLATPKAL,0.0,0.0,0.44450513,0.0,0.69784635,0.0,0.0,0.0,0.0,0.953796,1.1072595,3.7983804,0.95341426,1.1618843,0.5736759,1.554223,1.7119937,0.7115642,0.0,0.0,2.0329103,0.12097958,0.92986536,0.0,0.2847828,0.25472483,0.0,0.096530244,0.20977652,2.091932,0.29884335,0.92986536,0.09654752,0.4915861,0.559022,0.20450664
XP_006497649.1_PREDICTED:_rap_guanine_nucleotide_exchange_factor_1_isoform_X5_[Mus_musculus]_seq19,0,0,2,0,0,0,2,0,0,Rapgef1,Rapgef1_isoform_X5,SVSSASGKDSRENGERSPKSLDGLESAQSEEEVDELSLIDHNEIMARLTLKQEGDDGPDVRG,0.0,0.0,0.0,0.0,0.0,0.0,0.0,0.0,0.0,0.5255886,0.8636177,3.3145063,1.1676627,0.19748083,0.9627187,1.7871237,1.3027366,1.3643324,0.0,0.029623393,2.030475,0.34244776,0.098740414,0.0,0.89338225,0.0,0.4569537,0.05525741,0.20901984,1.7816604,0.46313956,0.098740414,0.18906632,0.88477284,0.24886799,0.5700077
XP_006527070.1_PREDICTED:_peroxisome_proliferator-activated_receptor_gamma_coactivator-related_protein_1_isoform_X1_[Mus_musculus]_seq9,0,0,2,0,0,0,0,0,0,Pprc1,Pprc1_isoform_X1,LEIVGQAATTGDDLEIPVVVRQIPSGSQSVLLDESLGSSPALQLLMPTMESETEAAVPEVAP,0.0,0.0,1.0419639,0.0,0.78071564,0.0,0.0,0.0,0.0,0.0,1.1016151,3.2508852,1.087646,0.8427831,0.10536585,1.2092367,0.81983584,0.6572015,0.0,0.090699665,2.0155551,0.0,0.81174934,0.0,0.41828832,0.0,0.21541272,0.0,0.2746123,2.1028016,0.2719115,0.81174934,0.010536585,0.46982774,0.13611747,0.24958934
XP_006521139.1_PREDICTED:_transcription_initiation_factor_TFIID_subunit_2_isoform_X2_[Mus_musculus]_seq19,0,0,2,0,0,1,1,0,1,Taf2,Taf2_isoform_X2,ILDLIKYNDNRKNKFSDNYYRAEMIDALANSVTPAVSVNNEVRTLDNLNPDVRLILEEITRF,0.0,0.0,0.5127068,0.0,0.28261054,0.0,0.0,0.0,0.0,0.0,0.84801954,3.2786841,0.9744837,0.67510015,1.9725112,1.6334361,0.8872253,2.6358466,0.0,0.0,2.0012333,0.10544482,0.47885534,0.0,0.18600087,0.0,0.20740284,0.0,0.14154373,1.9308748,0.29634333,0.47885534,0.3522693,0.3784131,0.17061023,0.521215
XP_006519551.1_PREDICTED:_synaptopodin_2-like_protein_isoform_X2_[Mus_musculus]_seq6,0,0,2,0,0,0,0,1,0,Synpo2l,Synpo2l_isoform_X2,VSPTPFFPDGGAPIPAPSIFNRSARPFTPGLQGQRSGTTSVIFRPLAPKKVNEGLGSTSPAP,0.0,0.0,0.0,0.0,0.090078816,0.0,0.0,0.0,0.0,0.25862843,1.4526083,3.026937,0.07971231,0.23512913,1.0265015,1.0255041,1.8612993,0.95040333,0.0,0.0,1.995484,0.0,0.16260397,0.0,0.21780024,0.0,0.0,0.025862843,0.24479635,1.6741403,0.019928077,0.16260397,0.11307503,0.2553313,0.21585459,0.20145682
NP_031909.2_desmoglein-2_preproprotein_[Mus_musculus]_seq16,0,0,2,0,0,0,1,0,0,Dsg2,Dsg2_,AKGFTPIPGTIEMLHPWNNEGAPPEDKVVPSLLVADHAESSAVRGGVGGAMLKEGMMKGSSS,0.0,0.0,0.0,0.0,0.12190055,0.0,0.0,0.0,0.0,0.0,1.3678024,4.9094357,0.3090884,1.0117173,0.54062504,3.5649261,0.8666722,0.59945613,0.0,0.0,1.9867033,0.0,0.56680894,0.0,0.0,0.0,0.0,0.0,0.18986167,2.298713,0.0772721,0.56680894,0.100252606,0.4460384,0.14653628,0.1816593
NP_758478.1_coiled-coil_and_C2_domain-containing_protein_2A_[Mus_musculus]_seq26,0,0,2,0,0,0,0,0,0,Cc2d2a,Cc2d2a_,SRTFSEKQTASPSTHSPLHNADYPLGQVLVRPFVEVSFQRTICHTTTAEGPNPSWNEELELP,0.0,0.0,0.0,0.0,0.0,0.0,0.0,0.0,0.0,0.0,1.3556769,3.4516487,0.0,0.0,0.12295845,0.6670728,0.23680165,0.0,0.0,0.0,1.9867033,0.0,0.0,0.0,0.0,0.0,0.0,0.0,0.13744247,1.8127841,0.0,0.0,0.012295845,0.118751466,0.019733472,0.0
XP_011242029.1_PREDICTED:_tensin-3_isoform_X2_[Mus_musculus]_seq15,0,0,2,0,0,0,0,1,0,Tns3,Tns3_isoform_X2,VDSLGTLSSSEGPQSTHLGPFTCLKSSQNSLLSDGFGNGVAEDHNGVLSPDLGLGVDTLYDR,0.0,0.0,0.42419705,0.0,0.28261054,0.0,0.0,0.0,0.0,0.0,1.462696,5.7461457,0.4709015,0.4358095,1.2456186,1.3785164,4.433787,1.0216862,0.0,0.0,1.9867033,0.1558267,0.35921,0.051968835,0.4563864,0.0,0.38870263,0.0,0.3271391,2.7190154,0.19563872,0.35921,0.26719844,0.59105957,0.45393834,0.4002343
XP_017169536.1_PREDICTED:_nesprin-1_isoform_X16_[Mus_musculus]_seq17,0,0,2,0,0,0,2,1,0,Syne1,Syne1_isoform_X16,ELFMEVKQYARADEMDRMKKEYIDVTTTLFGFATEAHRKLSEPLEVSFINVKLLIQDLEDLE,0.0,0.0,0.0,0.0,0.28261054,0.0,0.0,0.0,0.0,0.0,1.3678024,2.2339277,1.5496103,0.60614175,0.6759256,2.903565,3.0466528,0.9567443,0.0,0.101417705,1.9434541,0.21070698,0.44437614,0.0,0.059143264,0.0,0.0,0.0,0.41373786,1.3924607,0.49275607,0.44437614,0.23113751,0.5785571,0.4045521,0.15466848
XP_006525250.1_PREDICTED:_tenascin-X_isoform_X3_[Mus_musculus]_seq97,0,0,2,0,0,0,0,0,0,Tnxb,Tnxb_isoform_X3,FFRVDSAKENYRLHLEGYHGTAGDSMSYHSGSVFSARDRDPNNLLISCAVSYRGAWWYRNCH,0.0,0.0,0.118301734,0.0,0.42118472,0.0,0.0,0.0,0.0,0.0,0.8257949,2.3432777,0.29876125,0.61150575,0.5418735,0.6529023,0.7936263,1.098266,0.0,0.0,1.9263093,0.0,0.51634526,0.0,0.15823904,0.0,0.0,0.0,0.18281509,1.4626297,0.07469031,0.51634526,0.05418735,0.20173413,0.09128726,0.18652412
XP_006539137.1_PREDICTED:_msx2-interacting_protein_isoform_X5_[Mus_musculus]_seq63,0,1,2,0,0,0,0,0,0,Spen,Spen_isoform_X5,QATQPIPPAPPCQPSQLSQPAQPPSGKIPQVSQEAKGTQTGGVEQTRLPAIPTNRPSEPHAQ,0.0,0.0,0.0,0.0,0.2342988,0.0,0.0,0.0,0.0,0.0,1.6179886,2.4445956,0.443734,0.6238529,1.3978375,1.2788918,0.90655804,0.9972093,0.0,0.0,1.9176596,0.30403265,0.42907584,0.0,0.24769807,0.0,0.0,0.0,0.25477183,1.454085,0.26294982,0.42907584,0.4294804,0.37157416,0.11470618,0.28799278
XP_006506372.1_PREDICTED:_transmembrane_and_coiled-coil_domains_protein_1_isoform_X2_[Mus_musculus]_seq1,0,0,2,0,0,0,0,0,0,Tmcc1,Tmcc1_isoform_X2,MKRGTSLHSRRGKSEAPKGSPQINRKSGQEVAAVIQSGRPRSSSTTDAPTSSSVMEIACAAG,0.0,0.0,0.42419705,0.0,0.0,0.0,0.0,0.0,0.0,0.0,1.5628749,4.818903,1.1046314,0.12190055,1.0431621,0.96649504,1.1468685,0.6457523,0.0,0.32877064,1.9176596,0.0,0.060950276,0.09820456,0.40393803,0.0,0.0,0.0,0.4584514,2.38692,0.27615786,0.060950276,0.29874796,0.4103986,0.18714018,0.20281145
XP_017168898.1_PREDICTED:_centrosomal_protein_of_63_kDa_isoform_X8_[Mus_musculus]_seq9,0,0,2,0,0,0,3,0,2,Cep63,Cep63_isoform_X8,ILEAKMQEKLQTTLKAVGTQQSVERPLEDCQKERKYSSPGQGVLDNVLSQLDFSHSSEELLQ,0.0,0.0,1.0584894,0.39329514,0.59299237,0.0,0.0,0.0,0.0,0.16535924,1.1614859,2.640757,1.1917928,0.77210116,1.4640682,2.9177217,1.4175597,9.318355,0.0,0.33847636,1.9136707,1.0748149,0.68254673,0.48410326,1.0840747,0.5830286,0.8336,0.016535925,0.39214316,1.8709723,0.93367946,0.68254673,0.50823,1.0942338,0.62097526,1.8837073
NP_659097.2_epiplakin_[Mus_musculus]_seq32,0,2,2,0,0,0,0,1,0,Eppk1,Eppk1_,GYSDPFSGGSLSLWQAMEKGLVTQSEAFPLLQVQLATGGVVDPVHGVHLPQEVAYKLGLLDE,0.0,0.0,0.95515954,0.0,0.14821433,0.0,0.0,0.0,0.0,0.0,14.07281,3.2508852,1.4288402,1.0412493,1.4151509,0.26516706,3.29623,0.0,0.0,0.0,1.9105414,0.050168592,0.5947318,0.0,0.0,0.0,0.0,0.0,2.1385384,2.038862,0.38229433,0.5947318,0.16251087,0.022097254,0.38835922,0.0
NP_034627.3_isocitrate_dehydrogenase_[NADP]_cytoplasmic_[Mus_musculus]_seq9,0,0,2,0,0,0,0,0,1,Idh1,Idh1_,KLDNNTELSFFAKALEDVCIETIEAGFMTKDLAACIKGLPNVQRSDYLNTFEFMDKLGENLK,0.0,0.0,0.2934398,0.0,0.006641279,0.0,0.0,0.0,0.0,1.1820471,0.0,2.6106484,0.66330194,0.04768376,0.13493247,0.63503367,0.83540666,1.627364,0.0,0.0,1.8963376,0.0,0.02716252,0.0,0.0,0.0,0.0,0.11820471,0.0,1.600142,0.16582549,0.02716252,0.013493247,0.103713274,0.11079035,0.26024854
XP_006537710.1_PREDICTED:_multiple_PDZ_domain_protein_isoform_X5_[Mus_musculus]_seq24,0,2,2,0,0,5,5,4,1,Mpdz,Mpdz_isoform_X5,AISRDGRIAVGDCILSINEESTISLTNAQARAMLRRHSLIGPDIKFSAAPADDRAPFYVITY,0.0,0.0,0.0,0.0,0.0,0.0,0.10683175,0.0,0.0,1.0124036,4.230994,2.5319405,0.78522724,0.8325785,4.758636,6.7701674,3.9327438,8.681605,0.0,0.21003217,1.893354,0.13898137,0.41628924,1.7164816,1.0321069,0.2820505,0.5742945,0.114503965,0.91897017,1.4750981,0.2657975,0.41628924,2.118379,2.3792403,1.1982926,1.612685
XP_011237104.1_PREDICTED:_serine/threonine-protein_kinase_MRCK_alpha_isoform_X9_[Mus_musculus]_seq12,0,1,2,0,0,1,0,0,0,Cdc42bpa,Cdc42bpa_isoform_X9,EREELNKELVQASERLKNQSKELKDAHCQRKLAMQEFMEINERLTELHTQKQKLARHVRDKE,0.0,0.0,0.25955248,0.0,0.0,0.0,0.0,0.0,0.0,0.0,1.765782,1.9867033,0.65824723,0.0,1.6628335,0.39293668,0.62548053,0.8532002,0.0,0.0,1.8806703,0.0,0.0,0.0,0.0,0.0,0.0,0.0,0.25444847,1.375642,0.16456181,0.0,0.18990888,0.06738629,0.086721964,0.16309895
NP_109647.2_pumilio_homolog_1_isoform_1_[Mus_musculus]_seq17,0,0,2,0,0,0,0,0,0,Pum1,Pum1_isoform_1,ALGGFGTAVANSNTGSGSRRDSLTGSSDLYKRTSSSLAPIGHSFYSSLSYSSSPGPVGMPLP,0.0,0.0,0.94364184,0.24306136,0.0,0.0,0.0,0.0,0.0,0.09971989,1.1119823,2.104087,0.89618605,1.0902508,1.3012284,0.9083363,1.2175053,0.8248118,0.0,0.2830343,1.8712391,0.67724115,0.5451254,0.04692411,0.37514257,0.34549582,0.0,0.009971989,0.3331893,1.6396561,0.6234324,0.5451254,0.28624701,0.44904742,0.33941364,0.18292478
XP_011243982.1_PREDICTED:_keratin_Kb40_isoform_X2_[Mus_musculus]_seq1,0,0,2,0,0,0,0,0,0,Krt78,Krt78_isoform_X2,MSVDVRRGDAGGWGLFTPGGSGTMLCTAVWLGWSTCRVVLIAKNDFLIASLQRLFQVVKTQE,0.0,0.0,0.0,0.0,0.0,0.0,0.0,0.0,0.0,0.0,0.0,1.9176596,0.0,0.0,0.0,0.0,0.0,0.82763344,0.0,0.0,1.8661928,0.0,0.0,0.0,0.0,0.0,0.0,0.0,0.0,1.2612842,0.0,0.0,0.0,0.0,0.0,0.118233345
XP_006532952.1_PREDICTED:_chromodomain-helicase-DNA-binding_protein_3_isoform_X12_[Mus_musculus]_seq36,0,0,2,0,0,0,0,0,0,Chd3,Chd3_isoform_X12,KRAEDVKADRELRLGPPRDEPRPNGRREEKVEKPRFMFNIADGGFTELHTLWQNEERAAISS,0.0,0.0,0.32926038,0.0,0.0,0.0,0.0,0.0,0.0,0.0,0.71751434,3.3590043,0.6439808,0.2342988,0.2580799,0.8307382,0.9388778,0.33064175,0.0,0.0,1.8472177,0.053305432,0.1171494,0.0,0.16804235,0.0,0.0,0.0,0.2167464,1.8451608,0.18764791,0.1171494,0.059055936,0.23247117,0.14694646,0.08177085
NP_035034.2_neurofilament_heavy_polypeptide_[Mus_musculus]_seq3,0,0,2,0,0,0,0,0,0,Nefh,Nefh_,VAAVAARSEKEQLQALNDRFAGYIDKVRQLEAHNRSLEGEAAALRQQQAGRAAMGELYEREV,0.0,0.0,0.0,0.0,0.0,0.0,0.0,0.0,0.0,0.0,0.63233185,2.025885,0.22603963,0.0,1.3273554,0.7026427,0.7371984,0.70566297,0.0,0.0,1.8451449,0.0,0.0,0.0,0.059143264,0.0,0.116666,0.0,0.05269432,1.2903433,0.05650991,0.0,0.18017145,0.17817967,0.13781132,0.15399982
XP_006522752.1_PREDICTED:_sentrin-specific_protease_2_isoform_X2_[Mus_musculus]_seq12,0,0,2,0,0,0,0,0,0,Senp2,Senp2_isoform_X2,KTKRNTDLNLLEWTHYSMKPHEIPQQLNGSDCGMFTCKYADYISRDKPITFTQHQMPLFRKK,0.0,0.0,0.0,0.0,0.0,0.0,0.0,0.0,0.0,0.49873382,0.77623373,6.0478745,0.1534025,0.0,0.9585564,0.83204216,0.12396145,0.95392007,0.0,0.0,1.8427752,0.021883879,0.0,0.0,0.0,0.0,0.0,0.04987338,0.09917166,2.6302166,0.049292564,0.0,0.15695678,0.13592698,0.010330121,0.1362743
XP_011240509.1_PREDICTED:_sorbin_and_SH3_domain-containing_protein_2_isoform_X19_[Mus_musculus]_seq10,0,0,2,0,0,0,1,0,0,Sorbs2,Sorbs2_isoform_X19,HSSGVSNEVSIYQSSIDRSLERPSSSASMAGDFRKRRKSEPAVGPLRGLGDQSSSRTSPGRA,0.0,0.0,0.25050285,0.0,0.20385294,0.0,0.0,0.0,0.0,0.5637878,1.4371717,1.88605,0.4302546,0.6680311,1.5160766,2.7613509,1.1881943,0.7780138,0.0,0.0,1.8389021,0.27726364,0.43594202,0.08966117,0.7629479,0.036567397,0.0,0.05637878,0.30018982,1.3251516,0.24619548,0.43594202,0.34397036,0.74842423,0.29644543,0.13007814
XP_017175054.1_PREDICTED:_centromere-associated_protein_E_isoform_X1_[Mus_musculus]_seq32,0,0,2,0,0,0,0,1,0,Cenpe,Cenpe_isoform_X1,ISCLTREREDLRRTQETLQVECTQLKEDARRTLANHLETEEELNLARCCLKEQENKIDTLIT,0.0,0.0,0.0,0.0,0.0,0.0,0.0,0.0,0.0,0.0,0.12484624,2.5851007,0.38602048,0.0,0.84855014,0.676371,3.360956,0.39555308,0.0,0.0,1.832018,0.0,0.0,0.0,0.0,0.0,0.0,0.0,0.010403854,1.4723729,0.09650512,0.0,0.08485501,0.097338654,0.37513915,0.08732782
XP_011248627.1_PREDICTED:_UBX_domain-containing_protein_11_isoform_X2_[Mus_musculus]_seq2,0,1,2,0,0,0,1,0,0,Ubxn11,Ubxn11_isoform_X2,MASMTRKLQELEQQLQAQNDEMLSKERKILDLEDLVQTLQQHQNNAALQRQEELETQCIQLQ,0.0,0.0,0.0,0.0,0.036941417,0.0,0.0,0.0,0.0,1.4318763,3.9622858,2.863856,1.3554668,0.19050592,1.421385,1.9762698,0.8637781,0.77343667,0.0,0.07236649,1.8139765,0.34902096,0.113723665,0.0,0.33548865,0.0,0.0,0.14318763,0.42684874,1.5592775,0.5133772,0.113723665,0.24902777,0.51114506,0.16892707,0.110490955
XP_006497961.1_PREDICTED:_calmodulin-regulated_spectrin-associated_protein_1_isoform_X3_[Mus_musculus]_seq34,0,0,2,0,0,0,0,0,0,Camsap1,Camsap1_isoform_X3,GTPSHRVESLEALPILSRNPSRSTDRDWETASAASSLASVAEYTGPKLFKEPSSKSNKPIIH,0.0,0.0,0.0,0.0,0.24832964,0.0,0.0,0.0,0.0,0.27659813,1.5171264,1.8833786,0.6559731,0.38690382,1.5681316,1.2569742,1.5663457,0.6229206,0.0,0.0,1.8013469,0.0,0.31761673,0.047889326,0.15885322,0.1801602,0.2074733,0.027659813,0.32216465,1.2282418,0.16399327,0.31761673,0.393766,0.23836024,0.35701302,0.2836745
NP_899006.1_G_protein-regulated_inducer_of_neurite_outgrowth_3_[Mus_musculus]_seq16,0,0,2,0,0,0,3,0,0,Gprin3,Gprin3_,TPGEKKKQLGADSKLHLKQSKRVRDVVWDDQGMTWEVYGASLDPESLGVAIQNHLQRQIREH,0.0,0.0,0.0,0.0,0.039634135,0.0,0.0,0.0,0.0,1.094922,1.4783915,3.0730348,0.77981913,1.0820308,0.0,3.3939784,0.45742998,0.21897821,0.0,0.0,1.800665,0.0,0.56083244,0.0,0.09331519,0.0,0.0,0.1094922,0.12319929,1.6245666,0.19495478,0.56083244,0.0,0.6722235,0.041811626,0.0312826
XP_006500575.1_PREDICTED:_stAR-related_lipid_transfer_protein_9_isoform_X4_[Mus_musculus]_seq53,0,0,2,0,0,0,0,0,0,Stard9,Stard9_isoform_X4,SGSQPTTAVHACCSHSSTLLCCRDGVLRKGTPWAAAPPDHSLCIVPSTVCEVDGTGECLSRV,0.0,0.0,0.0,0.0,0.0,0.0,0.0,0.0,0.0,0.21537213,1.01232,1.804811,0.26875457,0.18557447,0.95066285,0.8327648,1.0951632,0.6054185,0.0,0.16963255,1.7930382,0.19754001,0.092787236,0.08481198,0.15648444,0.031780735,0.069176026,0.029883314,0.24931377,1.1992831,0.16595864,0.092787236,0.24693803,0.26422605,0.26489952,0.1440506
XP_011245870.1_PREDICTED:_transcriptional_regulator_ATRX_isoform_X7_[Mus_musculus]_seq20,0,9,2,0,0,0,0,0,0,Atrx,Atrx_isoform_X7,DDTGDTEGRQGGSCSIAGGSIEKVRSGVEFREMLCKPGVSSDGAEKPSVKEENVNSPEDKRV,0.0,0.0,0.0,0.0,0.0,0.0,0.0,0.0,0.0,1.1223855,10.9878845,7.3581524,1.370013,0.0,0.48288697,0.85597533,0.46096414,0.751604,0.0,3.994172,1.784488,0.66795486,0.0,0.0,0.19156207,0.0,0.0,0.11223855,4.352093,3.0475466,0.6764807,0.0,0.09109254,0.29949293,0.06694511,0.20036983
XP_017168354.1_PREDICTED:_RING_finger_protein_150_isoform_X1_[Mus_musculus]_seq8,0,0,2,0,0,0,1,0,0,Rnf150,Rnf150_isoform_X1,VVRILPCRHLFHKSCVDPWLLDHRTCPMCKMNILKALGIPPNADCMDDLPIDFEGSLGGPPT,0.0,0.0,0.49591967,0.0,0.0,0.0,0.0,0.0,0.0,0.0,1.1104465,1.8697622,1.5508395,0.49213412,0.6205756,1.9523035,1.0506517,0.59945613,0.0,0.0,1.7687914,0.0,0.24606706,0.10093968,0.0,0.0,0.0,0.0,0.13638788,1.3781577,0.3877099,0.24606706,0.19843277,0.30490866,0.19520505,0.10159703
NP_061292.2_N-sulphoglucosamine_sulphohydrolase_precursor_[Mus_musculus]_seq11,0,0,2,0,0,0,0,1,0,Sgsh,Sgsh_,YYRERWELYDISRDPRETRNLAADPDLAQVLEMLKAQLVKWQWETHDPWVCAPDGVLEEKLT,0.0,0.0,0.0,0.0,0.0,0.0,0.0,0.0,0.0,0.0,0.7785404,5.3706264,0.254579,0.0,0.20408303,0.3292211,2.672726,0.33064175,0.0,0.0,1.7687914,0.0,0.0,0.0,0.0,0.0,0.0,0.0,0.07999498,2.3798058,0.06364475,0.0,0.020408303,0.042889614,0.2866841,0.11486616
NP_032087.2_glucose-6-phosphatase_[Mus_musculus]_seq4,0,0,2,0,0,0,0,0,0,G6pc,G6pc_,MVTSTLAIFRGKKKPTYGFRCLNVILWLGFWAVQLNVCLSRIYLAAHFPHQVVAGVLSGIAV,0.0,0.0,0.0,0.0,0.0,0.0,0.0,0.0,0.0,0.0,0.0,2.4535239,0.88256896,0.14821433,0.69889224,0.8730986,0.0,0.63543713,0.0,0.0,1.7687914,0.11301982,0.07410716,0.0,0.0,0.0,0.0,0.0,0.0,1.4074384,0.27715215,0.07410716,0.15362553,0.18579851,0.0,0.24444309
NP_062796.2_proteasomal_ubiquitin_receptor_ADRM1_[Mus_musculus]_seq4,0,0,2,0,0,0,0,0,0,Adrm1,Adrm1_,NPPMPGSLGASGSSGHELSALGGEGGLQSLLGNMSHSQLMQLIGPAGLGGLGGLGALTGPGL,0.0,0.0,0.0,0.0,0.0,0.0,0.0,0.0,0.0,0.990238,0.7569659,6.1255865,0.653774,0.17107476,0.6734822,0.32396775,0.7632986,0.55077064,0.0,0.0,1.7556804,0.2358644,0.08553738,0.0,0.0,0.0,0.0,0.099023804,0.22859114,2.627089,0.2813757,0.08553738,0.091443524,0.04960848,0.068895474,0.11028262
NP_001041526.1_heterogeneous_nuclear_ribonucleoprotein_A/B_isoform_1_[Mus_musculus]_seq5,0,0,2,0,0,0,0,0,1,Hnrnpab,Hnrnpab_isoform_1,EKIREYFGQFGEIEAIELPIDPKLNKRRGFVFITFKEEDPVKKVLEKKFHTVSGSKCEIKVA,0.0,0.0,0.0,0.0,0.0,0.0,0.0,0.0,0.0,0.0,0.34712026,3.1363928,0.8253383,0.405547,0.18557703,0.70543325,0.8534118,1.6138055,0.0,0.0,1.7507296,0.18262003,0.2027735,0.0,0.0,0.0,0.0,0.0,0.03848822,1.6290407,0.2976446,0.2027735,0.018557703,0.16254231,0.08112491,0.47414356
NP_848745.2_cytosolic_carboxypeptidase_3_isoform_2_[Mus_musculus]_seq16,0,0,2,0,0,0,0,0,0,Agbl3,Agbl3_isoform_2,KTKRERNAILANCQNNMQEVYGKEHLLQRHDESNSDGNDPRIDAPDVYVAHCFRRPLPNQGV,0.0,0.0,0.0,0.0,0.08606607,0.0,0.0,0.0,0.0,0.872974,0.0,2.1353202,0.0,0.14276834,0.0701157,0.70208704,0.84644204,0.33970785,0.0,0.0,1.7504537,0.0,0.1144172,0.0,0.0,0.0,0.0,0.087297395,0.0,1.2952579,0.0,0.1144172,0.0134356525,0.13658716,0.12950847,0.048529692
NP_665897.2_grainyhead-like_protein_1_homolog_isoform_2_[Mus_musculus]_seq5,0,1,2,0,0,0,0,0,0,Grhl1,Grhl1_isoform_2,TLEASKSLRQKQGDSTMTYLNKGQFYPVTLKEGSSNEGIHHPISKVRSVIMVVFAEDKSRED,0.0,0.0,0.24513833,0.0,0.14821433,0.0,0.0,0.0,0.0,0.0,5.2617207,2.0544026,0.9152667,0.60614175,0.701875,0.96649504,1.3453684,1.5448798,0.0,0.0,1.7478284,0.21070698,0.37717804,0.0,0.09815473,0.0,0.0,0.0,0.71771306,1.349123,0.33417016,0.37717804,0.119768895,0.27450693,0.2705492,0.23736368
XP_006528147.1_PREDICTED:_plasma_membrane_calcium-transporting_ATPase_3_isoform_X4_[Mus_musculus]_seq17,0,2,2,0,0,0,0,1,0,Atp2b3,Atp2b3_isoform_X4,EAIRKCQRAGITVRMVTGDNINTARAIAAKCGIIQPGEDFLCLEGKEFNRRIRNEKGEIEQE,0.0,0.0,1.390422,0.0,0.0,0.0,0.0,0.0,0.0,0.0,2.2228231,4.5717006,1.0795242,1.0219935,0.6629993,1.4109346,1.7148653,1.3508652,0.0,0.72165716,1.7453828,0.5737133,0.51099676,0.20346606,0.47932956,0.39714563,0.3657041,0.0,0.7980571,2.5691683,0.55673766,0.51099676,0.25262755,0.55922765,0.43053898,0.49155563
NP_033463.1_thiosulfate_sulfurtransferase_[Mus_musculus]_seq5,0,3,2,0,0,0,1,0,0,Tst,Tst_,QSKRFQLVDSRAQGRYLGTQPEPDIVGLDSGHIRGSVNMPFMDFLTKDGFEKSPEELRAIFQ,0.0,0.0,0.0,0.0,1.0124465,0.0,0.0,0.0,0.0,1.1979173,3.014591,2.606259,0.0,1.5176502,0.15888362,3.1761644,0.65270627,0.34370366,0.0,0.0,1.7436132,0.0,1.2650484,0.0,0.02136723,0.0,0.0,0.11979173,0.711127,1.4499575,0.0,1.2650484,0.015888361,0.3800433,0.08269098,0.049100522
XP_006534483.1_PREDICTED:_tRNA-splicing_endonuclease_subunit_Sen54_isoform_X4_[Mus_musculus]_seq8,0,0,2,0,0,0,0,0,0,Tsen54,Tsen54_isoform_X4,ENGAKGTPKLRWNFEQISFPNMASDSRHTFLPAPAPELLPANVIGRGTDAESWCQKLNQRRE,0.0,0.0,0.0,0.0,0.0,0.0,0.0,0.0,0.0,0.16535924,1.2819518,4.317095,0.3045917,0.26301023,0.11647009,0.32588652,1.2283481,1.0054408,0.0,0.0,1.7415394,0.08727368,0.13150512,0.0,0.0,0.0,0.0,0.016535925,0.13735183,2.0195448,0.11978476,0.13150512,0.011647009,0.085200034,0.19954662,0.37171906
NP_080417.2_peptidyl-prolyl_cis-trans_isomerase-like_4_[Mus_musculus]_seq2,0,0,2,0,0,0,1,0,0,Ppil4,Ppil4_,NVQRDFIIQTGDPTGTGRGGESIFGQLYGDQASFFEAEKVPRIKHKKKGTVSMVNNGSDQHG,0.0,0.0,0.0,0.0,0.0,0.0,0.0,0.0,0.0,0.0,0.9092852,1.8451449,1.1108595,0.2669508,0.946796,1.6983517,0.96702456,1.1940008,0.0,0.0,1.7256633,0.11301982,0.1334754,0.0,0.22919354,0.0,0.0,0.0,0.08617762,1.1902694,0.3342248,0.1334754,0.20131731,0.38057908,0.1210108,0.2026572
XP_017172833.1_PREDICTED:_polycystin-1_isoform_X25_[Mus_musculus]_seq34,0,0,2,0,0,0,0,0,1,Pkd1,Pkd1_isoform_X25,VRPGALRDGEGYIFTLTVLGHSGEEEGCASIRLSPNRPPLGGSCRLFPLDSVRGLTTKVHFE,0.0,0.0,0.0,0.0,0.0,0.0,0.0,0.0,0.0,0.0,0.7529808,1.7687914,0.6392237,0.0,0.474359,0.5016137,0.19746943,2.561858,0.0,0.0,1.7256633,0.0,0.0,0.0,0.0,0.0,0.0,0.0,0.09772275,1.1648183,0.15980592,0.0,0.047435902,0.04180114,0.03243309,0.3659797
NP_081385.1_deoxyribonuclease-1-like_1_precursor_[Mus_musculus]_seq1,0,0,2,0,0,0,0,0,0,Dnase1l1,Dnase1l1_,MPFGQPGFLWRVPDAHIAMRGLVMAPLLILLVGGTEAFRICAFNAHRLTLAKLTKESVMDTL,0.0,0.0,0.0,0.0,0.22142133,0.0,0.0,0.0,0.0,0.3556835,1.0054013,2.9802825,0.73417073,1.1701561,0.6588476,0.5132042,0.57995117,0.40322244,0.0,0.0,1.7232621,0.0,0.69578874,0.0,0.0,0.0,0.0,0.03556835,0.144147,1.5678482,0.18354268,0.69578874,0.13151932,0.09965482,0.048329264,0.072734065
XP_017174575.1_PREDICTED:_bromodomain_adjacent_to_zinc_finger_domain_protein_2B_isoform_X1_[Mus_musculus]_seq35,0,0,2,0,0,0,0,0,0,Baz2b,Baz2b_isoform_X1,LLEVAKMPPESDVMTPPKVNVSTNGGPLSHQNSGKHPLGSVPSATTAQSPVGKTDASLFSSG,0.0,0.0,0.0,0.0,0.10074863,0.0,0.0,0.0,0.0,1.0467838,0.8283693,3.6408334,1.1637644,1.2738315,1.16905,1.3754902,0.78462327,0.58666044,0.0,0.23710687,1.7164356,0.44765502,0.6872901,0.12768674,0.28314263,0.0,0.14877973,0.10467838,0.31375673,1.7857562,0.5147686,0.6872901,0.2947163,0.39277554,0.12894587,0.19366144
XP_006506053.1_PREDICTED:_IQ_motif_and_SEC7_domain-containing_protein_1_isoform_X9_[Mus_musculus]_seq3,0,0,2,0,0,2,1,0,0,Iqsec1,Iqsec1_isoform_X9,KSEEESSRSIRSSLETGSSLSTDRYSVEGEAPSSETGTSLDSPSAYHQGPLVPGSSLSPDHY,0.0,0.0,0.15480497,0.0,0.09180354,0.0,0.0,0.0,0.0,0.24587283,1.2140412,1.7386945,1.1250921,0.37545007,2.0282373,2.3246193,0.8714009,0.5385269,0.0,0.0,1.6955663,0.0,0.23362681,0.0,0.30681545,0.0,0.0,0.024587283,0.14528798,1.1963552,0.28127304,0.23362681,0.44868875,0.5364081,0.1752436,0.11986739
NP_001025108.1_SEC14-like_protein_3_[Mus_musculus]_seq8,0,0,2,0,0,0,0,0,0,Sec14l3,Sec14l3_,CVLRWQFSSDGADIGFGVFLKTKMGERQKAGEMVEVLTSQRYNAHMVPEDGSLTCSEAGVYV,0.0,0.0,0.3599219,0.0,0.0,0.0,0.0,0.0,0.0,1.4714295,0.53459793,2.5507863,1.0931554,0.0,0.36858132,0.33584365,0.50761575,0.0,0.0,0.0,1.6917154,0.30897087,0.0,0.0,0.0,0.0,0.0,0.14714295,0.06449885,1.5341412,0.42777428,0.0,0.054961156,0.048479617,0.06025883,0.0
XP_006536237.1_PREDICTED:_EF-hand_calcium-binding_domain-containing_protein_4A_isoform_X3_[Mus_musculus]_seq8,0,0,2,0,0,0,0,0,0,Cracr2b,Cracr2b_isoform_X3,EAQGRQEQTQRDVVAVSRNMQKEKLSLLRQLELLRELNLRLRDERDACETKLLGSSHRKALA,0.0,0.0,0.0,0.0,0.21293685,0.0,0.0,0.0,0.0,1.143857,0.0,2.9669409,0.58240664,0.6913732,0.0,0.5871953,0.8214561,0.3563117,0.0,0.0,1.6913289,0.0,0.45215505,0.0,0.0,0.0,0.0,0.1143857,0.0,1.5527567,0.14560166,0.45215505,0.0,0.09831085,0.078582674,0.050901674
NP_035334.2_tyrosine-protein_phosphatase_non-receptor_type_13_[Mus_musculus]_seq36,0,0,2,0,0,0,0,0,0,Ptpn13,Ptpn13_,SREDNLIPEQINGSIVRVKKLFPGQPAAESGKIDVGDVILKVNGAPLKGLSQQDVISALRGT,0.0,0.0,0.32926038,0.0,0.0,0.0,0.0,0.0,0.0,0.0,1.3830576,1.8189636,0.22603963,0.0,0.38284206,0.86859643,0.23897421,0.7011736,0.0,0.0,1.6881703,0.15870836,0.0,0.0,0.11899435,0.0,0.21500339,0.0,0.30281556,1.2787981,0.1358641,0.0,0.098789886,0.3256319,0.019914517,0.25600937
XP_006522359.1_PREDICTED:_von_Willebrand_factor_A_domain-containing_protein_5B2_isoform_X11_[Mus_musculus]_seq25,0,0,2,0,0,0,0,0,0,Vwa5b2,Vwa5b2_isoform_X11,SSRLSLGRHRRLCSSNKGQTHENSNDGSNHDYLPLVRLQEAPGSFRLDEPFCAAVCIPQERL,0.0,0.0,0.0,0.0,0.0,0.0,0.0,0.0,0.0,0.0,1.3261453,1.8331598,0.48357877,0.14821433,1.0639868,1.05167,1.5502297,0.66865003,0.0,0.17474408,1.6881703,0.15037921,0.07410716,0.0,0.0,0.057761017,0.1297347,0.0,0.4039879,1.1737767,0.19608429,0.07410716,0.16016948,0.2276117,0.2905543,0.24633405
XP_006511272.1_PREDICTED:_unconventional_myosin-IXa_isoform_X1_[Mus_musculus]_seq57,0,1,2,0,0,0,0,0,0,Myo9a,Myo9a_isoform_X1,AMETDLTDQQQAAMQQEEKVLTEQIENLQKEKEELTFEMLVLEPRASDDETLESEASIGTAD,0.0,0.0,0.0,0.0,0.511945,0.0,0.0,0.0,0.0,0.61100453,1.7047083,1.7106869,1.2296749,0.66553444,0.38725206,0.9546875,0.74177307,0.6476264,0.0,0.42250362,1.6816845,0.5411046,0.58873975,0.0,0.4057615,0.0,0.16165243,0.061100453,0.47981003,1.1307905,0.57797104,0.58873975,0.08657383,0.39088455,0.16864364,0.2297932
XP_006511230.1_PREDICTED:_pseudopodium-enriched_atypical_kinase_1_isoform_X1_[Mus_musculus]_seq29,0,0,2,0,0,0,0,0,0,Peak1,Peak1_isoform_X1,ESLERPLHKERPVPSAANSISSLATLSVKDRFSNSMESLSSRRGLSYRQTRSIQKPQRQALY,0.0,0.0,0.0,0.0,0.027874114,0.0,0.0,0.0,0.0,0.64879817,1.4017243,2.4341567,0.5649507,0.68668926,1.3226278,0.5234496,1.0914509,1.5003178,0.0,0.0,1.674765,0.1556271,0.35728168,0.0,0.10505715,0.0,0.0,0.06487982,0.38351825,1.3696405,0.21905123,0.35728168,0.23690967,0.15442534,0.11732614,0.31528875
XP_006527022.1_PREDICTED:_transient_receptor_potential_cation_channel_subfamily_M_member_3_isoform_X6_[Mus_musculus]_seq32,0,0,2,0,0,0,2,0,0,Trpm3,Trpm3_isoform_X6,RQSSFNSQEGNTFKLQESIDPAGEETISPTSPTLMPRMRSHSFYSVNVKDKGGIEKLESIFK,0.0,0.0,1.0332412,0.0,0.38465267,0.0,0.0,0.0,0.0,0.17556478,1.3939131,3.9544578,1.547868,1.0624148,1.2490884,1.9117609,1.0974628,0.54676765,0.0,0.0,1.6672759,0.3881447,0.72353375,0.2326557,0.8938142,0.6893888,0.18650843,0.017556477,0.39468798,2.218325,0.58103937,0.72353375,0.32296437,0.840157,0.5609994,0.18275897
XP_011241990.1_PREDICTED:_EH_domain-binding_protein_1_isoform_X5_[Mus_musculus]_seq17,0,1,2,0,1,0,3,3,1,Ehbp1,Ehbp1_isoform_X5,KKKDVSPLSAYEQKLQTVHASSDMEQGKMEKSRSLECRLDGELAITKPNVSSPSKLGYNRDT,0.0,0.0,0.6178889,0.0,1.5478569,0.0,0.0,0.0,0.0,0.16535924,2.3991623,1.847959,0.83379847,1.5881695,0.8799101,2.2188778,2.7341464,2.9666739,0.0,0.22870615,1.6529775,0.4557938,1.5680132,0.0,0.7126806,1.0907855,0.22915928,0.016535925,0.5046415,1.3729419,0.4363465,1.5680132,0.1497761,0.88366723,0.99663115,0.6569692
NP_082194.1_inhibitor_of_carbonic_anhydrase_precursor_[Mus_musculus]_seq2,0,0,2,0,0,0,0,0,0,1300017J02Rik,1300017J02Rik_,NMKKVLPAGGPAVTCVRKMSHPECIRDISANKVDAVTVDGALVAEADLPHHSLKPIMAEYYG,0.0,0.0,0.0,0.0,0.0,0.0,0.0,0.0,0.0,0.0,0.18530104,2.1156046,0.0,0.2669508,0.0,0.21829125,0.0,0.0,0.0,0.0,1.6478316,0.0,0.1334754,0.0,0.0,0.0,0.0,0.0,0.015441753,1.2544788,0.0,0.1334754,0.0,0.04200819,0.0,0.0
XP_017173399.1_PREDICTED:_DNA_polymerase_iota_isoform_X5_[Mus_musculus]_seq3,0,0,2,0,0,0,0,0,1,Poli,Poli_isoform_X5,INSVHDLQTFPIKTLEKELGIAIAQRIQQLSFGEDKSPVTPSGPPQSFSEEDTFKKCSSEVE,0.0,0.0,0.0,0.0,0.0,0.0,0.0,0.0,0.0,0.582939,0.81492937,2.0075438,0.5904876,0.0,1.3116496,0.76087546,0.9989982,1.677742,0.0,0.0,1.6374581,0.12626241,0.0,0.0,0.1778878,0.100082956,0.0,0.0946161,0.15550588,1.2150006,0.21075311,0.0,0.24117275,0.27518225,0.22679877,0.28440067
XP_011241975.1_PREDICTED:_coiled-coil_domain-containing_protein_157_isoform_X1_[Mus_musculus]_seq9,0,1,2,0,1,0,5,3,1,Ccdc157,Ccdc157_isoform_X1,RQTEEAERTLAKCEHDRHQLLTETCDLKTKVAVLEGDLKQQQKSIQAMEAKAQQLEEEGERR,0.0,0.0,1.2597667,0.17982453,0.90757,0.0,0.4784391,0.0,0.0,0.8792398,2.8096306,1.9448689,0.8280871,2.7171364,1.1983649,2.4587638,2.1359558,1.6450654,0.0,0.57944673,1.6275408,0.36394328,1.8123531,0.29050195,1.3113604,0.83101773,0.41767368,0.08792398,0.68113893,1.6107254,0.43394953,1.8123531,0.3999992,1.3415915,0.9692958,0.6452249
NP_001297410.1_zinc_finger_transcription_factor_Trps1_isoform_1_[Mus_musculus]_seq27,0,0,2,0,1,1,0,0,0,Trps1,Trps1_isoform_1,SKYKLSVPGNPHYLSHVPGLPNPCQNYVPYPTFNLPPHFSAVGSDNDIPLDLAIKHSRPGPT,0.0,0.0,0.0,0.0,0.0,0.0,0.118513405,0.0,0.0,0.87491775,1.0205206,2.39062,1.068437,1.722744,1.6261349,0.99928,1.513546,1.4540659,0.0,0.0,1.6245579,0.7235742,0.861372,0.015392493,0.45035988,0.0337299,0.21843006,0.08749177,0.22077121,1.3383926,0.62889636,0.861372,0.24682322,0.49354795,0.34370747,0.5137965
XP_006510486.1_PREDICTED:_dedicator_of_cytokinesis_protein_6_isoform_X7_[Mus_musculus]_seq34,0,3,2,0,0,0,1,1,1,Dock6,Dock6_isoform_X7,RERSPFGNQENVRWRKSATHWRQTSDRVDKTKDEMEHEALVDGNLATEASLVVLDTLETIVQ,0.0,0.0,0.16157109,0.0,0.15984593,0.0,0.0,0.0,0.0,0.48833504,2.630281,3.4948363,1.07469,0.20088843,0.9791553,1.6716025,4.244206,2.2057917,0.0,0.017420802,1.6221077,0.46196866,0.18036717,0.0,0.36662394,0.027012309,0.0,0.048833504,0.6454961,1.7595049,0.49965683,0.18036717,0.15412179,0.5288499,0.56300634,0.38997453
NP_795972.2_syntabulin_isoform_a_[Mus_musculus]_seq10,0,0,2,0,0,0,0,0,0,Sybu,Sybu_isoform_a,NHGVKPPNPEQYLTPLQQKEVTVRHLRTKLKESERRLHERESEIMELKSQLARMREDWIEEE,0.0,0.0,0.7153524,0.0,0.3857084,0.0,0.0,0.0,0.0,0.28524148,0.81003225,2.0801284,0.8063067,0.6513924,1.0489554,1.1421486,0.91256905,0.96694684,0.0,0.0,1.6162,0.21771254,0.5185504,0.21956351,0.48085827,0.0,0.4715642,0.02852415,0.13715836,1.4705602,0.31043294,0.5185504,0.4119188,0.519905,0.15881895,0.38038418
NP_001297394.1_cAMP-specific_3'_5'-cyclic_phosphodiesterase_4C_isoform_1_[Mus_musculus]_seq3,0,0,2,0,0,0,0,0,0,Pde4c,Pde4c_isoform_1,ENGLPGGKGLLDAQSGPSLGRALQPPVHHVQRRESFLYRSDSDHEPSPKAVSRTSSAASDLH,0.0,0.0,0.0,0.0,0.0,0.0,0.0,0.0,0.0,0.9545879,0.0,4.1795874,0.06967183,0.0,0.79345727,0.8846643,0.7659051,0.0,0.0,0.0,1.6099998,0.017677864,0.0,0.0,0.0,0.0,0.0,0.09545879,0.0,1.9298624,0.02625689,0.0,0.11115883,0.1725002,0.06382542,0.0
XP_017176434.1_PREDICTED:_uncharacterized_protein_LOC381693_isoform_X1_[Mus_musculus]_seq1,0,1,2,0,0,1,0,0,0,Wdr95,Wdr95_isoform_X1,MSWRRRSRSALGRLETSQDSSILKPAAILGAPMLLRAQTSPARPQPSGEPCLPSVEPPIWLL,0.0,0.0,0.0,0.0,0.0,0.0,0.0,0.0,0.0,0.0,5.133598,2.1212885,0.254579,0.0,2.676824,1.3627847,0.88894314,0.7347334,0.0,0.0,1.609328,0.11058438,0.0,0.0,0.0,0.0,0.0,0.0,0.45823964,1.2435389,0.11893694,0.0,0.36009347,0.20814194,0.13048327,0.16482
XP_006518884.1_PREDICTED:_semaphorin-3G_isoform_X1_[Mus_musculus]_seq6,0,1,2,0,0,0,1,1,0,Sema3g,Sema3g_isoform_X1,SPDGGPGHVTISRVGRVCVNDAGGQRVLVNKWSTFLKARLVCSVPGPGGAETHFDQLEDVFL,0.0,0.0,0.0,0.0,0.22590832,0.0,0.0,0.0,0.0,0.0,2.1161435,1.7256633,0.6676658,1.1502812,0.70437694,1.809212,1.9236935,1.5536598,0.0,0.0,1.6027757,0.2064477,0.68809474,0.051968835,0.49555218,0.36166957,0.0,0.0,0.4348745,1.1094797,0.2701403,0.68809474,0.1414377,0.5818426,0.41138867,0.47339344
XP_017171189.1_PREDICTED:_zinc_finger_protein_431-like__partial_[Mus_musculus]_seq17,0,0,2,0,0,0,0,0,0,Gm10323,Gm10323_,ECNQCGKAFSCHSGLIYHKRTHTGEKPYECNQCGKAFSCHNSLRYHKRTHTGQKPYECNQCG,0.0,0.0,0.0,0.0,0.0,0.0,0.0,0.0,0.0,0.0,0.0,1.9010293,1.1096451,0.0,0.55302715,1.0498459,1.024022,0.58433,0.0,0.0,1.6027757,0.1066165,0.0,0.0,0.0,0.0,0.0,0.0,0.0,1.167935,0.33071953,0.0,0.09629813,0.14149278,0.31970397,0.13071026
XP_011242521.1_PREDICTED:_jun_dimerization_protein_2_isoform_X2_[Mus_musculus]_seq5,0,0,2,0,0,0,0,0,0,Jdp2,Jdp2_isoform_X2,PVKSELDEEEERRKRRREKNKVAAARCRNKKKERTEFLQRESERLELMNAELKTQIEELKLE,0.0,0.0,0.34877583,0.0,0.0,0.0,0.0,0.0,0.0,0.0,0.57077354,1.8566496,0.0,0.0,0.0,0.18364356,0.0,0.0,0.0,0.0,1.6027757,0.0,0.0,0.0,0.0,0.0,0.0,0.0,0.17442583,1.2694004,0.0,0.0,0.0,0.01530363,0.0,0.0
NP_001028465.1_UDP-N-acetylhexosamine_pyrophosphorylase-like_protein_1_[Mus_musculus]_seq11,0,0,2,0,0,0,1,0,0,Uap1l1,Uap1l1_,HYRWALQAGARFLDVHGVQLTEQSGMLPNGDPPAICEISPLVSYSGEGLEMYLQGRQLQSPF,0.0,0.0,0.5127068,0.0,0.87916607,0.0,0.0,0.0,0.0,0.0,0.9756447,4.0564547,1.1096451,1.5217887,0.95857483,2.5619626,1.4422473,0.8388448,0.0,0.0,1.6027757,0.199485,1.2004774,0.0,0.18822138,0.0,0.0,0.0,0.1846295,2.0573123,0.37715378,1.2004774,0.23483539,0.47854653,0.16611628,0.11983497
XP_006502905.1_PREDICTED:_nuclear_factor_1_A-type_isoform_X2_[Mus_musculus]_seq8,0,0,2,0,0,0,0,1,1,Nfia,Nfia_isoform_X2,WHEVEPGLPSPSTLKKSEKSGFSSPSPSQTSSLGTAFTQHHRPVITGPRASPHATPSTLHFP,0.0,0.0,0.53950757,0.0,0.28261054,0.0,0.0,0.0,0.0,0.0,0.98304003,1.6478316,0.4683015,0.42118472,0.8027455,1.048071,1.6017998,2.333179,0.0,0.24268082,1.6027757,0.0,0.35189763,0.12467885,0.36865515,0.5458238,0.0,0.0,0.29086086,1.2633716,0.117075376,0.35189763,0.27205506,0.41815662,0.5136413,0.43850285
XP_006509362.1_PREDICTED:_pericentriolar_material_1_protein_isoform_X2_[Mus_musculus]_seq21,0,0,2,0,0,0,0,0,1,Pcm1,Pcm1_isoform_X2,AETSSPVAISLRSDGSENLCTPQQSRTEKTMATWGGSTQCALDEEGDEDGYLSEGIVRTDEE,0.0,0.0,0.47945255,0.0,0.0,0.0,0.0,0.0,0.0,0.0,1.5381076,1.7021511,0.4128954,0.5188252,1.1756086,1.3436973,0.6233609,1.7167672,0.0,0.5181729,1.6027757,0.0,0.2594126,0.16596948,0.28892523,0.08155241,0.6572015,0.0,0.56246895,1.2614598,0.10322385,0.2594126,0.28438455,0.46793735,0.13473646,0.6625822
NP_001272794.1_uncharacterized_protein_KIAA1522_isoform_b_[Mus_musculus]_seq20,0,0,2,0,0,0,0,0,0,C77080,C77080_isoform_b,QMVRLRSVGASTGIPNPSPGSSAPQKPLRRALSGRASPVTAPSSGLHAAVRLKASSLAASES,0.0,0.0,0.0,0.0,0.33856964,0.0,0.0,0.0,0.0,0.0,1.3828326,1.7256633,0.38602048,0.8134254,1.0952537,1.1212157,1.4199269,0.8139661,0.0,0.0,1.6027757,0.11301982,0.57599753,0.06502979,0.14149775,0.17318761,0.0,0.0,0.23416792,1.1094797,0.15301503,0.57599753,0.2920362,0.2473809,0.43653908,0.24568342
XP_006507297.1_PREDICTED:_amyloid_beta_A4_precursor_protein-binding_family_B_member_1_isoform_X5_[Mus_musculus]_seq1,0,1,2,0,0,0,0,0,0,Apbb1,Apbb1_isoform_X5,MRVQDTSGTYYWHIPTGTTQWEPPGRASPSQGSSPQEESQLTWTGFAHQEGFEEGEFWKDEP,0.0,0.0,0.22735888,0.0,0.0,0.0,0.0,0.0,0.0,0.0,5.5254097,2.3615584,0.4256454,0.0,0.3178629,1.1955509,1.1468685,0.22466193,0.0,0.0,1.6027757,0.26240045,0.0,0.0,0.0,0.15091659,0.0,0.0,0.68359834,1.397231,0.23761158,0.0,0.07904394,0.19195479,0.29129303,0.047738843
XP_017175192.1_PREDICTED:_hornerin_isoform_X3_[Mus_musculus]_seq4,0,0,2,0,0,0,0,1,0,Hrnr,Hrnr_isoform_X3,HQSGSRHGSGSGQFPISGQQGSHHGHSSSSGTHNSGSSQSSSTQWSHGSGSEQSSGLGHYGS,0.0,0.0,0.0,0.0,0.61259264,0.0,0.0,0.0,0.0,0.0,1.443548,1.977989,0.69025403,0.87916607,0.8745516,0.96889746,2.1255765,0.55892444,0.0,0.24074727,1.6027757,0.36698532,0.74587935,0.14922017,0.19959962,0.33840078,0.0,0.0,0.379824,1.1935883,0.35605615,0.74587935,0.32888883,0.38095108,0.52370185,0.16818659
XP_017172824.1_PREDICTED:_polycystin-1_isoform_X7_[Mus_musculus]_seq39,0,0,2,0,0,0,0,0,0,Pkd1,Pkd1_isoform_X7,NGCCFPTNYTLQLQAAVRDGTNISYSWTAQQEGSLITLFGSGKCFSLTSLKASTYYVHLRAT,0.0,0.0,0.0,0.0,0.0,0.0,0.0,0.0,0.0,0.0,0.69200146,3.0962315,0.19414756,0.22590832,0.4132217,0.25879186,0.88969463,0.24875945,0.0,0.0,1.6027757,0.0,0.11295416,0.0,0.0,0.0,0.0,0.0,0.05766679,1.5663357,0.04853689,0.11295416,0.07160735,0.021565989,0.09805072,0.035537064
XP_006513109.1_PREDICTED:_myosin-binding_protein_C__slow-type_isoform_X3_[Mus_musculus]_seq7,0,1,2,0,0,1,0,0,0,Mybpc1,Mybpc1_isoform_X3,RRVEKKSAAFAKILDPAYQVDKGGKVRFVVELADPKLEVKWFKNGQEIRPSTKYIFEHKGNE,0.0,0.0,0.5127068,0.0,0.12190055,0.0,0.0,0.0,0.0,0.0,2.8425634,2.1212885,1.2174917,0.8584169,2.1372266,0.63482976,0.4974601,0.6686798,0.0,0.0,1.6027757,0.4989342,0.49015874,0.0,0.12960115,0.0,0.0,0.0,0.43987596,1.4122571,0.55384004,0.49015874,0.32434127,0.18209483,0.074564435,0.17662026
XP_006513677.1_PREDICTED:_zinc_finger_protein_Eos_isoform_X5_[Mus_musculus]_seq6,0,1,2,0,0,1,0,0,1,Ikzf4,Ikzf4_isoform_X5,HNYLQSLSTDAQALTGQPGDEIRDLEMVPDSMLHPSTERPTFIDRLANSLTKRKRSTPQKFV,0.0,0.0,0.47945255,0.0,0.59966207,0.0,0.0,0.0,0.0,0.0,1.6547493,1.7247604,0.8864693,0.79170144,1.8888981,1.3251827,1.4520727,1.887676,0.0,0.36915088,1.6027757,0.055276223,0.69568175,0.5869441,0.23500085,0.24705863,0.54974145,0.0,0.4850107,1.2689962,0.24925543,0.69568175,0.6826819,0.42241415,0.3994521,0.61783797
NP_001136216.1_alpha-tubulin_N-acetyltransferase_1_isoform_1_[Mus_musculus]_seq9,0,0,2,0,0,1,1,0,0,Atat1,Atat1_isoform_1,SFLGTGNQERKQGEQEAEDRSASEDRVLLLDGSGEEPTQTGAPRAQAPPPQSWTVGGDIMNA,0.0,0.0,0.0,0.0,0.12190055,0.0,0.0,0.0,0.0,0.0,1.0112586,1.9184319,1.1412015,0.14821433,1.6107107,2.1055248,0.9014978,0.55626994,0.0,0.12844281,1.6027757,0.055276223,0.13505743,0.0,0.2505189,0.22513533,0.116666,0.0,0.2843558,1.1737359,0.31293848,0.13505743,0.31016463,0.5318374,0.31139675,0.14585605
NP_038586.2_heat_shock_70_kDa_protein_1-like_[Mus_musculus]_seq14,0,0,2,0,0,0,0,0,0,Hspa1l,Hspa1l_,LKDKISESDKKKILDKCNEVLSWLEANQLAEKDEFDHKRKELENMCNPIITKLYQSGCTGPT,0.0,0.0,0.0,0.0,0.8688289,0.0,0.0,0.0,0.0,0.0,1.3134544,2.0621724,0.20588271,1.2364049,0.46222454,1.3028737,1.5097964,0.66865003,0.0,0.0,1.6027757,0.0,1.0526168,0.0,0.0,0.0,0.21574168,0.0,0.31983307,1.2216493,0.05147068,1.0526168,0.067101695,0.23192203,0.18346345,0.22223862
XP_006526021.1_PREDICTED:_zinc_finger_protein_608_isoform_X2_[Mus_musculus]_seq18,0,1,2,0,0,0,0,0,0,Zfp608,Zfp608_isoform_X2,GAPAAGNGGSTQGMKIKKESEEDAEKKDKAEQLESKKVDHTSAPLQPQHQSVITQRHPALAQ,0.0,0.0,0.0,0.0,0.0,0.0,0.0,0.0,0.0,0.0,1.9540256,1.8778783,0.94137025,0.4358095,1.2182386,0.54026407,0.9370428,0.4608683,0.0,0.0,1.6027757,0.28174955,0.21790475,0.0,0.0,0.0,0.0,0.0,0.21818547,1.160218,0.37621734,0.21790475,0.18322757,0.14201875,0.14969052,0.1441406
XP_017172628.1_PREDICTED:_titin_isoform_X1_[Mus_musculus]_seq297,0,0,2,0,0,0,0,1,1,Ttn,Ttn_isoform_X1,AVSKKKVPEKPEVVEKVEPAPLKVPTAEKKVRKLLPEPKPQPKEEVVLKSVLRKKPEEEEPK,0.0,0.0,0.0,0.0,0.405547,0.0,0.0,0.0,0.0,0.0,1.1104465,1.9655132,0.4256454,0.60614175,0.55577993,1.4788421,2.0000372,1.6292253,0.0,0.36915088,1.6027757,0.19301024,0.50584435,0.0,0.42150384,0.0,0.1297347,0.0,0.37340108,1.1894296,0.20291647,0.50584435,0.16057459,0.49232724,0.31611636,0.5877662
XP_017168827.1_PREDICTED:_probable_E3_ubiquitin-protein_ligase_HERC1_isoform_X8_[Mus_musculus]_seq75,0,0,2,0,0,0,1,1,0,Herc1,Herc1_isoform_X8,GADDAGGVFDDTITEMCQELETGIVDLLIPSPNATAEVGYNRDRFLFNPSACLDEHLMQFKF,0.0,0.0,0.66483116,0.0,0.13660255,0.0,0.0,0.0,0.0,0.100503385,0.74136895,4.672904,0.78535736,0.32695785,0.7172117,2.1138983,5.5237913,0.49542883,0.0,0.0,1.5911638,0.32559213,0.2317802,0.0,0.4661947,0.19807121,0.0,0.010050339,0.15270863,2.309633,0.3591354,0.2317802,0.108751275,0.5492282,0.61219746,0.10465378
XP_006519202.1_PREDICTED:_SH2_domain-containing_protein_4B_isoform_X2_[Mus_musculus]_seq1,0,0,2,0,1,0,1,0,0,Sh2d4b,Sh2d4b_isoform_X2,MGEGPGDKPYEEISEELIAERARLQAQKEAEELWRQKEAEITKKFRDALANEKARILAEKWK,0.0,0.0,0.0,0.0,0.0,0.0,0.0,0.0,0.0,0.11958978,1.1890721,7.658253,0.46965772,1.816681,1.3151538,1.6045109,1.1608685,0.7956909,0.0,0.18322146,1.5888546,0.09598089,0.9083405,0.085828006,0.20058136,0.2109278,0.0,0.011958978,0.30715725,3.082369,0.16540487,0.9083405,0.32549405,0.40023533,0.39939126,0.21344975
NP_536705.3_mucin-4_precursor_[Mus_musculus]_seq73,0,0,2,0,0,0,1,0,0,Muc4,Muc4_,EQCLYNETSKEGNSSLEVTSCKCDGDTFGRLCERSKDPCDEPCFPNVNCIPGKGCEACPPNT,0.0,0.0,0.6883907,0.0,0.0,0.0,0.0,0.0,0.0,0.47068295,1.551942,1.989391,1.48148,0.0,0.6036978,1.7051712,0.8756755,1.0037091,0.0,0.6099875,1.5859264,0.0,0.0,0.0,0.3841706,0.0,0.14420047,0.047068294,0.6226264,1.421236,0.37037,0.0,0.14961438,0.48798087,0.14405471,0.28704974
