GeneID,p-value,FDR,FoldChange
Nkx2-1,4.60E-26,3.05E-23,0.05
Msc,1.58E-28,1.78E-25,0.05
Vsnl1,3.04E-42,1.11E-38,0.05
Nkx6-1,8.71E-21,2.54E-18,0.08
Pnliprp1,4.22E-10,1.50E-08,0.08
Ppp1r17,2.44E-14,2.34E-12,0.09
Thbs4,2.09E-12,1.28E-10,0.10
Epha8,3.34E-10,1.22E-08,0.11
Csrp3,1.15E-25,6.71E-23,0.11
Cxcl13,1.92E-27,1.56E-24,0.12
E030019B13Rik,2.53E-09,7.31E-08,0.12
Myl1,2.68E-08,5.72E-07,0.13
Uncx,1.26E-06,1.57E-05,0.13
Oacyl,1.85E-09,5.59E-08,0.13
Gja5,6.44E-18,1.24E-15,0.13
Smpx,2.42E-15,2.87E-13,0.13
Ftcd,3.29E-06,3.58E-05,0.16
Mybphl,2.95E-08,6.19E-07,0.16
Chit1,5.29E-05,3.81E-04,0.17
Pcsk9,2.70E-13,2.09E-11,0.17
Myog,9.12E-05,5.97E-04,0.18
Cacna2d2,1.14E-18,2.44E-16,0.18
Synpo2l,1.81E-16,2.74E-14,0.18
Tnnc1,2.64E-09,7.59E-08,0.19
Foxl1,2.47E-16,3.53E-14,0.19
Apobec2,7.57E-12,4.06E-10,0.19
Mfsd2a,1.04E-05,9.60E-05,0.19
Ppp1r3a,1.70E-04,1.01E-03,0.19
Lrrc10,8.18E-07,1.09E-05,0.19
Trim54,1.79E-04,1.05E-03,0.19
Cckar,1.54E-04,9.26E-04,0.19
Fam162b,2.22E-04,1.26E-03,0.20
Lhx9,3.06E-10,1.13E-08,0.20
Myh3,3.65E-04,1.92E-03,0.20
Actc1,1.06E-12,7.07E-11,0.20
Zfp663,4.86E-06,5.03E-05,0.20
Myo18b,6.58E-09,1.68E-07,0.21
D030025E07Rik,5.04E-11,2.23E-09,0.21
Casq1,6.22E-05,4.37E-04,0.21
Mybph,4.52E-05,3.34E-04,0.22
Gal,1.54E-04,9.28E-04,0.22
Tmem163,1.88E-05,1.60E-04,0.22
Rps6kl1,3.54E-05,2.73E-04,0.22
Ndst4,4.28E-06,4.52E-05,0.22
Fam19a1,8.39E-05,5.56E-04,0.22
Pgam2,7.40E-16,9.72E-14,0.22
Serpina6,1.19E-03,5.20E-03,0.23
Wnt16,2.44E-04,1.36E-03,0.23
Adora1,5.73E-08,1.10E-06,0.23
Myl4,3.78E-24,1.53E-21,0.23
Crhbp,5.51E-04,2.73E-03,0.23
Myh6,1.76E-05,1.51E-04,0.24
Jakmip2,1.46E-07,2.51E-06,0.24
Trdn,5.37E-04,2.67E-03,0.24
Klf1,4.65E-10,1.63E-08,0.24
Ankrd1,4.50E-14,4.00E-12,0.24
Nppa,1.75E-03,7.16E-03,0.24
C130080G10Rik,1.90E-04,1.11E-03,0.24
Meox2,8.09E-07,1.09E-05,0.24
Sh3bgr,3.86E-15,4.33E-13,0.24
Arhgap36,1.58E-05,1.38E-04,0.24
Epb4.2,1.33E-10,5.34E-09,0.25
Ppfia2,3.16E-04,1.70E-03,0.25
Saa1,1.83E-03,7.45E-03,0.25
Gm5127,1.28E-03,5.55E-03,0.25
Cd300e,2.71E-04,1.49E-03,0.25
Icam4,3.91E-04,2.04E-03,0.25
Hspb3,4.76E-04,2.41E-03,0.25
1110008P14Rik,2.36E-13,1.85E-11,0.25
Rspo2,1.65E-17,2.94E-15,0.25
Pirt,3.98E-04,2.06E-03,0.25
Fsd2,1.24E-05,1.12E-04,0.25
Pik3r3,6.07E-35,1.11E-31,0.26
Tnni3,3.00E-10,1.11E-08,0.26
Hcn1,1.46E-10,5.80E-09,0.26
Pcnxl2,7.25E-04,3.45E-03,0.26
Ihh,1.65E-05,1.43E-04,0.26
Actn2,4.24E-05,3.17E-04,0.26
Dbh,1.30E-03,5.63E-03,0.26
Kcng1,1.58E-08,3.66E-07,0.26
Shh,2.04E-17,3.59E-15,0.27
Tubb4a,9.53E-19,2.07E-16,0.27
Fitm1,7.18E-05,4.91E-04,0.27
Plg,6.77E-04,3.26E-03,0.27
Lect2,5.47E-03,1.83E-02,0.27
Etv2,3.37E-05,2.62E-04,0.28
Sstr4,2.87E-03,1.07E-02,0.28
Klhl41,2.00E-04,1.16E-03,0.28
Ap3b2,6.84E-07,9.38E-06,0.28
Ubc,5.57E-19,1.25E-16,0.28
Rasal1,5.54E-04,2.74E-03,0.28
Npy2r,3.04E-03,1.13E-02,0.28
Insc,4.45E-05,3.30E-04,0.28
Aldh1a1,1.18E-05,1.07E-04,0.28
Tdrd12,3.90E-04,2.03E-03,0.28
Fbxl22,8.61E-09,2.12E-07,0.29
Rhbg,4.09E-03,1.44E-02,0.29
Btn1a1,8.90E-04,4.09E-03,0.29
Tbx4,2.77E-06,3.09E-05,0.29
Lama3,2.19E-04,1.25E-03,0.29
Mybpc3,1.01E-06,1.30E-05,0.29
Gcg,7.81E-03,2.44E-02,0.29
Adamts20,4.07E-08,8.16E-07,0.29
Ces1d,3.15E-05,2.47E-04,0.29
Serpina1d,5.87E-03,1.93E-02,0.29
Fgg,2.56E-03,9.83E-03,0.29
Agmo,7.30E-03,2.31E-02,0.29
Cntnap2,3.64E-05,2.79E-04,0.29
Padi3,6.35E-04,3.08E-03,0.29
Afp,2.17E-03,8.59E-03,0.29
Mov10l1,7.86E-04,3.69E-03,0.29
AU021092,6.31E-03,2.05E-02,0.29
Heyl,3.46E-09,9.61E-08,0.29
Wnt2,1.54E-16,2.44E-14,0.30
Csf2rb,4.25E-07,6.30E-06,0.30
Foxj1,5.07E-04,2.55E-03,0.30
Tg,1.81E-04,1.06E-03,0.30
Mylpf,6.81E-06,6.66E-05,0.30
Myl7,1.46E-13,1.19E-11,0.30
Sfrp5,2.55E-04,1.42E-03,0.30
En1,7.31E-03,2.31E-02,0.30
Cited4,2.22E-08,4.89E-07,0.30
Zcchc5,5.22E-03,1.76E-02,0.30
Scd1,2.18E-06,2.52E-05,0.30
Shox2,1.11E-09,3.55E-08,0.30
Ccne1,9.28E-12,4.81E-10,0.31
Sc4mol,5.53E-11,2.40E-09,0.31
Nppb,2.01E-03,8.05E-03,0.31
Snord12,4.37E-07,6.47E-06,0.31
Hs3st2,9.30E-04,4.24E-03,0.31
Klhl30,3.02E-07,4.69E-06,0.31
6030408B16Rik,5.17E-04,2.59E-03,0.31
Steap3,3.23E-06,3.52E-05,0.31
Pcdh10,1.71E-06,2.04E-05,0.31
Fbxo32,4.69E-13,3.38E-11,0.32
Ifitm1,1.86E-07,3.10E-06,0.32
Sp5,4.89E-06,5.06E-05,0.32
Tmem158,2.89E-07,4.52E-06,0.32
Asgr2,7.82E-03,2.45E-02,0.32
Lin7a,8.15E-05,5.43E-04,0.32
Pnmt,1.36E-03,5.86E-03,0.32
Trim10,3.45E-09,9.61E-08,0.33
Ptch2,9.39E-08,1.68E-06,0.33
Pcdhac2,6.94E-03,2.22E-02,0.33
Gldc,1.63E-14,1.62E-12,0.33
Cldn13,9.60E-03,2.89E-02,0.33
Bmx,8.59E-03,2.64E-02,0.33
E130006D01Rik,2.04E-03,8.14E-03,0.33
Krt5,3.19E-03,1.17E-02,0.33
Tagln3,7.47E-10,2.47E-08,0.33
Prr15l,1.05E-02,3.11E-02,0.33
Pax1,8.88E-03,2.71E-02,0.33
Itih2,3.20E-03,1.17E-02,0.33
Xirp1,2.84E-03,1.07E-02,0.33
Grk4,2.10E-03,8.35E-03,0.33
9430076G02Rik,8.87E-04,4.09E-03,0.33
Mvd,4.02E-10,1.44E-08,0.33
Ctse,1.38E-03,5.92E-03,0.34
Mmd2,1.10E-02,3.21E-02,0.34
Ldlr,6.01E-12,3.31E-10,0.34
Fbxo40,2.67E-03,1.02E-02,0.34
Asb2,4.20E-04,2.16E-03,0.34
Myadml2,1.26E-02,3.59E-02,0.34
Hdhd3,3.98E-05,3.01E-04,0.34
Gmpr,5.43E-06,5.49E-05,0.34
Cfc1,1.42E-02,3.96E-02,0.34
Dhcr24,6.53E-20,1.61E-17,0.34
Gulo,7.99E-03,2.49E-02,0.34
Hfe2,5.50E-03,1.84E-02,0.34
Hmgcs2,1.29E-05,1.16E-04,0.34
Kcnn4,4.57E-05,3.37E-04,0.34
Foxd1,6.56E-09,1.68E-07,0.34
Hsd3b1,1.38E-02,3.89E-02,0.34
Pinx1,6.55E-13,4.52E-11,0.34
Snord83b,9.11E-03,2.77E-02,0.34
Mstn,1.73E-03,7.09E-03,0.34
Aqp7,1.43E-02,3.99E-02,0.35
Neto1,1.30E-02,3.70E-02,0.35
Rgn,1.18E-02,3.41E-02,0.35
Cycs,3.19E-04,1.71E-03,0.35
Slfn9,1.06E-11,5.40E-10,0.35
Fam222a,7.59E-09,1.90E-07,0.35
Tecta,1.57E-02,4.32E-02,0.35
Rimbp3,7.37E-03,2.33E-02,0.35
Cck,6.94E-03,2.22E-02,0.35
Sec14l4,8.50E-03,2.62E-02,0.35
Fdps,5.03E-09,1.33E-07,0.35
Magel2,2.03E-11,9.79E-10,0.35
Dpysl4,3.09E-14,2.82E-12,0.35
Ccdc96,2.38E-03,9.26E-03,0.36
Ncrna00086,1.21E-06,1.52E-05,0.36
Sp8,3.28E-03,1.20E-02,0.36
Atp2a1,1.15E-04,7.29E-04,0.36
Grip2,4.72E-03,1.62E-02,0.36
Gm12295,1.40E-02,3.92E-02,0.36
Pvalb,1.05E-02,3.11E-02,0.36
AI848285,1.10E-02,3.21E-02,0.36
2310040G24Rik,1.23E-02,3.52E-02,0.36
Edaradd,2.59E-04,1.44E-03,0.36
Saa2,1.28E-02,3.64E-02,0.37
Gucy2f,9.63E-04,4.37E-03,0.37
Uchl1,1.20E-12,7.89E-11,0.37
Cyb561,7.84E-06,7.51E-05,0.37
Acyp2,1.95E-03,7.85E-03,0.37
Nr1h3,1.38E-04,8.46E-04,0.37
Pax7,1.83E-02,4.87E-02,0.37
Angptl1,7.26E-05,4.95E-04,0.37
Slc25a35,1.29E-02,3.67E-02,0.37
Rec8,9.20E-03,2.79E-02,0.37
Aqp11,4.79E-04,2.42E-03,0.37
A1cf,1.29E-02,3.67E-02,0.37
Prdm8,7.16E-03,2.28E-02,0.37
Adprhl1,7.74E-03,2.42E-02,0.37
Srpk3,4.94E-03,1.68E-02,0.37
Aldh1b1,1.66E-04,9.87E-04,0.37
Kcng2,1.62E-03,6.73E-03,0.37
Lmo3,7.82E-03,2.45E-02,0.37
Taldo1,7.64E-18,1.43E-15,0.37
Lmod2,1.60E-03,6.65E-03,0.37
Acat2,3.54E-11,1.62E-09,0.38
Rem2,5.11E-07,7.40E-06,0.38
Slc25a5,1.18E-17,2.12E-15,0.38
Nsdhl,3.24E-10,1.19E-08,0.38
Best1,1.17E-02,3.38E-02,0.38
Ikzf1,9.61E-05,6.25E-04,0.38
Lrp8,2.03E-10,7.82E-09,0.38
2700046A07Rik,4.34E-03,1.51E-02,0.38
Cntn2,3.34E-06,3.64E-05,0.38
Baalc,1.42E-02,3.96E-02,0.38
Cpa2,3.29E-05,2.57E-04,0.38
Nxpe2,1.25E-02,3.57E-02,0.38
Tnnt2,1.52E-10,6.00E-09,0.38
Cyp4f15,5.81E-03,1.92E-02,0.39
Ldb3,1.15E-07,2.02E-06,0.39
H2-Q1,8.89E-03,2.72E-02,0.39
Sqle,4.00E-12,2.36E-10,0.39
Serpinc1,4.93E-03,1.68E-02,0.39
Htatip2,3.87E-04,2.02E-03,0.39
Cpa1,7.38E-05,5.00E-04,0.39
Spef1,2.14E-08,4.73E-07,0.39
Gcsh,4.61E-11,2.06E-09,0.39
Slc25a29,1.77E-05,1.52E-04,0.39
Actn3,1.00E-03,4.50E-03,0.39
Chchd10,6.89E-07,9.44E-06,0.39
Snora44,1.41E-02,3.95E-02,0.39
Fam124a,2.48E-05,2.01E-04,0.39
Bpgm,1.54E-10,6.06E-09,0.39
Bche,1.69E-05,1.45E-04,0.39
BC022687,2.51E-06,2.83E-05,0.39
Bdh1,4.61E-07,6.78E-06,0.39
0610040J01Rik,1.42E-05,1.26E-04,0.39
Mvk,2.75E-11,1.30E-09,0.39
Ufsp1,1.19E-04,7.49E-04,0.40
Wfdc2,7.27E-03,2.30E-02,0.40
Myl3,9.19E-03,2.79E-02,0.40
Rtn4rl1,5.90E-04,2.89E-03,0.40
Foxf2,8.40E-05,5.56E-04,0.40
2810408I11Rik,4.62E-06,4.82E-05,0.40
Hspb2,3.28E-03,1.20E-02,0.40
Dmrt2,2.91E-03,1.09E-02,0.40
Hmgcs1,1.06E-11,5.40E-10,0.40
Tslp,1.76E-02,4.74E-02,0.40
Tnfrsf19,2.35E-18,4.76E-16,0.40
Ppa1,1.24E-13,1.04E-11,0.40
Mrpl20,1.45E-10,5.77E-09,0.40
Gpr126,2.01E-03,8.05E-03,0.40
Lrrc4,7.51E-04,3.55E-03,0.40
Nap1l5,1.23E-02,3.54E-02,0.40
Ppp1r14b,5.44E-12,3.06E-10,0.40
Slc17a7,1.79E-02,4.79E-02,0.40
Cndp2,4.08E-14,3.65E-12,0.40
Polr2l,9.71E-05,6.31E-04,0.40
Crip1,1.82E-05,1.55E-04,0.40
Vwce,8.88E-04,4.09E-03,0.40
Enpep,1.49E-07,2.57E-06,0.40
Pklr,1.45E-04,8.80E-04,0.40
Ptges2,1.28E-12,8.32E-11,0.41
Tuba1c,5.06E-07,7.32E-06,0.41
Ccdc124,5.52E-15,6.05E-13,0.41
Aldh1a2,1.66E-12,1.04E-10,0.41
Calca,9.04E-03,2.75E-02,0.41
2810417H13Rik,1.51E-07,2.59E-06,0.41
Gm10664,4.74E-05,3.47E-04,0.41
Bysl,7.75E-13,5.31E-11,0.41
Kcne1l,6.64E-07,9.13E-06,0.41
Gpn2,1.24E-12,8.09E-11,0.41
Snord52,1.17E-04,7.38E-04,0.41
Lactb,1.77E-08,4.03E-07,0.41
Rhd,1.45E-03,6.16E-03,0.41
Rab33a,2.24E-03,8.79E-03,0.41
Ermap,5.39E-06,5.46E-05,0.41
Nme1,9.52E-13,6.39E-11,0.41
Akr1b8,1.53E-05,1.34E-04,0.41
Hemgn,1.67E-05,1.45E-04,0.41
Rxfp3,2.60E-03,9.94E-03,0.42
Qprt,3.93E-04,2.04E-03,0.42
Tnnt1,1.45E-03,6.14E-03,0.42
Atp5g1,4.58E-06,4.78E-05,0.42
Ankrd9,5.04E-05,3.66E-04,0.42
Rrm2,2.19E-19,5.07E-17,0.42
Ank1,1.33E-07,2.31E-06,0.42
Pappa2,5.09E-04,2.55E-03,0.42
Itpa,1.51E-09,4.64E-08,0.42
Ggct,3.01E-04,1.63E-03,0.42
Mrps11,4.03E-12,2.37E-10,0.42
Tmem251,1.11E-06,1.41E-05,0.42
Mtfp1,1.05E-07,1.87E-06,0.42
Tll1,2.32E-07,3.77E-06,0.42
Tdo2,8.67E-03,2.66E-02,0.42
Klhl31,3.78E-03,1.35E-02,0.42
Trim55,2.75E-05,2.20E-04,0.42
Dner,1.65E-02,4.50E-02,0.42
Asf1b,1.90E-10,7.38E-09,0.42
3000002C10Rik,6.29E-03,2.04E-02,0.42
Nkain4,8.45E-07,1.12E-05,0.43
Unc45b,6.19E-04,3.01E-03,0.43
Acot7,1.78E-13,1.41E-11,0.43
Foxg1,1.59E-02,4.36E-02,0.43
Grin3b,2.87E-03,1.07E-02,0.43
Kcnip1,7.71E-04,3.64E-03,0.43
Rhag,6.19E-04,3.01E-03,0.43
Lamc3,9.07E-04,4.16E-03,0.43
Dcaf12l1,2.75E-07,4.32E-06,0.43
Snx11,1.19E-13,1.00E-11,0.43
Itgb1bp2,2.11E-03,8.38E-03,0.43
E030030I06Rik,1.48E-02,4.11E-02,0.43
Ndufaf2,1.95E-06,2.29E-05,0.43
Atp5k,5.25E-10,1.81E-08,0.43
Bop1,2.33E-17,4.04E-15,0.43
Marveld3,7.21E-03,2.29E-02,0.43
Mrpl41,2.72E-09,7.75E-08,0.43
Tmem35,7.58E-03,2.38E-02,0.43
Tbl3,4.32E-13,3.20E-11,0.43
Ttc39a,6.53E-06,6.42E-05,0.43
Rps27a,4.92E-08,9.64E-07,0.43
Rspo4,1.23E-02,3.54E-02,0.44
Polr1e,5.77E-08,1.11E-06,0.44
Cenpm,2.99E-08,6.24E-07,0.44
Hsph1,1.84E-20,5.07E-18,0.44
Fam49a,1.06E-09,3.42E-08,0.44
Fabp7,1.03E-02,3.06E-02,0.44
Mal,7.69E-03,2.41E-02,0.44
Pcbd1,5.83E-05,4.14E-04,0.44
AI118078,1.56E-02,4.28E-02,0.44
Ap1s3,1.22E-06,1.53E-05,0.44
Fasn,1.58E-12,9.95E-11,0.44
4930483K19Rik,1.24E-02,3.55E-02,0.44
Clic5,6.72E-03,2.16E-02,0.44
Rpl27,7.18E-06,6.95E-05,0.44
Ntn3,9.99E-10,3.24E-08,0.44
Exosc6,1.64E-10,6.42E-09,0.44
Ccdc12,8.47E-08,1.54E-06,0.44
Tcap,1.33E-02,3.76E-02,0.44
Osr1,4.04E-12,2.37E-10,0.45
Shkbp1,1.94E-15,2.34E-13,0.45
Romo1,5.29E-08,1.03E-06,0.45
Fam195a,3.10E-04,1.67E-03,0.45
Ppp1r14c,4.92E-06,5.08E-05,0.45
Aqp3,4.49E-03,1.55E-02,0.45
Adam1a,5.65E-04,2.79E-03,0.45
Mfsd7b,3.13E-10,1.16E-08,0.45
Pkig,2.78E-06,3.10E-05,0.45
Rasl2-9,7.94E-03,2.48E-02,0.45
Fam89b,4.42E-13,3.23E-11,0.45
Tor3a,1.02E-03,4.59E-03,0.45
Ccnd1,1.22E-12,7.98E-11,0.45
Msrb2,3.05E-06,3.36E-05,0.45
Sept1,1.21E-04,7.60E-04,0.45
Nagpa,1.56E-06,1.89E-05,0.45
Vash2,7.81E-15,8.44E-13,0.45
Tmem100,7.62E-05,5.13E-04,0.45
Slc25a10,5.98E-12,3.31E-10,0.45
Gata5,1.38E-11,6.92E-10,0.45
Letm1,9.40E-11,3.92E-09,0.45
Scn4b,2.75E-03,1.04E-02,0.45
Acpl2,5.96E-09,1.55E-07,0.46
Uqcrq,2.32E-09,6.81E-08,0.46
Homez,5.20E-11,2.30E-09,0.46
Shd,1.39E-05,1.24E-04,0.46
Dancr,1.74E-06,2.07E-05,0.46
Itpka,1.61E-02,4.41E-02,0.46
Phlda2,1.79E-02,4.79E-02,0.46
Serp2,1.26E-03,5.49E-03,0.46
Snord100,4.56E-03,1.57E-02,0.46
Wnt2b,2.69E-05,2.16E-04,0.46
Sac3d1,2.42E-09,7.07E-08,0.46
Doc2a,2.13E-10,8.13E-09,0.46
Bad,1.39E-08,3.28E-07,0.46
Rpia,7.53E-07,1.02E-05,0.46
Lipg,1.47E-04,8.91E-04,0.46
Cyb5b,2.13E-13,1.68E-11,0.46
Isyna1,5.56E-13,3.90E-11,0.46
Tm7sf2,1.18E-06,1.49E-05,0.46
Ppp1r1a,2.41E-05,1.97E-04,0.46
Idh1,1.62E-10,6.36E-09,0.46
Pno1,5.00E-10,1.73E-08,0.46
Gja4,2.39E-04,1.34E-03,0.47
Usmg5,3.78E-05,2.87E-04,0.47
Tst,8.53E-05,5.64E-04,0.47
Edf1,1.20E-08,2.88E-07,0.47
Mns1,2.30E-07,3.74E-06,0.47
Mrpl12,4.69E-09,1.26E-07,0.47
Ciapin1,2.78E-15,3.27E-13,0.47
Sncg,4.12E-03,1.44E-02,0.47
Fdft1,9.31E-08,1.67E-06,0.47
Tmem50b,4.62E-14,4.08E-12,0.47
Mgat5b,1.45E-04,8.83E-04,0.47
Tuba4a,2.86E-05,2.28E-04,0.47
Dhrs4,9.13E-12,4.75E-10,0.47
Aven,5.35E-07,7.67E-06,0.47
Pcolce2,2.61E-03,9.96E-03,0.47
Hspb7,2.85E-04,1.56E-03,0.47
Cdk2ap2,1.31E-10,5.29E-09,0.47
Nutf2,1.53E-08,3.58E-07,0.47
2210016F16Rik,7.72E-08,1.42E-06,0.47
Nhp2,1.14E-10,4.67E-09,0.47
Slmo2,8.36E-13,5.64E-11,0.47
Thbd,1.53E-06,1.86E-05,0.47
Sh2d5,1.60E-03,6.64E-03,0.48
Snord104,2.41E-03,9.35E-03,0.48
Acta1,1.69E-02,4.58E-02,0.48
Fads2,8.62E-15,9.24E-13,0.48
Snord87,1.15E-02,3.34E-02,0.48
Scn5a,1.55E-03,6.48E-03,0.48
Foxh1,9.21E-03,2.79E-02,0.48
Atp1b1,1.81E-12,1.12E-10,0.48
Tpgs2,2.66E-10,9.96E-09,0.48
Hmg20b,1.38E-14,1.39E-12,0.48
Hba-x,1.29E-03,5.59E-03,0.48
Sec13,1.08E-14,1.12E-12,0.48
Gata1,6.34E-04,3.08E-03,0.48
Tuba1a,2.29E-14,2.22E-12,0.48
Rrad,1.19E-03,5.20E-03,0.48
Dusp9,3.91E-12,2.32E-10,0.48
Rspo1,3.97E-10,1.43E-08,0.48
Smcr7,5.70E-09,1.49E-07,0.48
Bves,1.00E-07,1.78E-06,0.48
Snf8,3.15E-07,4.85E-06,0.48
Aacs,1.46E-06,1.78E-05,0.48
Plaur,8.96E-04,4.12E-03,0.48
Bok,6.38E-06,6.28E-05,0.49
Sgk1,2.06E-08,4.59E-07,0.49
Loh12cr1,1.09E-04,6.95E-04,0.49
Tk1,1.44E-10,5.75E-09,0.49
Rbmxl1,8.24E-11,3.47E-09,0.49
Gdnf,1.31E-04,8.13E-04,0.49
Cdk2ap1,1.61E-04,9.62E-04,0.49
Trmt61a,2.74E-07,4.31E-06,0.49
Hopx,8.16E-03,2.53E-02,0.49
2700094K13Rik,3.31E-10,1.21E-08,0.49
Dbi,6.02E-10,2.05E-08,0.49
Prr7,1.36E-03,5.86E-03,0.49
Rbm38,1.06E-11,5.40E-10,0.49
Ankdd1b,7.35E-03,2.32E-02,0.49
Sdhaf1,4.83E-06,5.01E-05,0.49
Mrpl34,1.80E-09,5.44E-08,0.49
Slc4a1,4.28E-03,1.49E-02,0.49
Rpp25l,2.78E-11,1.30E-09,0.49
Cdc34,1.96E-10,7.56E-09,0.49
Scara3,4.06E-06,4.31E-05,0.49
Abcg4,1.58E-03,6.58E-03,0.49
Tmem121,2.54E-04,1.42E-03,0.49
Sigmar1,2.11E-10,8.07E-09,0.49
Rpusd3,1.09E-04,6.94E-04,0.49
Gsta4,3.03E-05,2.39E-04,0.49
Srxn1,3.33E-05,2.60E-04,0.49
Myb,9.59E-04,4.35E-03,0.49
Rcc1,4.76E-13,3.42E-11,0.49
Arl2bp,1.14E-11,5.77E-10,0.49
Fam110a,4.70E-08,9.26E-07,0.49
Dhcr7,2.30E-09,6.75E-08,0.49
Gm10069,1.37E-02,3.85E-02,0.49
Pop5,3.64E-07,5.52E-06,0.49
Txnrd1,4.05E-17,6.88E-15,0.49
Tbcb,7.69E-11,3.25E-09,0.49
Ccdc25,6.45E-10,2.18E-08,0.49
Gltp,1.73E-14,1.70E-12,0.49
1810019D21Rik,1.68E-02,4.57E-02,0.49
Tmem14c,1.10E-09,3.54E-08,0.49
Sec14l2,1.82E-03,7.40E-03,0.49
Dok3,2.61E-03,9.96E-03,0.49
Trim7,3.14E-05,2.47E-04,0.50
Cap2,1.46E-07,2.51E-06,0.50
Samd10,1.50E-06,1.82E-05,0.50
Arg1,2.23E-05,1.84E-04,0.50
Idi1,1.02E-02,3.04E-02,0.50
E130309D02Rik,1.69E-13,1.36E-11,0.50
Snrpa1,1.34E-08,3.18E-07,0.50
Foxf1,6.83E-06,6.67E-05,0.50
Psmb3,2.43E-07,3.92E-06,0.50
Psmb5,1.99E-06,2.33E-05,0.50
3425401B19Rik,1.10E-02,3.22E-02,0.50
Fzd10,5.20E-04,2.60E-03,0.50
Ccdc141,1.70E-05,1.46E-04,0.50
Hsd17b7,5.13E-08,1.00E-06,0.50
Slc35b1,8.98E-12,4.70E-10,0.50
Pradc1,1.67E-05,1.45E-04,0.50
Lsp1,1.32E-10,5.32E-09,0.50
Aim2,1.86E-02,4.96E-02,0.50
Polr2k,5.92E-03,1.95E-02,0.50
Cd83,4.96E-03,1.69E-02,0.50
Wnt4,1.27E-05,1.14E-04,0.50
Fen1,3.64E-15,4.24E-13,0.50
Cox5a,1.58E-09,4.83E-08,0.50
Snora61,1.72E-02,4.65E-02,0.50
Kcnmb4,9.15E-05,5.98E-04,0.50
Hspa12a,8.77E-05,5.78E-04,0.50
Alpk2,8.07E-04,3.77E-03,0.50
Ddit4l,6.73E-03,2.17E-02,0.50
Ppm1g,6.53E-10,2.20E-08,0.51
Trim63,2.88E-03,1.08E-02,0.51
Slc39a8,8.95E-06,8.40E-05,0.51
Uqcr11,3.21E-08,6.64E-07,0.51
Dhx29,8.08E-09,2.01E-07,0.51
Hspb1,1.14E-02,3.31E-02,0.51
Cby1,1.64E-07,2.77E-06,0.51
Fam118b,3.61E-07,5.49E-06,0.51
Idh3a,7.92E-13,5.39E-11,0.51
4933417G07Rik,3.36E-03,1.22E-02,0.51
Rrp12,1.38E-09,4.30E-08,0.51
Glo1,8.54E-03,2.63E-02,0.51
Lig4,5.67E-08,1.10E-06,0.51
Fam20c,4.08E-04,2.11E-03,0.51
Nubp1,1.99E-12,1.22E-10,0.51
Gmppb,1.35E-07,2.33E-06,0.51
9330159F19Rik,1.73E-02,4.66E-02,0.51
Ndufa5,2.93E-08,6.16E-07,0.51
Xk,7.78E-04,3.67E-03,0.51
Tubb2a-ps2,1.60E-09,4.89E-08,0.51
Alpl,5.18E-06,5.29E-05,0.51
Akirin1,2.57E-06,2.89E-05,0.51
Fam115c,8.20E-07,1.09E-05,0.51
Eva1a,8.06E-03,2.51E-02,0.51
Gpd1l,7.56E-08,1.39E-06,0.51
Bex4,1.04E-03,4.63E-03,0.51
Tmem160,4.46E-07,6.58E-06,0.51
Relt,1.15E-03,5.04E-03,0.51
Ush1c,8.48E-03,2.62E-02,0.51
Crip2,4.80E-07,6.99E-06,0.51
Smpdl3b,5.63E-03,1.87E-02,0.51
Nos3,6.35E-07,8.83E-06,0.51
Psmc5,3.22E-11,1.49E-09,0.51
Pde9a,1.29E-03,5.59E-03,0.51
Lss,2.11E-04,1.21E-03,0.51
Ccdc86,2.38E-07,3.86E-06,0.51
Ripply3,1.91E-03,7.69E-03,0.51
Glrx5,1.63E-07,2.77E-06,0.51
Fam131b,4.41E-04,2.25E-03,0.51
Fam64a,5.73E-14,4.98E-12,0.51
Psmd13,2.82E-14,2.62E-12,0.51
Snhg4,2.86E-05,2.28E-04,0.52
Rplp0,3.98E-14,3.60E-12,0.52
Gimap9,6.85E-04,3.29E-03,0.52
Timm13,6.88E-08,1.29E-06,0.52
Grrp1,2.36E-05,1.94E-04,0.52
Pop7,2.37E-06,2.69E-05,0.52
Tmem223,5.79E-07,8.19E-06,0.52
Ndufaf4,9.86E-07,1.28E-05,0.52
Cox7a2,3.72E-07,5.62E-06,0.52
Cyp51,3.40E-06,3.70E-05,0.52
Timm10,7.00E-09,1.77E-07,0.52
9630033F20Rik,2.71E-07,4.28E-06,0.52
Znhit2,5.72E-06,5.73E-05,0.52
Tmem97,1.55E-05,1.36E-04,0.52
Vtn,1.31E-03,5.67E-03,0.52
Maob,1.10E-02,3.22E-02,0.52
Kcnj5,5.15E-03,1.74E-02,0.52
Sssca1,1.77E-07,2.97E-06,0.52
Cib1,1.01E-06,1.30E-05,0.52
Zfyve28,9.87E-03,2.96E-02,0.52
Ube2n,8.22E-09,2.04E-07,0.52
Ube2f,8.17E-07,1.09E-05,0.52
Cryab,3.67E-04,1.93E-03,0.52
Tppp3,4.96E-04,2.50E-03,0.52
Nfatc2ip,2.90E-08,6.10E-07,0.52
Pcyt2,1.99E-05,1.67E-04,0.52
Pygm,1.53E-03,6.42E-03,0.52
Ahsa1,2.91E-13,2.23E-11,0.52
Tmod1,1.15E-04,7.28E-04,0.52
Mcts2,9.43E-07,1.23E-05,0.52
Polr2i,4.75E-07,6.95E-06,0.52
Wnt7b,5.29E-03,1.78E-02,0.52
Fanca,2.71E-05,2.17E-04,0.52
Dctpp1,8.84E-08,1.60E-06,0.52
Lsm6,1.40E-08,3.32E-07,0.52
Abhd8,8.41E-07,1.12E-05,0.52
Ercc8,2.48E-08,5.35E-07,0.52
Tubg1,7.80E-12,4.15E-10,0.53
Aarsd1,2.91E-09,8.23E-08,0.53
Rhpn1,3.59E-05,2.76E-04,0.53
Ndufa1,2.65E-08,5.66E-07,0.53
Rnd2,5.58E-05,3.99E-04,0.53
Fam174b,2.94E-08,6.17E-07,0.53
Frk,3.23E-03,1.18E-02,0.53
Tubb4b,1.87E-08,4.24E-07,0.53
Snn,1.21E-15,1.50E-13,0.53
Gna14,4.18E-05,3.14E-04,0.53
Klhdc4,2.62E-05,2.11E-04,0.53
Abcb10,2.46E-09,7.17E-08,0.53
Dnajb5,7.99E-08,1.46E-06,0.53
Sc5d,4.04E-07,6.03E-06,0.53
Phf5a,3.54E-10,1.29E-08,0.53
Hmgcr,7.30E-07,9.93E-06,0.53
Exosc1,3.77E-08,7.62E-07,0.53
BC002163,2.16E-04,1.23E-03,0.53
Ddt,2.74E-05,2.19E-04,0.53
Qrsl1,1.57E-07,2.66E-06,0.53
Coprs,6.13E-07,8.57E-06,0.53
Spta1,1.44E-03,6.12E-03,0.53
Gsg2,1.20E-08,2.88E-07,0.53
Gtf2a2,2.87E-05,2.28E-04,0.53
Rnaseh2c,8.86E-06,8.33E-05,0.53
Dpf1,4.77E-07,6.95E-06,0.53
Apex1,1.02E-10,4.23E-09,0.53
Gal3st3,4.89E-04,2.47E-03,0.53
Slc26a6,5.50E-04,2.73E-03,0.53
Epb4.9,5.56E-06,5.60E-05,0.53
Cetn2,2.70E-06,3.02E-05,0.53
Tsfm,8.29E-10,2.72E-08,0.53
Nat8l,3.03E-03,1.12E-02,0.53
Nubp2,4.16E-10,1.48E-08,0.53
Tdrd1,2.27E-03,8.91E-03,0.53
Sf3b4,3.74E-09,1.03E-07,0.53
Wbscr22,4.98E-10,1.73E-08,0.53
Cox6c,1.05E-06,1.35E-05,0.53
Snhg3,1.66E-04,9.87E-04,0.53
Cfb,4.30E-03,1.50E-02,0.53
Unc45a,6.84E-10,2.29E-08,0.53
Lyar,2.80E-08,5.93E-07,0.53
Bola1,7.96E-05,5.32E-04,0.53
Rasl11a,1.18E-03,5.18E-03,0.53
Erh,1.95E-04,1.13E-03,0.53
Mpi,2.03E-09,6.06E-08,0.54
Nudt22,2.33E-04,1.31E-03,0.54
Ube2l3,2.90E-10,1.08E-08,0.54
Kti12,5.23E-11,2.30E-09,0.54
Rangap1,2.13E-16,3.14E-14,0.54
Atox1,2.81E-09,7.99E-08,0.54
Kbtbd8,6.85E-05,4.73E-04,0.54
Fez1,7.08E-03,2.26E-02,0.54
Sdf2l1,6.22E-11,2.68E-09,0.54
Myocd,1.16E-03,5.09E-03,0.54
Rtn1,1.75E-03,7.16E-03,0.54
Trp53rk,1.34E-03,5.77E-03,0.54
Art5,1.60E-02,4.39E-02,0.54
Eif5a,1.31E-08,3.12E-07,0.54
Ttpal,1.58E-07,2.69E-06,0.54
Wdr6,1.11E-17,2.02E-15,0.54
Ucp2,8.56E-07,1.13E-05,0.54
Adcy7,2.31E-04,1.31E-03,0.54
Arpc5l,3.15E-07,4.85E-06,0.54
Slc38a5,3.21E-03,1.17E-02,0.54
Ppil1,9.57E-12,4.93E-10,0.54
Tex30,2.49E-05,2.02E-04,0.54
Ptrh2,1.19E-12,7.85E-11,0.54
Gyg,1.14E-10,4.67E-09,0.54
Gcat,4.21E-07,6.25E-06,0.54
Hsd11b2,6.70E-06,6.55E-05,0.54
Pcbp4,4.05E-09,1.10E-07,0.54
Map2k2,1.53E-08,3.58E-07,0.54
Brms1,4.68E-09,1.25E-07,0.54
Flywch2,3.97E-03,1.40E-02,0.54
Trp53inp2,9.98E-12,5.12E-10,0.54
Pitpnm1,2.38E-03,9.26E-03,0.54
Ndufa11,1.06E-06,1.35E-05,0.54
Ppargc1a,6.42E-04,3.11E-03,0.54
Pdss1,1.68E-05,1.45E-04,0.54
Tal1,1.75E-05,1.51E-04,0.54
Usp43,1.41E-02,3.96E-02,0.54
Rimkla,1.53E-02,4.21E-02,0.54
Ssna1,1.07E-07,1.90E-06,0.54
1500032L24Rik,1.24E-06,1.55E-05,0.55
Gamt,2.29E-04,1.29E-03,0.55
2610019E17Rik,5.16E-03,1.74E-02,0.55
1810022K09Rik,2.08E-03,8.27E-03,0.55
Zfp599,1.36E-04,8.35E-04,0.55
Snrpb,2.13E-11,1.02E-09,0.55
Ret,9.89E-04,4.46E-03,0.55
Rbm43,1.06E-03,4.71E-03,0.55
Asb13,1.05E-06,1.35E-05,0.55
Dnaja4,3.47E-04,1.84E-03,0.55
Nup93,1.16E-11,5.87E-10,0.55
Rps12,1.04E-03,4.65E-03,0.55
Swsap1,1.37E-04,8.39E-04,0.55
Ndufa4,7.81E-09,1.95E-07,0.55
Glrx,5.48E-05,3.93E-04,0.55
1700086O06Rik,1.17E-03,5.15E-03,0.55
Mdh2,6.32E-11,2.72E-09,0.55
Nkain1,1.91E-08,4.33E-07,0.55
Mrpl22,1.98E-05,1.67E-04,0.55
Hspbp1,1.27E-09,3.99E-08,0.55
Cacybp,6.64E-07,9.13E-06,0.55
Zfp385a,5.12E-08,9.99E-07,0.55
N6amt2,9.73E-07,1.26E-05,0.55
Guk1,6.97E-07,9.50E-06,0.55
Nedd8,3.94E-08,7.93E-07,0.55
Kel,4.95E-03,1.68E-02,0.55
Rps27l,2.81E-08,5.93E-07,0.55
Stox1,7.20E-03,2.29E-02,0.55
Tyms,1.25E-13,1.04E-11,0.55
Mrps12,1.65E-06,1.97E-05,0.55
Rexo2,8.86E-10,2.89E-08,0.55
Sarm1,1.34E-02,3.77E-02,0.55
Gtf3c6,3.50E-09,9.68E-08,0.55
Cyc1,2.85E-09,8.11E-08,0.55
Jagn1,6.49E-07,8.98E-06,0.55
D030028A08Rik,1.84E-03,7.48E-03,0.55
Ehd1,1.31E-09,4.10E-08,0.55
Ppp2r1b,5.35E-13,3.77E-11,0.55
Lhx6,2.82E-03,1.06E-02,0.55
Nme3,4.61E-06,4.81E-05,0.55
C630043F03Rik,8.59E-06,8.14E-05,0.55
Rrp9,1.67E-05,1.45E-04,0.55
Med8,2.08E-08,4.62E-07,0.55
Tecrl,4.84E-05,3.54E-04,0.55
Atp5j2,8.89E-08,1.60E-06,0.55
Myo5c,3.92E-03,1.38E-02,0.56
Ctu2,1.70E-08,3.89E-07,0.56
Gca,3.19E-03,1.17E-02,0.56
Smox,5.69E-09,1.49E-07,0.56
Phb,3.03E-08,6.32E-07,0.56
Lhfp,1.78E-06,2.10E-05,0.56
Rps16,1.33E-03,5.74E-03,0.56
Lgr5,1.46E-02,4.05E-02,0.56
Tssc1,7.57E-05,5.11E-04,0.56
Emc8,3.94E-16,5.52E-14,0.56
Rps4y2,1.47E-06,1.80E-05,0.56
Col9a1,1.65E-04,9.81E-04,0.56
Hras1,1.57E-08,3.62E-07,0.56
Psmc4,6.96E-10,2.32E-08,0.56
Sost,9.24E-04,4.22E-03,0.56
Pir,5.88E-03,1.93E-02,0.56
4833439L19Rik,2.44E-09,7.12E-08,0.56
Tyms-ps,3.51E-06,3.79E-05,0.56
Psmc2,1.00E-08,2.45E-07,0.56
Mrto4,4.89E-06,5.06E-05,0.56
Tubb2b,7.86E-10,2.59E-08,0.56
Rbp1,2.11E-07,3.48E-06,0.56
Mad1l1,7.84E-12,4.16E-10,0.56
Wdr18,2.08E-09,6.17E-08,0.56
Pla2g16,2.36E-03,9.20E-03,0.56
Acot1,1.52E-03,6.39E-03,0.56
Fam72a,1.20E-03,5.26E-03,0.56
Dhrs11,1.88E-03,7.60E-03,0.56
Taf9b,1.52E-03,6.39E-03,0.56
Blvrb,4.46E-05,3.31E-04,0.56
Car2,6.37E-04,3.08E-03,0.56
Nmral1,9.38E-11,3.92E-09,0.56
Cad,2.46E-07,3.95E-06,0.56
Tex9,2.77E-08,5.87E-07,0.56
Mrpl4,1.94E-08,4.39E-07,0.56
Atp5e,1.61E-06,1.94E-05,0.56
Alad,2.03E-04,1.17E-03,0.56
Tbx18,2.74E-06,3.05E-05,0.56
Pde12,1.99E-08,4.46E-07,0.56
Aen,5.50E-07,7.86E-06,0.56
Zbtb42,1.05E-03,4.69E-03,0.56
Mrps28,1.34E-05,1.20E-04,0.56
1110008F13Rik,5.21E-06,5.30E-05,0.56
Pgd,2.70E-14,2.54E-12,0.56
Asna1,1.14E-09,3.63E-08,0.56
Dnph1,1.04E-05,9.56E-05,0.56
Taf12,3.61E-07,5.48E-06,0.56
Abcf2,5.36E-11,2.34E-09,0.56
Sephs2,4.51E-09,1.22E-07,0.56
Eif2b2,1.19E-09,3.79E-08,0.56
A730017C20Rik,1.04E-03,4.64E-03,0.56
Acsl5,2.37E-07,3.84E-06,0.56
Sh3bgrl2,3.94E-06,4.20E-05,0.56
Rtca,4.49E-08,8.94E-07,0.56
Fbxo34,1.94E-05,1.63E-04,0.56
Gtf2f2,2.12E-06,2.45E-05,0.56
Ncs1,7.81E-12,4.15E-10,0.57
Zcchc17,8.50E-06,8.07E-05,0.57
Pgp,1.34E-04,8.28E-04,0.57
D8Ertd738e,2.46E-07,3.95E-06,0.57
Mrpl18,5.60E-07,7.98E-06,0.57
Rpa1,9.82E-15,1.04E-12,0.57
Fam53a,8.19E-07,1.09E-05,0.57
Cisd1,2.53E-05,2.05E-04,0.57
Slc52a2,5.32E-05,3.83E-04,0.57
Olfml2b,2.45E-05,1.99E-04,0.57
9130401M01Rik,8.60E-06,8.14E-05,0.57
Slirp,1.52E-05,1.34E-04,0.57
Dnajc9,1.23E-08,2.96E-07,0.57
Ebp,3.10E-05,2.45E-04,0.57
Lhpp,1.34E-04,8.26E-04,0.57
Adrm1,2.11E-05,1.76E-04,0.57
Wdr46,4.95E-09,1.31E-07,0.57
Il13ra1,1.56E-04,9.35E-04,0.57
Shisa4,6.86E-06,6.68E-05,0.57
Nkrf,1.44E-05,1.27E-04,0.57
Sbk1,4.04E-14,3.64E-12,0.57
Tmem216,4.36E-06,4.60E-05,0.57
Cox6a1,2.46E-07,3.95E-06,0.57
Tmed2,1.10E-03,4.87E-03,0.57
Fbl,2.09E-04,1.20E-03,0.57
Tomm40l,9.80E-10,3.18E-08,0.57
Ung,4.06E-07,6.05E-06,0.57
Med29,2.06E-04,1.19E-03,0.57
Sdhb,2.52E-07,4.03E-06,0.57
Spsb4,4.49E-08,8.94E-07,0.57
Nme2,1.97E-06,2.31E-05,0.57
Cdk5r1,2.62E-04,1.45E-03,0.57
Tomm40,8.84E-08,1.60E-06,0.57
Mllt1,8.10E-14,6.90E-12,0.57
Rab38,1.88E-02,4.98E-02,0.57
Smoc1,2.57E-04,1.43E-03,0.57
L3mbtl2,6.82E-09,1.73E-07,0.57
Psmg3,2.06E-08,4.59E-07,0.57
Gstp1,6.85E-06,6.68E-05,0.57
Limd2,6.55E-10,2.21E-08,0.57
Slc16a12,2.41E-04,1.35E-03,0.57
Gdpgp1,5.94E-04,2.90E-03,0.57
Mrpl36,4.84E-05,3.53E-04,0.57
Dbn1,8.22E-16,1.07E-13,0.57
Fam117a,4.35E-05,3.24E-04,0.57
Ogdh,2.00E-18,4.15E-16,0.58
Atp5g3,9.91E-09,2.42E-07,0.58
Nde1,9.29E-12,4.81E-10,0.58
L1td1,7.36E-03,2.33E-02,0.58
Ranbp1,5.62E-07,8.00E-06,0.58
Dcakd,2.14E-12,1.31E-10,0.58
Panx1,3.07E-07,4.76E-06,0.58
Rogdi,1.29E-05,1.16E-04,0.58
Ddx39,1.97E-08,4.44E-07,0.58
Ddx21,2.57E-07,4.10E-06,0.58
Pomp,1.68E-07,2.84E-06,0.58
Psmc3,7.11E-12,3.85E-10,0.58
Gstt2,1.44E-02,4.03E-02,0.58
Ptpn1,6.14E-12,3.35E-10,0.58
Nt5c,1.48E-04,8.94E-04,0.58
Pkia,8.30E-07,1.11E-05,0.58
Tubb3,1.66E-03,6.87E-03,0.58
Mbnl3,3.45E-06,3.74E-05,0.58
Gstm7,2.63E-03,1.00E-02,0.58
Cdc6,7.39E-12,3.97E-10,0.58
Camkk2,2.85E-11,1.33E-09,0.58
Dph3,1.52E-07,2.60E-06,0.58
Reep6,1.36E-03,5.85E-03,0.58
Snapc5,9.74E-05,6.32E-04,0.58
Arrdc4,3.10E-03,1.14E-02,0.58
Elof1,5.87E-08,1.13E-06,0.58
2310011J03Rik,9.03E-07,1.18E-05,0.58
Neto2,6.21E-05,4.36E-04,0.58
Wrap53,6.87E-08,1.29E-06,0.58
Polr2f,2.46E-05,2.00E-04,0.58
Efna4,7.59E-06,7.29E-05,0.58
Rnf187,3.85E-10,1.39E-08,0.58
Art4,2.09E-03,8.32E-03,0.58
1810043H04Rik,1.39E-03,5.94E-03,0.58
Alyref2,1.01E-02,3.02E-02,0.58
Cpne5,1.01E-02,3.02E-02,0.58
Ublcp1,3.84E-03,1.36E-02,0.58
Rmdn2,2.28E-03,8.94E-03,0.58
Dpm2,7.04E-08,1.32E-06,0.58
Nop9,8.44E-08,1.54E-06,0.58
Umps,5.26E-13,3.72E-11,0.58
Inip,3.74E-09,1.03E-07,0.58
Nphp1,3.93E-06,4.19E-05,0.58
Bola2,7.57E-05,5.11E-04,0.58
Clp1,1.33E-07,2.32E-06,0.58
Ccdc101,1.01E-05,9.38E-05,0.58
Atp5o,6.70E-08,1.26E-06,0.58
Haus4,6.35E-05,4.44E-04,0.58
Ndufb6,3.84E-08,7.75E-07,0.58
Klhl25,1.60E-07,2.71E-06,0.58
Grwd1,5.90E-07,8.31E-06,0.58
Srm,1.51E-06,1.83E-05,0.58
Hcn4,1.48E-03,6.26E-03,0.58
Map1a,1.24E-05,1.12E-04,0.58
Cbx2,3.29E-13,2.46E-11,0.58
Aes,1.67E-06,2.00E-05,0.58
Ptp4a1,5.34E-03,1.79E-02,0.58
Psmb10,2.79E-03,1.05E-02,0.59
Ttpa,6.29E-03,2.05E-02,0.59
Uqcrb,2.38E-03,9.24E-03,0.59
Insig1,5.71E-04,2.82E-03,0.59
Mrps21,1.02E-06,1.31E-05,0.59
Ttyh2,3.08E-03,1.14E-02,0.59
1810009A15Rik,3.59E-05,2.76E-04,0.59
Ost4,4.62E-05,3.40E-04,0.59
Stra6,3.89E-08,7.83E-07,0.59
Ykt6,1.50E-11,7.47E-10,0.59
Ddx31,1.78E-06,2.11E-05,0.59
2810428I15Rik,2.20E-04,1.25E-03,0.59
Rpl34,3.78E-03,1.35E-02,0.59
Gpx1,7.40E-06,7.13E-05,0.59
Dnajc15,7.53E-05,5.09E-04,0.59
Mrpl16,2.16E-07,3.54E-06,0.59
Pank1,2.52E-05,2.04E-04,0.59
Mycl1,9.14E-05,5.98E-04,0.59
Ppfia3,1.68E-02,4.55E-02,0.59
Nans,3.82E-12,2.29E-10,0.59
Mrps24,4.78E-05,3.49E-04,0.59
Slc25a39,7.92E-07,1.07E-05,0.59
Scly,6.27E-05,4.39E-04,0.59
Trim62,1.40E-04,8.56E-04,0.59
Nop10,5.85E-05,4.16E-04,0.59
Fndc4,2.48E-07,3.98E-06,0.59
Tomm5,6.78E-05,4.69E-04,0.59
Smim11,2.98E-04,1.61E-03,0.59
Pcyt1b,3.35E-05,2.61E-04,0.59
Ethe1,5.84E-04,2.87E-03,0.59
Nxt1,2.50E-06,2.83E-05,0.59
Gtf2h5,2.91E-06,3.23E-05,0.59
Mrps6,5.20E-05,3.76E-04,0.59
Lrrn1,6.52E-03,2.11E-02,0.59
Dhfr,3.26E-07,4.99E-06,0.59
Cmc2,1.12E-04,7.13E-04,0.59
Ndufb7,6.23E-08,1.19E-06,0.59
Fam198b,3.41E-05,2.65E-04,0.59
Psmb6,6.44E-07,8.93E-06,0.59
Cenpj,7.43E-07,1.01E-05,0.59
Actl6a,4.38E-09,1.18E-07,0.59
Tlcd2,1.54E-03,6.46E-03,0.59
Gne,5.62E-07,8.00E-06,0.59
Srsf2,2.77E-10,1.04E-08,0.59
Pik3r2,6.90E-07,9.44E-06,0.59
Nudcd2,1.40E-06,1.71E-05,0.59
Pdlim4,5.11E-06,5.23E-05,0.59
Nolc1,2.69E-08,5.73E-07,0.59
Mphosph10,1.59E-05,1.39E-04,0.59
Vac14,1.17E-06,1.48E-05,0.59
Bud31,9.27E-04,4.23E-03,0.59
Chaf1b,3.54E-05,2.74E-04,0.59
Psmd14,7.18E-08,1.34E-06,0.59
Dyrk3,8.73E-04,4.03E-03,0.59
Dnaja1,1.81E-06,2.14E-05,0.59
Ift27,2.71E-05,2.17E-04,0.59
Marcksl1,6.14E-09,1.59E-07,0.59
Pop1,1.35E-03,5.81E-03,0.59
Rbpms2,2.82E-07,4.42E-06,0.59
Zfp428,3.55E-06,3.84E-05,0.59
Mrpl11,3.25E-05,2.54E-04,0.59
Magoh,1.72E-08,3.93E-07,0.59
Cnih2,5.31E-04,2.64E-03,0.59
Mrps18c,2.14E-04,1.22E-03,0.59
Hnrnpab,1.31E-08,3.12E-07,0.59
Ccdc23,3.61E-05,2.78E-04,0.59
Dnajb11,3.67E-08,7.44E-07,0.59
Ccnyl1,1.04E-05,9.60E-05,0.60
9830147E19Rik,6.91E-03,2.22E-02,0.60
Lsmd1,3.63E-05,2.79E-04,0.60
Rbm19,1.50E-09,4.62E-08,0.60
Atp2a2,4.63E-11,2.06E-09,0.60
Stmn1,7.04E-06,6.83E-05,0.60
Pde5a,7.91E-08,1.45E-06,0.60
Aldh4a1,2.96E-06,3.27E-05,0.60
Shf,2.40E-06,2.72E-05,0.60
Prdx2,8.28E-08,1.51E-06,0.60
Tnni1,2.19E-05,1.81E-04,0.60
Gpatch4,3.96E-05,2.99E-04,0.60
Enho,2.38E-03,9.25E-03,0.60
Mettl21d,4.63E-04,2.35E-03,0.60
Fbxo22,7.41E-10,2.46E-08,0.60
Coq7,6.61E-05,4.60E-04,0.60
Coq10b,2.61E-03,9.96E-03,0.60
Wdr8,8.69E-07,1.14E-05,0.60
Aifm1,4.19E-11,1.89E-09,0.60
9430023L20Rik,1.66E-06,1.99E-05,0.60
Clhc1,1.28E-06,1.59E-05,0.60
Impa1,2.88E-08,6.08E-07,0.60
Rfc3,7.34E-14,6.30E-12,0.60
Ncbp1,1.68E-09,5.11E-08,0.60
St8sia2,1.06E-04,6.81E-04,0.60
Bak1,1.33E-06,1.64E-05,0.60
Fam210b,3.67E-07,5.55E-06,0.60
Agfg2,7.04E-06,6.83E-05,0.60
Mrpl51,2.69E-04,1.48E-03,0.60
Cluh,7.29E-08,1.36E-06,0.60
Arl6ip4,2.90E-07,4.53E-06,0.60
Magohb,1.13E-03,4.98E-03,0.60
Iscu,4.53E-03,1.56E-02,0.60
Atp5j,6.14E-06,6.09E-05,0.60
Csnk2b,3.17E-08,6.59E-07,0.60
Eif2b4,7.11E-08,1.33E-06,0.60
Chp1,1.57E-06,1.89E-05,0.60
Asb6,6.15E-06,6.10E-05,0.60
Cdc42se1,1.54E-08,3.59E-07,0.60
Add2,3.96E-03,1.40E-02,0.60
C2cd2l,2.10E-04,1.20E-03,0.60
Ctnnbip1,8.55E-07,1.13E-05,0.60
Mat2a,1.96E-07,3.27E-06,0.60
Npm3,1.83E-03,7.44E-03,0.60
Gps1,6.13E-05,4.32E-04,0.60
Tamm41,4.54E-05,3.35E-04,0.60
Naa10,5.24E-06,5.33E-05,0.60
Calm1,2.29E-10,8.73E-09,0.60
Lsm1,1.61E-04,9.59E-04,0.60
Cd24a,1.70E-06,2.03E-05,0.60
Scnn1a,1.58E-02,4.34E-02,0.60
Gypa,6.49E-03,2.10E-02,0.60
Slc20a1,6.33E-08,1.21E-06,0.60
Ctps,3.78E-06,4.05E-05,0.60
Myo7a,9.62E-03,2.89E-02,0.60
Hypk,2.31E-06,2.63E-05,0.60
Pa2g4,3.55E-07,5.41E-06,0.60
Cnp,1.66E-04,9.89E-04,0.61
Mtfr1l,1.39E-06,1.70E-05,0.61
Dusp18,1.18E-04,7.43E-04,0.61
Mad2l1,4.77E-07,6.95E-06,0.61
Msl3l2,1.24E-03,5.39E-03,0.61
Alyref,6.94E-07,9.48E-06,0.61
Dynll1,1.40E-07,2.41E-06,0.61
0610010K14Rik,3.31E-08,6.83E-07,0.61
Slc35e3,6.53E-04,3.15E-03,0.61
Ndrg4,6.92E-04,3.32E-03,0.61
Asf1a,1.62E-05,1.41E-04,0.61
Josd2,1.71E-04,1.02E-03,0.61
Gpr180,6.08E-05,4.29E-04,0.61
Cdr2,1.41E-05,1.25E-04,0.61
Pdf,1.05E-06,1.34E-05,0.61
Chmp6,4.37E-06,4.61E-05,0.61
Vwa2,5.62E-03,1.87E-02,0.61
Sms,9.52E-05,6.20E-04,0.61
Psma7,3.85E-07,5.79E-06,0.61
Uqcr10,3.40E-05,2.64E-04,0.61
Tigd5,2.07E-03,8.26E-03,0.61
Ogfr,4.76E-10,1.66E-08,0.61
Bola3,9.72E-04,4.40E-03,0.61
Nap1l2,1.17E-02,3.39E-02,0.61
Gcnt2,3.22E-03,1.18E-02,0.61
Pnmal2,1.14E-02,3.32E-02,0.61
Ltv1,3.07E-06,3.38E-05,0.61
Pebp1,3.05E-07,4.74E-06,0.61
Mon1a,2.33E-03,9.10E-03,0.61
Macrod2,1.13E-02,3.30E-02,0.61
Uchl3,2.42E-04,1.35E-03,0.61
Hspe1,1.41E-06,1.72E-05,0.61
Mid1ip1,2.22E-03,8.74E-03,0.61
Lsm3,1.95E-05,1.64E-04,0.61
Wbp1,4.56E-06,4.77E-05,0.61
Ccdc32,3.61E-04,1.91E-03,0.61
Aif1l,5.29E-11,2.32E-09,0.61
Shfm1,2.28E-06,2.61E-05,0.61
Plekho1,4.94E-07,7.17E-06,0.61
Arntl,3.10E-03,1.14E-02,0.61
Alg3,1.19E-05,1.08E-04,0.61
Ict1,7.21E-05,4.92E-04,0.61
Acly,1.03E-06,1.33E-05,0.61
Tomm22,3.35E-04,1.79E-03,0.61
Crcp,2.04E-05,1.71E-04,0.61
Gpx7,4.27E-04,2.19E-03,0.61
Tarbp2,1.79E-05,1.53E-04,0.61
Ephb1,2.25E-03,8.83E-03,0.61
Fam203a,2.89E-06,3.21E-05,0.61
Snrnp40,1.88E-07,3.14E-06,0.61
Tesk1,3.31E-07,5.05E-06,0.61
Lsm2,1.93E-06,2.26E-05,0.61
Casp8,2.75E-04,1.51E-03,0.61
Hmbs,4.97E-06,5.11E-05,0.61
Nuf2,7.91E-06,7.57E-05,0.61
H2afy,3.64E-11,1.66E-09,0.61
Vat1l,3.83E-03,1.36E-02,0.61
Mfsd3,1.59E-02,4.35E-02,0.61
Mrpl46,7.03E-05,4.83E-04,0.61
Uchl5,3.72E-04,1.95E-03,0.61
Gdpd1,2.32E-05,1.91E-04,0.61
Stip1,2.70E-14,2.54E-12,0.61
Gsr,4.66E-06,4.86E-05,0.61
Cdkn3,8.64E-03,2.65E-02,0.61
Uchl4,3.67E-04,1.93E-03,0.61
Nt5dc2,2.96E-06,3.27E-05,0.61
Msra,5.81E-04,2.86E-03,0.62
Zfp593,7.59E-04,3.58E-03,0.62
9530082P21Rik,9.61E-07,1.25E-05,0.62
Denr,1.85E-05,1.58E-04,0.62
Pcna,3.37E-09,9.42E-08,0.62
H2afy2,4.84E-09,1.29E-07,0.62
Sf3b5,8.38E-06,7.98E-05,0.62
Tlcd1,4.49E-03,1.55E-02,0.62
Tmod2,1.27E-04,7.88E-04,0.62
Cox19,2.33E-05,1.91E-04,0.62
Hspd1,1.33E-08,3.17E-07,0.62
Gale,1.18E-03,5.20E-03,0.62
Psmd6,3.55E-08,7.23E-07,0.62
Rfng,6.96E-06,6.77E-05,0.62
Metrn,2.12E-05,1.76E-04,0.62
E2f2,8.27E-04,3.85E-03,0.62
Ctdp1,3.80E-07,5.72E-06,0.62
Opa3,5.78E-07,8.19E-06,0.62
Psmd7,1.20E-09,3.80E-08,0.62
Ptms,2.53E-09,7.31E-08,0.62
Taf6l,1.64E-05,1.42E-04,0.62
Banf1,7.31E-05,4.97E-04,0.62
Txn2,1.55E-07,2.64E-06,0.62
Sod2,1.28E-06,1.59E-05,0.62
Slc10a3,4.37E-03,1.52E-02,0.62
Rps19bp1,2.28E-04,1.29E-03,0.62
Usp39,6.51E-07,9.00E-06,0.62
Nadk,3.70E-10,1.34E-08,0.62
Crabp2,4.55E-04,2.32E-03,0.62
Tada2b,3.30E-05,2.58E-04,0.62
Nlgn3,1.85E-02,4.92E-02,0.62
Cmklr1,3.51E-03,1.27E-02,0.62
Rnmtl1,1.32E-03,5.71E-03,0.62
Smarce1,4.52E-06,4.75E-05,0.62
Rab31,2.64E-07,4.19E-06,0.62
Gli1,2.24E-03,8.80E-03,0.62
Mlf1,1.39E-02,3.91E-02,0.62
Klc2,8.96E-06,8.40E-05,0.62
Dnlz,8.14E-06,7.77E-05,0.62
Sptbn2,4.49E-05,3.32E-04,0.62
9930014A18Rik,1.79E-02,4.79E-02,0.62
Urod,4.08E-07,6.08E-06,0.62
Fkbp4,2.77E-08,5.87E-07,0.62
E130012A19Rik,1.29E-03,5.59E-03,0.62
1110004E09Rik,1.42E-04,8.64E-04,0.62
Tusc2,7.47E-07,1.01E-05,0.62
Tprn,2.25E-03,8.83E-03,0.62
Psmd1,5.81E-12,3.25E-10,0.62
Tceb1,4.52E-05,3.34E-04,0.62
6530402F18Rik,7.18E-03,2.28E-02,0.62
Slc46a1,3.46E-03,1.25E-02,0.62
Rundc3a,1.44E-02,4.00E-02,0.62
Cenpv,1.11E-02,3.24E-02,0.62
Pvrl1,8.27E-05,5.50E-04,0.62
Ndufb9,7.56E-05,5.11E-04,0.62
Skp1a,3.77E-06,4.04E-05,0.62
Cox10,3.21E-06,3.51E-05,0.62
Npm3-ps1,9.02E-04,4.14E-03,0.62
Mtch2,2.03E-08,4.53E-07,0.62
Noc4l,8.40E-07,1.12E-05,0.62
Rcan2,2.30E-04,1.30E-03,0.62
Sergef,1.25E-02,3.57E-02,0.62
Zswim1,2.50E-05,2.02E-04,0.62
Med11,3.86E-04,2.02E-03,0.62
Naa60,5.69E-08,1.10E-06,0.62
Znhit1,1.81E-04,1.06E-03,0.62
Chchd2,9.88E-05,6.39E-04,0.62
Rcc2,1.83E-11,8.89E-10,0.62
Pycrl,2.55E-06,2.87E-05,0.62
Psmc1,1.49E-05,1.32E-04,0.62
Rpf2,9.32E-05,6.08E-04,0.62
Tmem37,1.81E-02,4.85E-02,0.62
4930453N24Rik,2.43E-05,1.98E-04,0.62
Hprt,2.99E-06,3.30E-05,0.62
Mien1,1.57E-04,9.40E-04,0.62
Ctxn1,9.02E-06,8.44E-05,0.62
E2f4,5.96E-09,1.55E-07,0.62
Mrpl21,4.98E-04,2.51E-03,0.62
Hmgn3,7.80E-04,3.67E-03,0.62
Slc35g1,5.66E-03,1.88E-02,0.62
Cpm,3.24E-03,1.19E-02,0.62
Ssu72,6.98E-07,9.51E-06,0.62
Ndn,2.04E-09,6.07E-08,0.63
Rbm15b,1.51E-11,7.47E-10,0.63
Gtse1,1.48E-08,3.47E-07,0.63
Rfx5,6.30E-05,4.41E-04,0.63
Setd8,5.35E-06,5.43E-05,0.63
Nacc2,2.99E-04,1.62E-03,0.63
Hmgcll1,3.55E-03,1.28E-02,0.63
Dnaaf2,1.75E-05,1.50E-04,0.63
Ptma,6.54E-08,1.24E-06,0.63
Parl,7.04E-05,4.83E-04,0.63
Tmem183a,3.43E-08,7.03E-07,0.63
Cdh24,2.86E-04,1.56E-03,0.63
Cnn1,7.35E-04,3.49E-03,0.63
Slc18b1,1.38E-02,3.86E-02,0.63
Ddc,7.27E-03,2.30E-02,0.63
Hn1l,7.94E-08,1.46E-06,0.63
Chpf,6.44E-05,4.50E-04,0.63
Ercc6l,7.03E-08,1.32E-06,0.63
Lmo7,1.16E-03,5.09E-03,0.63
Cdk18,6.13E-03,2.00E-02,0.63
Tprgl,4.15E-07,6.18E-06,0.63
Suv39h2,4.43E-05,3.29E-04,0.63
Sf3a2,8.96E-07,1.17E-05,0.63
Snrpg,3.91E-04,2.04E-03,0.63
Ahsa2,8.13E-09,2.02E-07,0.63
Ndufb8,9.08E-06,8.49E-05,0.63
Mnf1,3.59E-05,2.76E-04,0.63
Dgcr6,4.36E-05,3.24E-04,0.63
Dpy30,1.68E-04,1.00E-03,0.63
Lsm4,6.17E-07,8.61E-06,0.63
Cmtm3,8.33E-05,5.53E-04,0.63
Prdx1,1.31E-05,1.18E-04,0.63
Col22a1,9.16E-03,2.78E-02,0.63
Fam73b,2.89E-07,4.52E-06,0.63
Elac2,1.75E-07,2.94E-06,0.63
Ube2a,6.18E-06,6.12E-05,0.63
Fam149a,2.99E-04,1.62E-03,0.63
Stk16,1.07E-06,1.36E-05,0.63
Snrnp25,2.43E-04,1.36E-03,0.63
Sept3,1.41E-04,8.61E-04,0.63
Pdap1,1.25E-06,1.56E-05,0.63
Plk1,1.89E-06,2.22E-05,0.63
Arf5,1.16E-04,7.31E-04,0.63
Mfsd5,2.60E-06,2.92E-05,0.63
Mrps7,9.58E-06,8.93E-05,0.63
Mpv17l2,1.80E-02,4.81E-02,0.63
Tigd3,1.24E-02,3.56E-02,0.63
Srebf2,4.96E-06,5.11E-05,0.63
Oprl1,5.53E-03,1.84E-02,0.63
Mdh1,1.39E-09,4.32E-08,0.63
Prkrip1,8.59E-05,5.67E-04,0.63
Akr7a5,2.95E-04,1.60E-03,0.63
Tgm4,4.79E-03,1.64E-02,0.63
Ndufc1,1.12E-04,7.14E-04,0.63
Ecsit,1.67E-04,9.93E-04,0.63
Ncbp2,1.67E-08,3.83E-07,0.63
Elovl6,3.27E-06,3.57E-05,0.63
Hn1,1.64E-09,4.99E-08,0.63
Rnpep,1.30E-06,1.61E-05,0.63
2010107E04Rik,2.13E-04,1.22E-03,0.63
Psme3,1.18E-07,2.06E-06,0.63
Spryd4,2.86E-04,1.56E-03,0.63
Tpmt,4.65E-04,2.36E-03,0.63
Stat1,1.25E-02,3.58E-02,0.63
Snrpc,1.76E-04,1.04E-03,0.63
Recql,1.36E-04,8.38E-04,0.63
Ide,2.81E-06,3.13E-05,0.63
Bloc1s1,1.02E-03,4.58E-03,0.63
H2-Q4,5.49E-03,1.83E-02,0.63
Psma2,5.63E-06,5.65E-05,0.63
Haus7,2.07E-07,3.42E-06,0.63
Ndufa3,1.93E-04,1.12E-03,0.63
Gss,1.54E-04,9.28E-04,0.63
Ptplad1,3.73E-06,4.01E-05,0.64
Olfm1,4.76E-05,3.49E-04,0.64
Hoxa4,2.30E-03,8.99E-03,0.64
Gemin4,3.42E-07,5.23E-06,0.64
Rnf219,1.53E-06,1.85E-05,0.64
Thop1,4.45E-06,4.68E-05,0.64
Rnf122,1.89E-05,1.61E-04,0.64
Cpsf2,2.49E-08,5.37E-07,0.64
Limk1,5.15E-07,7.44E-06,0.64
Ube2s,6.36E-03,2.07E-02,0.64
Ift20,8.26E-06,7.88E-05,0.64
Twf2,1.92E-05,1.63E-04,0.64
Ap1s1,1.84E-06,2.17E-05,0.64
Tkt,7.84E-07,1.06E-05,0.64
Dph2,4.13E-05,3.10E-04,0.64
Snrpd1,1.60E-04,9.57E-04,0.64
Smyd1,1.59E-02,4.36E-02,0.64
Fis1,1.81E-06,2.13E-05,0.64
Atpif1,2.08E-05,1.74E-04,0.64
Alas2,2.76E-03,1.04E-02,0.64
Tomm7,6.00E-04,2.93E-03,0.64
Aprt,3.48E-05,2.69E-04,0.64
Tcf19,1.45E-05,1.29E-04,0.64
Tpst1,3.34E-05,2.60E-04,0.64
Stard10,5.54E-04,2.74E-03,0.64
Psma4,8.02E-06,7.66E-05,0.64
Calm3,3.53E-09,9.74E-08,0.64
Cd34,1.89E-05,1.61E-04,0.64
Osgep,1.93E-03,7.78E-03,0.64
Polr2j,2.03E-05,1.70E-04,0.64
Eme2,5.80E-03,1.92E-02,0.64
Slc25a15,1.70E-04,1.01E-03,0.64
Hint1,1.34E-05,1.20E-04,0.64
Rnaseh2b,6.63E-03,2.14E-02,0.64
Ywhaq,2.45E-03,9.46E-03,0.64
Rhno1,1.11E-06,1.40E-05,0.64
Bid,5.49E-03,1.83E-02,0.64
Mrps23,1.50E-06,1.82E-05,0.64
Mrps26,1.59E-04,9.51E-04,0.64
Chchd4,5.56E-05,3.98E-04,0.64
Rac3,3.18E-03,1.17E-02,0.64
Spc24,5.68E-07,8.07E-06,0.64
D16Ertd472e,1.14E-04,7.24E-04,0.64
Pnkp,8.01E-05,5.35E-04,0.64
Eftud2,1.21E-09,3.84E-08,0.64
Apip,8.54E-04,3.96E-03,0.64
Foxk2,2.20E-08,4.85E-07,0.64
Ube2g2,1.33E-09,4.13E-08,0.64
Grtp1,8.90E-03,2.72E-02,0.64
Park7,1.18E-04,7.45E-04,0.64
Creld2,4.90E-05,3.57E-04,0.64
Myo19,1.89E-04,1.10E-03,0.64
Efna2,1.69E-06,2.02E-05,0.64
4930594C11Rik,6.03E-03,1.98E-02,0.64
Prmt1,1.97E-07,3.27E-06,0.64
Nr2f6,8.54E-04,3.96E-03,0.64
Sumo1,8.44E-04,3.92E-03,0.64
Enoph1,2.30E-06,2.63E-05,0.64
Hmgb3,1.04E-03,4.63E-03,0.64
Wars,3.82E-07,5.75E-06,0.64
Plekhj1,3.61E-06,3.89E-05,0.64
Ap4s1,9.26E-03,2.80E-02,0.64
Fam207a,6.56E-07,9.05E-06,0.64
Taf10,4.29E-03,1.50E-02,0.64
Lpl,9.75E-04,4.41E-03,0.64
Tmem141,1.11E-02,3.25E-02,0.64
Tmem147,4.14E-05,3.11E-04,0.64
Atp6v0a2,9.01E-05,5.92E-04,0.64
Bccip,1.02E-06,1.31E-05,0.64
Eif4a3,1.02E-08,2.48E-07,0.64
Tesk2,3.78E-03,1.35E-02,0.65
Slc11a2,9.06E-05,5.94E-04,0.65
Cox7b,4.21E-05,3.16E-04,0.65
Faim,7.59E-04,3.58E-03,0.65
Mrpl28,2.36E-05,1.94E-04,0.65
Cables2,1.77E-04,1.04E-03,0.65
Cks1b,1.00E-04,6.48E-04,0.65
Psmd9,2.14E-07,3.52E-06,0.65
Rbm8a,3.48E-06,3.77E-05,0.65
Irf1,1.49E-02,4.12E-02,0.65
Aagab,1.49E-05,1.31E-04,0.65
Homer2,9.42E-05,6.14E-04,0.65
Acy1,9.51E-04,4.32E-03,0.65
B9d1,1.01E-03,4.53E-03,0.65
Ppif,2.52E-05,2.04E-04,0.65
Commd1,7.14E-04,3.40E-03,0.65
Psmd4,7.68E-07,1.04E-05,0.65
Arf2,5.89E-07,8.30E-06,0.65
Ndufs8,3.95E-06,4.20E-05,0.65
Polr3k,2.02E-07,3.35E-06,0.65
Abcb8,2.00E-08,4.48E-07,0.65
Slc35a4,4.94E-07,7.17E-06,0.65
5730559C18Rik,3.74E-06,4.01E-05,0.65
Spr,9.06E-05,5.94E-04,0.65
Setd6,1.45E-03,6.14E-03,0.65
Btbd10,4.68E-04,2.38E-03,0.65
Mrps18b,1.52E-04,9.19E-04,0.65
Cse1l,7.00E-10,2.33E-08,0.65
Ap2s1,9.39E-07,1.22E-05,0.65
Vps36,1.51E-04,9.11E-04,0.65
H2afz,3.69E-04,1.94E-03,0.65
Mxd3,1.04E-02,3.09E-02,0.65
Prpf31,1.46E-09,4.53E-08,0.65
Pin1,1.81E-07,3.04E-06,0.65
Mthfd1,3.68E-07,5.57E-06,0.65
Mrpl43,1.28E-04,7.93E-04,0.65
Cdca5,6.36E-06,6.27E-05,0.65
Dna2,2.17E-08,4.78E-07,0.65
Tceb2,2.12E-04,1.22E-03,0.65
Aurka,4.87E-10,1.70E-08,0.65
Donson,1.34E-04,8.28E-04,0.65
Rbm42,2.66E-06,2.98E-05,0.65
Abracl,1.60E-03,6.65E-03,0.65
Ier5,2.15E-05,1.79E-04,0.65
Psmb7,2.56E-05,2.06E-04,0.65
Tysnd1,1.41E-04,8.61E-04,0.65
Nudt4,1.75E-05,1.51E-04,0.65
Sh2b2,3.23E-03,1.18E-02,0.65
Acaca,2.15E-04,1.23E-03,0.65
Eif3b,4.74E-07,6.95E-06,0.65
Lpcat4,3.53E-03,1.27E-02,0.65
Cdk4,3.73E-06,4.01E-05,0.65
Klf2,1.20E-02,3.46E-02,0.65
Arxes1,7.19E-03,2.29E-02,0.65
Mrps25,5.93E-06,5.92E-05,0.65
Sdc1,4.65E-09,1.25E-07,0.65
Ndufa2,1.63E-05,1.42E-04,0.65
Ppp1r16a,1.86E-05,1.59E-04,0.65
Acads,1.24E-06,1.55E-05,0.65
Tor2a,3.91E-04,2.04E-03,0.65
Crnkl1,3.01E-05,2.38E-04,0.65
Fastkd5,6.95E-05,4.79E-04,0.65
Pnp,1.19E-04,7.48E-04,0.65
Fam188a,2.19E-03,8.63E-03,0.65
Arnt2,1.04E-05,9.57E-05,0.65
Zfp668,5.32E-06,5.39E-05,0.65
Hspa4,2.69E-09,7.69E-08,0.65
Actr1a,1.45E-10,5.77E-09,0.65
Lrfn1,2.42E-03,9.36E-03,0.65
Klhl23,7.17E-08,1.34E-06,0.65
Emilin2,2.94E-07,4.58E-06,0.65
Mrpl53,7.11E-05,4.88E-04,0.65
Zbed4,1.01E-02,3.00E-02,0.65
Cs,3.18E-11,1.48E-09,0.65
Ndufa12,5.69E-04,2.81E-03,0.65
Cfl1,7.38E-05,5.00E-04,0.65
Myd88,1.02E-02,3.04E-02,0.65
Nudt1,1.06E-04,6.82E-04,0.65
Ntmt1,8.75E-06,8.26E-05,0.65
Thoc5,9.09E-07,1.19E-05,0.65
Prodh,1.69E-03,6.98E-03,0.65
Psmb2,7.80E-05,5.23E-04,0.65
Tssc4,2.56E-07,4.08E-06,0.65
Ccnj,3.15E-06,3.45E-05,0.65
Ppil3,3.61E-04,1.91E-03,0.65
Ube2v2,3.20E-03,1.17E-02,0.65
Tra2b,1.17E-04,7.38E-04,0.65
Anapc15,1.20E-03,5.26E-03,0.65
Pnkd,3.95E-06,4.20E-05,0.65
Diablo,1.79E-06,2.12E-05,0.65
Ulk1,5.86E-05,4.16E-04,0.65
Minos1,6.51E-05,4.53E-04,0.65
Cuta,2.48E-05,2.01E-04,0.65
Yipf1,2.23E-03,8.78E-03,0.65
Znhit3,9.28E-04,4.23E-03,0.65
Pbdc1,1.43E-04,8.69E-04,0.65
Clns1a,3.89E-05,2.95E-04,0.65
Sfrp2,1.11E-03,4.93E-03,0.65
Polr2e,2.12E-05,1.76E-04,0.65
Eif1ad,1.58E-03,6.59E-03,0.65
Tmem256,5.20E-03,1.76E-02,0.65
Naa38,6.00E-05,4.24E-04,0.65
Cyb561d2,9.58E-03,2.88E-02,0.65
0610009D07Rik,1.11E-04,7.04E-04,0.65
Sall2,3.53E-07,5.39E-06,0.66
Pus7l,1.46E-03,6.16E-03,0.66
Tdp1,5.75E-06,5.76E-05,0.66
Anxa3,3.91E-04,2.04E-03,0.66
Ndufs6,8.06E-05,5.38E-04,0.66
Snrpd3,1.48E-04,8.94E-04,0.66
Sapcd2,5.73E-04,2.83E-03,0.66
Prkag1,3.52E-08,7.21E-07,0.66
Crmp1,8.13E-05,5.42E-04,0.66
Ifit2,4.48E-03,1.55E-02,0.66
Mrpl13,4.74E-05,3.47E-04,0.66
Pbk,6.68E-05,4.63E-04,0.66
Incenp,3.20E-08,6.64E-07,0.66
Dolpp1,4.47E-04,2.28E-03,0.66
8430410A17Rik,2.92E-04,1.59E-03,0.66
Psma1,1.15E-05,1.05E-04,0.66
Rpusd1,1.38E-04,8.47E-04,0.66
Tmem44,3.99E-04,2.07E-03,0.66
Akt1,7.81E-10,2.58E-08,0.66
Ppp2r5b,2.85E-04,1.56E-03,0.66
Mgst3,5.54E-03,1.85E-02,0.66
Pmvk,2.69E-04,1.48E-03,0.66
Eef1d,3.61E-06,3.89E-05,0.66
H3f3a,2.03E-04,1.17E-03,0.66
Psmc3ip,2.94E-03,1.10E-02,0.66
Prkaca,1.02E-06,1.31E-05,0.66
Slc25a37,5.42E-04,2.69E-03,0.66
Nploc4,1.13E-08,2.73E-07,0.66
Tbx2,4.43E-04,2.26E-03,0.66
Mrpl38,5.55E-06,5.58E-05,0.66
H2afj,9.87E-03,2.96E-02,0.66
H2-Ke2,7.02E-05,4.83E-04,0.66
Snrpf,6.26E-03,2.04E-02,0.66
Tmed5,5.21E-04,2.60E-03,0.66
AK010878,1.72E-03,7.06E-03,0.66
Prpf19,1.10E-07,1.94E-06,0.66
Jph2,4.51E-03,1.56E-02,0.66
Tmem199,2.73E-04,1.50E-03,0.66
Trib1,9.80E-05,6.36E-04,0.66
Tmem41a,1.45E-03,6.15E-03,0.66
Bax,2.63E-04,1.46E-03,0.66
Gtpbp1,1.06E-06,1.35E-05,0.66
Map2k3,1.23E-06,1.54E-05,0.66
Wbscr16,1.07E-04,6.84E-04,0.66
Trappc1,1.14E-04,7.22E-04,0.66
Rnf166,1.93E-05,1.63E-04,0.66
Sgsm3,1.63E-04,9.70E-04,0.66
Fh1,9.31E-08,1.67E-06,0.66
Daglb,2.39E-03,9.28E-03,0.66
Arl3,3.63E-07,5.52E-06,0.66
Ubl5,1.84E-04,1.08E-03,0.66
Smim12,3.69E-03,1.32E-02,0.66
Mrpl2,1.90E-05,1.61E-04,0.66
Tmem151b,7.22E-03,2.29E-02,0.66
Fkbp3,6.90E-04,3.31E-03,0.66
Cisd2,7.95E-05,5.32E-04,0.66
Ppp1r11,3.37E-04,1.80E-03,0.66
Manf,2.57E-05,2.07E-04,0.66
Mdfic,1.35E-05,1.21E-04,0.66
Gemin6,3.23E-03,1.18E-02,0.66
Psma3,1.58E-03,6.58E-03,0.66
Rab1b,2.09E-08,4.64E-07,0.66
Wdr62,2.41E-04,1.35E-03,0.66
Spata2,1.47E-05,1.30E-04,0.66
Kcnh2,8.24E-07,1.10E-05,0.66
Uqcrc1,5.49E-08,1.06E-06,0.66
Emp1,5.46E-03,1.83E-02,0.66
Rwdd1,2.55E-03,9.80E-03,0.66
Snord22,6.29E-03,2.05E-02,0.66
Mrps34,3.57E-04,1.89E-03,0.66
Zfp280b,5.57E-06,5.60E-05,0.66
Sec61b,7.10E-04,3.39E-03,0.66
Mtx2,3.43E-04,1.82E-03,0.67
Nop16,6.14E-04,2.99E-03,0.67
Sncaip,1.05E-02,3.11E-02,0.67
Ran,3.47E-06,3.77E-05,0.67
Rrs1,2.09E-04,1.20E-03,0.67
Fcf1,1.44E-03,6.11E-03,0.67
Gnb1l,1.35E-03,5.81E-03,0.67
Tmem29,8.55E-04,3.96E-03,0.67
Gipc1,6.94E-07,9.48E-06,0.67
4930427A07Rik,5.78E-05,4.12E-04,0.67
Prpsap1,1.16E-05,1.05E-04,0.67
Dut,5.49E-04,2.73E-03,0.67
Snhg8,4.75E-04,2.41E-03,0.67
Mrpl37,3.59E-08,7.31E-07,0.67
Ndufv1,3.10E-07,4.79E-06,0.67
Kif3a,1.85E-06,2.18E-05,1.50
Ttc38,1.23E-02,3.52E-02,1.50
Cybasc3,2.03E-03,8.12E-03,1.50
Tmem175,7.07E-03,2.26E-02,1.50
Cyp1b1,1.02E-03,4.56E-03,1.50
Frem1,4.24E-03,1.48E-02,1.50
Vkorc1,8.12E-04,3.79E-03,1.50
Kif21a,2.36E-03,9.20E-03,1.50
Ebf3,9.71E-04,4.40E-03,1.50
Pde4dip,1.99E-06,2.33E-05,1.50
Peg10,1.05E-05,9.62E-05,1.50
Nabp1,9.41E-04,4.28E-03,1.50
Atf6,2.66E-06,2.98E-05,1.50
Dmtf1,1.96E-05,1.65E-04,1.50
D2hgdh,9.45E-03,2.85E-02,1.50
Zfp609,1.10E-03,4.87E-03,1.50
Wbscr27,7.30E-03,2.31E-02,1.50
D430042O09Rik,2.20E-04,1.25E-03,1.50
Sft2d2,1.22E-07,2.13E-06,1.51
Ptprk,2.94E-06,3.26E-05,1.51
Dact1,2.98E-04,1.61E-03,1.51
Naglu,1.90E-03,7.66E-03,1.51
Acvrl1,8.82E-04,4.07E-03,1.51
Nadkd1,6.85E-08,1.29E-06,1.51
Braf,4.41E-04,2.25E-03,1.51
Zfp57,1.15E-07,2.02E-06,1.51
Psat1,1.34E-05,1.20E-04,1.51
Smc5,3.35E-05,2.61E-04,1.51
Zfp467,2.05E-04,1.18E-03,1.51
Atxn2l,1.56E-04,9.38E-04,1.51
Sparcl1,2.45E-03,9.47E-03,1.51
Apbb2,2.02E-05,1.69E-04,1.51
Arl5b,7.65E-03,2.40E-02,1.51
Stbd1,1.80E-04,1.06E-03,1.51
Tbc1d15,2.82E-06,3.14E-05,1.51
Naa16,1.12E-04,7.13E-04,1.51
Ajuba,8.66E-08,1.57E-06,1.51
Pdzrn3,3.33E-04,1.78E-03,1.51
BC052040,7.75E-08,1.42E-06,1.51
Pi4k2b,1.11E-06,1.40E-05,1.51
Lck,3.18E-03,1.17E-02,1.51
Ep300,1.35E-03,5.82E-03,1.51
Prkce,1.49E-04,8.99E-04,1.51
Zkscan6,8.75E-04,4.04E-03,1.51
Phf3,5.69E-08,1.10E-06,1.51
Mirg,1.59E-03,6.61E-03,1.51
Zfp40,2.05E-03,8.18E-03,1.51
Dynlt3,5.23E-05,3.77E-04,1.51
Alx3,5.03E-03,1.71E-02,1.51
Zc2hc1a,8.61E-06,8.14E-05,1.51
Ralgapa1,8.07E-04,3.77E-03,1.51
Esyt1,2.14E-04,1.22E-03,1.51
C430049B03Rik,2.10E-04,1.21E-03,1.51
Birc2,1.22E-06,1.53E-05,1.51
Rev3l,7.74E-03,2.42E-02,1.52
Ppl,9.00E-03,2.74E-02,1.52
Hs1bp3,6.72E-05,4.65E-04,1.52
Gm14325,7.91E-03,2.47E-02,1.52
Daam2,1.55E-04,9.32E-04,1.52
Gas2l3,2.23E-05,1.84E-04,1.52
Anpep,5.52E-04,2.74E-03,1.52
Atp9a,6.13E-03,2.00E-02,1.52
Sec24d,2.61E-04,1.45E-03,1.52
Cdc42ep3,2.21E-04,1.25E-03,1.52
Hoxb2,3.94E-04,2.05E-03,1.52
Tnrc6b,9.67E-03,2.91E-02,1.52
Cd9,2.85E-03,1.07E-02,1.52
Myo9a,2.93E-04,1.59E-03,1.52
Perp,4.54E-03,1.57E-02,1.52
Itgav,6.72E-05,4.65E-04,1.52
Fgf10,3.38E-03,1.23E-02,1.52
Rgs16,1.48E-02,4.11E-02,1.52
Pls1,1.32E-02,3.75E-02,1.52
Tab3,5.52E-06,5.57E-05,1.52
AK129341,2.38E-03,9.25E-03,1.52
Lrrc16b,7.20E-04,3.43E-03,1.52
Stxbp1,9.66E-04,4.38E-03,1.52
Ggt7,1.87E-02,4.98E-02,1.52
Nars,8.20E-09,2.03E-07,1.52
Dusp22,4.35E-05,3.24E-04,1.52
Tmem135,3.96E-05,2.99E-04,1.52
Cln3,1.16E-04,7.30E-04,1.52
Pcnx,2.19E-05,1.81E-04,1.52
Ssh1,5.50E-03,1.84E-02,1.52
Mynn,1.47E-05,1.30E-04,1.52
Als2cl,1.43E-02,3.99E-02,1.53
Tmem67,2.23E-03,8.79E-03,1.53
Rnf165,8.51E-04,3.94E-03,1.53
Tmem87a,3.14E-06,3.44E-05,1.53
Rttn,5.24E-04,2.62E-03,1.53
Gls,4.73E-08,9.30E-07,1.53
Ermp1,2.77E-08,5.88E-07,1.53
Steap2,1.41E-04,8.61E-04,1.53
Col5a1,4.39E-05,3.26E-04,1.53
Mospd2,1.85E-02,4.92E-02,1.53
Plce1,6.90E-03,2.21E-02,1.53
Hs3st3b1,6.29E-04,3.05E-03,1.53
Zfhx3,2.80E-03,1.05E-02,1.53
Spred2,1.40E-03,5.98E-03,1.53
Ccdc18,3.38E-03,1.23E-02,1.53
Rasal2,1.35E-02,3.80E-02,1.53
Dtx3,5.83E-06,5.83E-05,1.53
Napb,1.68E-02,4.56E-02,1.53
Higd1a,4.83E-04,2.44E-03,1.53
Tpd52,2.15E-05,1.79E-04,1.53
Yipf2,2.42E-03,9.38E-03,1.53
Rasgef1b,1.53E-03,6.42E-03,1.54
Pkd1,1.26E-02,3.59E-02,1.54
Dgka,1.06E-02,3.12E-02,1.54
S100pbp,6.87E-04,3.30E-03,1.54
Dnalc1,4.28E-03,1.49E-02,1.54
Zfp715,3.31E-05,2.59E-04,1.54
Tmed4,2.10E-08,4.65E-07,1.54
Rnft2,3.40E-03,1.23E-02,1.54
Serac1,1.56E-03,6.52E-03,1.54
Gdi1,1.86E-06,2.19E-05,1.54
Ddb2,3.77E-03,1.35E-02,1.54
Mdc1,1.10E-04,7.00E-04,1.54
Upk3b,9.56E-04,4.34E-03,1.54
9430008C03Rik,2.84E-05,2.26E-04,1.54
Arhgap5,2.73E-03,1.03E-02,1.54
Fcho2,1.36E-05,1.22E-04,1.54
Plcb4,1.31E-02,3.71E-02,1.54
Mef2c,7.40E-08,1.37E-06,1.54
Itgb1,9.16E-09,2.26E-07,1.54
Rbl2,1.35E-02,3.81E-02,1.54
Sepp1,2.82E-03,1.06E-02,1.54
Nipbl,1.03E-03,4.60E-03,1.54
Stat5b,2.16E-05,1.79E-04,1.54
4833420G17Rik,9.85E-03,2.95E-02,1.54
Raph1,1.43E-03,6.07E-03,1.54
Ripk4,7.83E-03,2.45E-02,1.54
Smg1,5.00E-03,1.70E-02,1.54
Eif4b,3.76E-15,4.28E-13,1.54
Porcn,4.65E-03,1.60E-02,1.54
Zfyve16,1.73E-04,1.02E-03,1.54
Ralgapa2,1.55E-04,9.32E-04,1.54
Cadm1,4.85E-09,1.29E-07,1.54
Msrb3,4.13E-06,4.38E-05,1.54
Aff3,4.99E-06,5.13E-05,1.55
Tctn1,1.64E-02,4.48E-02,1.55
Pcdh1,6.51E-03,2.10E-02,1.55
Ovgp1,1.24E-02,3.55E-02,1.55
Exoc6b,2.63E-09,7.58E-08,1.55
Tjp1,7.03E-05,4.83E-04,1.55
Whrn,2.63E-03,1.00E-02,1.55
Cox6b2,4.15E-03,1.45E-02,1.55
Zcchc11,3.27E-04,1.75E-03,1.55
Smyd3,3.34E-05,2.60E-04,1.55
Bicc1,5.91E-03,1.94E-02,1.55
Supt20,4.04E-04,2.09E-03,1.55
Dusp10,1.27E-02,3.63E-02,1.55
Zfp109,4.91E-03,1.68E-02,1.55
Bach1,6.53E-05,4.55E-04,1.55
Fam184a,7.22E-03,2.29E-02,1.55
Slc12a2,7.48E-09,1.87E-07,1.55
Rdm1,1.86E-03,7.56E-03,1.55
Nrp1,5.44E-04,2.71E-03,1.55
Flt4,1.92E-03,7.74E-03,1.55
Dgkk,1.04E-02,3.09E-02,1.55
Vsig10,1.18E-02,3.42E-02,1.55
Mef2d,3.54E-03,1.28E-02,1.55
Rsf1,1.54E-05,1.35E-04,1.55
Zbtb44,1.16E-05,1.06E-04,1.55
Arnt,3.31E-09,9.29E-08,1.55
Suco,1.58E-06,1.90E-05,1.56
Scamp1,5.21E-09,1.38E-07,1.56
Lamc1,4.17E-05,3.14E-04,1.56
Piezo1,5.10E-03,1.73E-02,1.56
Plekha6,2.70E-04,1.49E-03,1.56
Dnajb9,1.52E-03,6.37E-03,1.56
Ufl1,1.06E-05,9.74E-05,1.56
Slc12a6,1.50E-06,1.82E-05,1.56
Baiap2l1,1.41E-03,6.03E-03,1.56
Prdm5,6.70E-05,4.64E-04,1.56
Atp7a,5.72E-04,2.82E-03,1.56
A830010M20Rik,4.32E-04,2.21E-03,1.56
Rftn1,7.85E-04,3.69E-03,1.56
Zfp655,4.03E-05,3.04E-04,1.56
Wwtr1,1.55E-07,2.64E-06,1.56
Hapln1,8.56E-06,8.11E-05,1.56
Etl4,5.14E-05,3.72E-04,1.56
Zfp36l1,1.12E-12,7.43E-11,1.56
Col8a2,4.28E-03,1.49E-02,1.56
Smarca2,4.65E-08,9.21E-07,1.56
D14Abb1e,2.80E-04,1.53E-03,1.56
Focad,1.68E-05,1.45E-04,1.56
Kcna6,1.16E-02,3.38E-02,1.56
Hs3st3a1,3.55E-03,1.28E-02,1.57
Atp7b,6.41E-03,2.08E-02,1.57
App,6.58E-09,1.68E-07,1.57
Slc44a1,3.66E-03,1.31E-02,1.57
Baz2b,2.28E-04,1.29E-03,1.57
Tsga10,1.55E-02,4.26E-02,1.57
Dmxl1,2.07E-03,8.25E-03,1.57
Vasn,2.64E-06,2.97E-05,1.57
Tmem59,1.50E-05,1.32E-04,1.57
Cers4,3.75E-03,1.34E-02,1.57
Galns,1.78E-04,1.05E-03,1.57
Fbxl3,5.00E-05,3.64E-04,1.57
Lgals8,6.14E-04,2.99E-03,1.57
Rcan3,3.68E-05,2.82E-04,1.57
Ets2,9.93E-07,1.28E-05,1.57
Pcdh7,5.06E-04,2.54E-03,1.57
Adamts1,3.73E-04,1.96E-03,1.57
Ecscr,9.05E-04,4.15E-03,1.57
Crebbp,3.89E-03,1.38E-02,1.57
Wls,1.25E-15,1.53E-13,1.57
Phip,1.58E-04,9.45E-04,1.57
Marf1,5.92E-05,4.19E-04,1.58
Kank3,5.18E-04,2.59E-03,1.58
Copz2,2.51E-05,2.04E-04,1.58
Shc1,1.57E-08,3.62E-07,1.58
Tube1,4.77E-07,6.95E-06,1.58
Mthfd1l,1.97E-04,1.14E-03,1.58
Ppm1l,2.59E-03,9.91E-03,1.58
Ankrd50,9.90E-07,1.28E-05,1.58
Akap9,1.04E-04,6.70E-04,1.58
Cul9,4.24E-04,2.18E-03,1.58
Sfxn4,2.99E-03,1.11E-02,1.58
Arhgap32,2.64E-04,1.46E-03,1.58
Zxdc,1.98E-05,1.66E-04,1.58
Shroom3,9.82E-07,1.27E-05,1.58
Kansl1l,1.15E-04,7.28E-04,1.58
Cped1,7.87E-03,2.46E-02,1.58
Spopl,4.12E-04,2.13E-03,1.58
Acadsb,2.21E-06,2.54E-05,1.58
Usp9x,6.94E-03,2.22E-02,1.58
Pfkl,2.16E-05,1.79E-04,1.58
Ubr3,3.54E-05,2.73E-04,1.58
Ak4,3.80E-07,5.73E-06,1.58
Diap2,5.44E-03,1.82E-02,1.58
Ptpn14,3.59E-04,1.90E-03,1.58
Gria3,3.65E-03,1.31E-02,1.59
Clec14a,1.18E-02,3.42E-02,1.59
Sgce,7.83E-07,1.06E-05,1.59
Golgb1,6.13E-04,2.99E-03,1.59
Ghr,1.17E-04,7.38E-04,1.59
Zfp677,9.78E-03,2.94E-02,1.59
Abcc10,2.71E-03,1.03E-02,1.59
Usp31,4.73E-05,3.47E-04,1.59
Smad7,5.26E-05,3.79E-04,1.59
Gabbr1,6.16E-03,2.01E-02,1.59
St6galnac3,9.34E-05,6.09E-04,1.59
Zeb1,2.40E-07,3.89E-06,1.59
Shroom4,5.24E-03,1.77E-02,1.59
Lrch3,2.63E-03,1.00E-02,1.59
Ly6h,1.82E-02,4.87E-02,1.59
Ube3a,9.26E-04,4.23E-03,1.59
Agrn,7.24E-04,3.44E-03,1.59
Xrcc4,1.48E-03,6.24E-03,1.59
Zdhhc20,4.21E-10,1.50E-08,1.59
Stam,1.69E-08,3.87E-07,1.59
Fam114a1,5.95E-06,5.93E-05,1.59
Mtmr3,2.25E-08,4.92E-07,1.59
Tagln,4.53E-05,3.34E-04,1.59
Zswim6,6.05E-08,1.16E-06,1.59
Irf5,2.46E-03,9.50E-03,1.59
A230046K03Rik,1.59E-05,1.38E-04,1.60
Sash1,8.98E-04,4.13E-03,1.60
Slc4a7,1.78E-05,1.53E-04,1.60
Tgfb1i1,1.59E-05,1.38E-04,1.60
Ngly1,7.53E-04,3.56E-03,1.60
Zfp871,4.17E-04,2.15E-03,1.60
Tmem66,2.06E-07,3.40E-06,1.60
B630005N14Rik,4.56E-06,4.77E-05,1.60
Smarca1,4.50E-06,4.72E-05,1.60
Susd2,1.67E-02,4.55E-02,1.60
Rnf6,1.00E-05,9.31E-05,1.60
Atxn7l2,3.60E-07,5.47E-06,1.60
Xpr1,3.75E-05,2.86E-04,1.60
Pttg1ip,3.25E-07,4.98E-06,1.60
Spry2,2.08E-04,1.20E-03,1.60
Pld1,2.86E-03,1.07E-02,1.60
Eea1,1.60E-04,9.55E-04,1.60
Lrp11,9.03E-04,4.14E-03,1.60
Setd5,1.03E-08,2.49E-07,1.60
Prx,2.24E-04,1.27E-03,1.60
Srgap1,1.51E-03,6.36E-03,1.60
Igsf3,1.91E-07,3.19E-06,1.60
Mast4,1.18E-03,5.18E-03,1.60
Plod1,4.62E-06,4.82E-05,1.60
Zdbf2,4.21E-04,2.17E-03,1.60
Parp4,1.94E-03,7.81E-03,1.60
Sorcs2,2.51E-03,9.67E-03,1.60
Thoc2,2.55E-04,1.42E-03,1.61
Arap3,1.01E-03,4.53E-03,1.61
Cables1,6.67E-04,3.21E-03,1.61
Tceanc,6.12E-05,4.31E-04,1.61
Sparc,9.52E-07,1.24E-05,1.61
Shank3,3.62E-04,1.91E-03,1.61
Spata6,2.33E-06,2.65E-05,1.61
Pear1,2.76E-05,2.20E-04,1.61
Arl4c,4.58E-08,9.08E-07,1.61
Zfyve1,4.40E-07,6.51E-06,1.61
Ghdc,2.54E-03,9.75E-03,1.61
Enpp1,1.80E-02,4.82E-02,1.61
A630007B06Rik,5.58E-03,1.86E-02,1.61
Gna13,3.77E-09,1.03E-07,1.61
Zfp420,1.55E-03,6.48E-03,1.61
Tmem194b,3.64E-05,2.79E-04,1.61
Fgf9,3.80E-03,1.35E-02,1.61
Snx25,2.00E-06,2.34E-05,1.61
Atp2b1,1.87E-06,2.20E-05,1.61
Dip2c,2.25E-04,1.28E-03,1.61
Btbd7,5.95E-03,1.96E-02,1.61
Zfp874b,3.59E-04,1.90E-03,1.61
Chm,7.19E-05,4.92E-04,1.61
Ldb2,1.48E-04,8.94E-04,1.61
Trpc3,1.09E-02,3.20E-02,1.61
Arsa,9.11E-06,8.51E-05,1.62
Ammecr1,1.56E-04,9.34E-04,1.62
Dyrk2,2.12E-03,8.41E-03,1.62
Siae,6.75E-05,4.67E-04,1.62
Eif4a2,4.61E-10,1.62E-08,1.62
Dync2h1,1.30E-03,5.62E-03,1.62
Vps13c,1.62E-02,4.43E-02,1.62
Flcn,2.43E-08,5.26E-07,1.62
Akt3,5.96E-07,8.38E-06,1.62
Ppcdc,2.56E-06,2.88E-05,1.62
Aplp1,2.61E-03,9.96E-03,1.62
Tnks1bp1,3.90E-12,2.32E-10,1.62
Ptpn13,5.22E-06,5.31E-05,1.62
1700025G04Rik,2.23E-08,4.89E-07,1.62
Atg2b,1.01E-06,1.30E-05,1.62
Dock6,4.77E-04,2.42E-03,1.62
Tiparp,1.61E-06,1.93E-05,1.62
Sox18,2.04E-04,1.18E-03,1.62
Dnahc1,1.68E-04,1.00E-03,1.62
Osbpl8,3.35E-05,2.61E-04,1.62
Ubn2,1.31E-03,5.69E-03,1.62
Sox7,3.23E-04,1.73E-03,1.62
Csf2ra,1.71E-02,4.62E-02,1.62
Agbl5,3.68E-06,3.96E-05,1.62
Lrrc1,1.78E-04,1.05E-03,1.62
L1cam,6.24E-03,2.03E-02,1.62
Dock8,1.72E-02,4.65E-02,1.63
Nfkbiz,3.90E-03,1.38E-02,1.63
Frs2,7.47E-05,5.05E-04,1.63
Ptprj,1.15E-03,5.07E-03,1.63
Triobp,2.56E-08,5.49E-07,1.63
Cln6,1.09E-06,1.38E-05,1.63
Dram2,2.46E-06,2.79E-05,1.63
Kalrn,5.34E-05,3.84E-04,1.63
Shroom2,1.32E-04,8.16E-04,1.63
Spag9,1.25E-04,7.77E-04,1.63
Zfp595,1.63E-03,6.75E-03,1.63
Sh3bp5,7.23E-08,1.35E-06,1.63
Cep95,5.88E-07,8.29E-06,1.63
Ypel3,3.47E-04,1.84E-03,1.63
Tfrc,6.53E-06,6.42E-05,1.63
Pcmtd2,5.20E-06,5.30E-05,1.63
Chd6,5.88E-05,4.17E-04,1.63
Ppp1r12a,7.56E-05,5.11E-04,1.63
Ash1l,1.36E-03,5.86E-03,1.63
Ppm1k,4.17E-03,1.46E-02,1.63
C78339,5.10E-06,5.21E-05,1.64
4632428N05Rik,2.42E-05,1.97E-04,1.64
Phf21a,1.50E-06,1.83E-05,1.64
Rabgap1l,4.48E-05,3.32E-04,1.64
Atp11b,8.34E-08,1.52E-06,1.64
Dact2,6.10E-04,2.98E-03,1.64
Ctso,3.28E-03,1.20E-02,1.64
Alg6,1.33E-06,1.63E-05,1.64
Atxn7,5.10E-04,2.55E-03,1.64
Ltbp3,2.05E-03,8.18E-03,1.64
Ybx2,1.91E-03,7.71E-03,1.64
Tspan18,9.28E-05,6.07E-04,1.64
Eda2r,2.43E-03,9.42E-03,1.64
Gng2,4.50E-08,8.94E-07,1.64
Adrbk2,1.45E-03,6.13E-03,1.64
Mapre3,8.90E-05,5.85E-04,1.64
D430020J02Rik,4.38E-04,2.24E-03,1.64
Fgd5,2.43E-05,1.98E-04,1.64
Plcd3,8.96E-03,2.73E-02,1.64
Zfp608,2.23E-08,4.89E-07,1.64
Txndc16,8.01E-05,5.35E-04,1.64
Gm12942,5.33E-03,1.79E-02,1.64
AU040320,1.49E-06,1.82E-05,1.64
Acvr2a,1.26E-09,3.99E-08,1.64
Adamts10,6.51E-05,4.53E-04,1.64
Ttc17,2.44E-07,3.93E-06,1.64
Aifm2,4.43E-03,1.54E-02,1.64
Airn,1.31E-02,3.71E-02,1.64
Klf6,1.43E-06,1.74E-05,1.64
Chic1,1.07E-04,6.85E-04,1.64
C030046E11Rik,3.68E-05,2.81E-04,1.64
Nxpe4,4.42E-03,1.53E-02,1.65
Myh10,2.63E-06,2.95E-05,1.65
Rgs9,5.38E-03,1.81E-02,1.65
Rsbn1l,1.20E-06,1.51E-05,1.65
Jmjd1c,1.91E-04,1.11E-03,1.65
Plxna3,2.98E-03,1.11E-02,1.65
Efha2,1.24E-03,5.41E-03,1.65
D930048N14Rik,3.35E-03,1.22E-02,1.65
Gnao1,9.18E-04,4.20E-03,1.65
Cep44,4.26E-08,8.50E-07,1.65
Zfp36l2,3.07E-07,4.76E-06,1.65
Zfp174,7.58E-03,2.38E-02,1.65
Plk1s1,2.40E-07,3.89E-06,1.65
Ctsh,1.78E-02,4.78E-02,1.65
Erg,5.76E-04,2.84E-03,1.65
Rbms1,4.99E-08,9.75E-07,1.65
Lphn3,3.84E-03,1.36E-02,1.65
Sars,7.00E-10,2.33E-08,1.65
Icam2,5.93E-06,5.92E-05,1.65
Aff4,1.03E-05,9.53E-05,1.65
Fzd1,1.10E-07,1.94E-06,1.65
Gng8,5.23E-03,1.76E-02,1.65
Kdm6b,2.26E-06,2.59E-05,1.65
Kdm6a,1.58E-05,1.38E-04,1.65
Tbc1d8b,6.18E-03,2.02E-02,1.65
Cds2,7.20E-09,1.82E-07,1.65
Ptprg,2.41E-08,5.23E-07,1.66
Ikzf4,2.45E-03,9.48E-03,1.66
Shprh,1.91E-05,1.62E-04,1.66
Chst3,5.39E-06,5.46E-05,1.66
Tuft1,1.77E-03,7.23E-03,1.66
Rras,3.78E-05,2.87E-04,1.66
Lamb2,3.84E-04,2.01E-03,1.66
Stom,2.27E-04,1.28E-03,1.66
Tns3,7.24E-06,7.00E-05,1.66
Uhmk1,8.49E-03,2.62E-02,1.66
Cdyl2,9.34E-05,6.09E-04,1.66
Tbl1x,3.87E-05,2.94E-04,1.66
Spred1,5.70E-10,1.95E-08,1.66
Atr,6.27E-06,6.19E-05,1.66
Rnf217,6.02E-07,8.46E-06,1.66
Ccpg1,1.96E-05,1.65E-04,1.66
Mbtps2,2.34E-08,5.10E-07,1.66
Fam114a2,2.29E-09,6.74E-08,1.66
Prex2,4.56E-04,2.33E-03,1.66
Magi2,1.67E-02,4.53E-02,1.66
Golga3,6.43E-07,8.93E-06,1.66
Slc25a36,1.07E-07,1.89E-06,1.66
Trp63,9.98E-03,2.98E-02,1.66
Anxa4,6.07E-03,1.99E-02,1.66
Cyp4f16,6.27E-03,2.04E-02,1.66
Galnt18,1.05E-02,3.10E-02,1.66
Hmox1,1.13E-05,1.03E-04,1.67
Tmem108,2.93E-05,2.32E-04,1.67
B3gnt2,2.00E-04,1.16E-03,1.67
Slc9a5,9.10E-04,4.17E-03,1.67
Jpx,1.14E-02,3.31E-02,1.67
Pfkfb2,1.09E-03,4.84E-03,1.67
Nphp3,1.95E-05,1.64E-04,1.67
Fam162a,1.61E-04,9.61E-04,1.67
Snx30,1.38E-06,1.69E-05,1.67
Egflam,3.97E-04,2.06E-03,1.67
Pcmtd1,3.20E-07,4.91E-06,1.67
Lrch1,1.61E-06,1.93E-05,1.67
Brwd3,3.66E-03,1.31E-02,1.67
Dhdh,4.55E-06,4.77E-05,1.67
Rusc2,7.39E-04,3.50E-03,1.67
Mipol1,3.59E-03,1.29E-02,1.67
Sepsecs,1.36E-03,5.84E-03,1.67
Map4k5,4.92E-08,9.64E-07,1.67
Prtg,6.19E-05,4.35E-04,1.67
Gpcpd1,1.70E-06,2.03E-05,1.67
Fpgt,9.96E-07,1.29E-05,1.68
Chst11,1.17E-04,7.36E-04,1.68
BC003331,2.10E-06,2.44E-05,1.68
Hmha1,2.68E-07,4.25E-06,1.68
Pnpla7,7.23E-04,3.44E-03,1.68
Arsg,2.34E-03,9.11E-03,1.68
Bnip3l,1.71E-07,2.88E-06,1.68
Tmc4,5.83E-04,2.86E-03,1.68
Krt8,2.27E-05,1.87E-04,1.68
Zdhhc17,3.21E-08,6.64E-07,1.68
Hexa,3.70E-06,3.99E-05,1.68
D8Ertd82e,1.98E-09,5.93E-08,1.68
Atp2a3,3.14E-03,1.16E-02,1.68
Trpm4,5.96E-04,2.91E-03,1.68
Fam46c,5.36E-03,1.80E-02,1.68
Dbc1,1.55E-02,4.26E-02,1.68
Notch4,1.74E-03,7.13E-03,1.69
Uggt2,2.89E-05,2.29E-04,1.69
Slc38a6,3.39E-04,1.81E-03,1.69
Col3a1,2.40E-06,2.72E-05,1.69
Rps6ka5,3.46E-05,2.68E-04,1.69
Snx16,5.36E-04,2.67E-03,1.69
Prr5l,6.45E-07,8.94E-06,1.69
Aldoart2,6.16E-06,6.10E-05,1.69
Pcdhga5,6.39E-03,2.07E-02,1.69
Wipi1,1.06E-05,9.69E-05,1.69
Gm5617,1.15E-02,3.34E-02,1.69
4930579G18Rik,1.02E-02,3.03E-02,1.69
Slc25a27,6.74E-04,3.24E-03,1.69
Tnfsf9,1.04E-02,3.09E-02,1.69
Tvp23b,4.53E-07,6.66E-06,1.69
Spag16,1.46E-02,4.05E-02,1.69
Fmn1,1.13E-02,3.30E-02,1.69
Morc4,1.94E-05,1.63E-04,1.69
Cnot6l,5.44E-05,3.91E-04,1.69
Kdm5b,9.40E-14,7.97E-12,1.69
Klf4,2.26E-03,8.85E-03,1.69
Gapdh,2.70E-03,1.02E-02,1.69
Mpp5,3.14E-07,4.84E-06,1.69
Celf2,4.10E-06,4.35E-05,1.70
Aldh18a1,1.61E-12,1.01E-10,1.70
Rictor,5.43E-06,5.49E-05,1.70
Ino80d,2.16E-04,1.23E-03,1.70
Rad54b,3.20E-04,1.72E-03,1.70
Col4a1,5.50E-09,1.44E-07,1.70
Ppp1r16b,4.86E-05,3.54E-04,1.70
Sp6,4.02E-04,2.08E-03,1.70
Nfia,4.13E-03,1.45E-02,1.70
Flrt3,9.70E-04,4.39E-03,1.70
G2e3,4.66E-08,9.21E-07,1.70
Ezh1,3.83E-06,4.09E-05,1.70
Mcam,2.17E-05,1.79E-04,1.70
Efna1,7.63E-05,5.14E-04,1.70
Mthfd2,8.87E-08,1.60E-06,1.70
Rock2,3.61E-08,7.33E-07,1.70
4933436C20Rik,5.39E-03,1.81E-02,1.70
Eml2,8.52E-06,8.09E-05,1.70
Tmem209,2.01E-11,9.68E-10,1.71
Colec12,4.69E-08,9.26E-07,1.71
Ggcx,1.58E-05,1.38E-04,1.71
Abca3,4.55E-05,3.35E-04,1.71
S100a11,4.33E-04,2.22E-03,1.71
Lrp4,1.71E-05,1.47E-04,1.71
Med13l,6.91E-05,4.77E-04,1.71
Cers6,1.66E-04,9.87E-04,1.71
Rab11fip5,5.56E-04,2.75E-03,1.71
Irx5,1.02E-04,6.57E-04,1.71
Soat1,1.29E-10,5.22E-09,1.71
Pld2,5.22E-05,3.77E-04,1.71
Fn1,2.60E-04,1.44E-03,1.71
Ankrd16,9.65E-05,6.27E-04,1.71
Ppp3cc,9.75E-04,4.41E-03,1.71
Slc6a17,1.41E-02,3.95E-02,1.71
Zfp81,4.23E-05,3.17E-04,1.71
Slc16a3,1.04E-04,6.68E-04,1.71
Dhrs7,1.77E-03,7.24E-03,1.71
Vps13d,8.21E-04,3.83E-03,1.71
Pim1,6.64E-10,2.23E-08,1.71
Pde1b,8.61E-03,2.64E-02,1.72
Calcoco1,2.81E-08,5.93E-07,1.72
Dennd4b,2.45E-05,1.99E-04,1.72
Dcaf6,1.28E-07,2.24E-06,1.72
Grip1,5.29E-05,3.81E-04,1.72
Nrgn,1.65E-02,4.50E-02,1.72
Arap2,6.40E-03,2.08E-02,1.72
Trip11,2.69E-03,1.02E-02,1.72
Jarid2,4.81E-12,2.77E-10,1.72
Hand2,2.92E-04,1.59E-03,1.72
Zfpm2,7.72E-03,2.42E-02,1.72
Gpr19,1.83E-04,1.07E-03,1.72
Sall1,2.89E-03,1.08E-02,1.72
Eng,7.99E-06,7.64E-05,1.72
Ctnnd2,4.49E-05,3.32E-04,1.72
AW549877,6.44E-09,1.65E-07,1.72
Gigyf1,7.13E-05,4.88E-04,1.72
Bai2,2.89E-05,2.29E-04,1.72
Cdh5,3.52E-06,3.81E-05,1.73
Fam120c,1.54E-06,1.87E-05,1.73
Bod1l,4.50E-05,3.32E-04,1.73
Dlk1,9.78E-06,9.09E-05,1.73
Pnrc1,3.36E-05,2.61E-04,1.73
Scai,1.25E-04,7.77E-04,1.73
Snai2,3.39E-06,3.68E-05,1.73
Ttc14,2.97E-08,6.21E-07,1.73
Cacna2d1,3.46E-05,2.68E-04,1.73
Ppp2r3a,5.23E-12,2.99E-10,1.73
Bsg,5.39E-07,7.72E-06,1.73
Dusp6,1.33E-13,1.10E-11,1.73
Fam117b,2.14E-11,1.02E-09,1.74
Magi3,2.15E-06,2.49E-05,1.74
Ank2,1.24E-07,2.18E-06,1.74
Ccdc57,1.32E-04,8.14E-04,1.74
Adamts15,8.96E-04,4.12E-03,1.74
Abca1,1.24E-03,5.39E-03,1.74
Hdac4,1.42E-03,6.04E-03,1.74
Iars,4.80E-12,2.77E-10,1.74
Acacb,1.39E-03,5.93E-03,1.74
Cep290,5.05E-04,2.53E-03,1.74
Lgals3bp,1.56E-02,4.30E-02,1.74
Uvssa,2.59E-08,5.54E-07,1.74
Avl9,3.20E-08,6.64E-07,1.74
Mbd5,1.85E-04,1.08E-03,1.74
Mysm1,2.61E-05,2.11E-04,1.74
Sytl2,1.04E-02,3.08E-02,1.74
Agl,1.62E-08,3.72E-07,1.74
Rab6b,5.88E-03,1.93E-02,1.74
Pigg,1.53E-05,1.35E-04,1.74
Poli,8.38E-05,5.55E-04,1.75
5730480H06Rik,4.81E-03,1.65E-02,1.75
Pcdhga2,2.59E-03,9.91E-03,1.75
Lamp2,5.24E-10,1.81E-08,1.75
Tmem204,9.93E-05,6.42E-04,1.75
Msx1,1.70E-03,7.00E-03,1.75
Plxna4,9.08E-05,5.95E-04,1.75
Rufy2,4.79E-08,9.41E-07,1.75
Mib2,1.90E-05,1.61E-04,1.75
Stim1,5.84E-07,8.26E-06,1.75
Xpnpep2,2.26E-04,1.28E-03,1.75
Foxj3,1.70E-07,2.87E-06,1.75
Foxo1,1.48E-08,3.47E-07,1.75
Peg3,1.28E-02,3.64E-02,1.75
Elf4,1.85E-05,1.58E-04,1.75
Esam,8.76E-06,8.26E-05,1.75
Fam43a,2.19E-07,3.58E-06,1.75
Rbm33,6.65E-05,4.62E-04,1.75
Cpeb4,1.82E-02,4.86E-02,1.75
D630037F22Rik,2.65E-05,2.13E-04,1.75
Ccdc42,1.10E-02,3.21E-02,1.75
Lcorl,3.19E-05,2.50E-04,1.75
Klf9,1.19E-02,3.43E-02,1.76
Hecw2,4.34E-04,2.22E-03,1.76
2010107G23Rik,1.50E-02,4.14E-02,1.76
Ltbp1,5.61E-06,5.64E-05,1.76
Msi2,1.77E-11,8.64E-10,1.76
Zzef1,1.57E-05,1.37E-04,1.76
Wdr34,1.90E-08,4.31E-07,1.76
Grina,3.95E-08,7.94E-07,1.76
Tpk1,1.05E-03,4.69E-03,1.76
Tanc1,7.85E-06,7.52E-05,1.76
Angpt2,1.33E-03,5.74E-03,1.76
Aldh6a1,5.24E-07,7.55E-06,1.76
Wdr59,8.79E-12,4.63E-10,1.76
Tbc1d23,1.03E-07,1.83E-06,1.76
Amotl2,4.48E-15,4.95E-13,1.76
Oit3,1.28E-02,3.65E-02,1.76
Ptprb,1.13E-03,4.97E-03,1.76
Prkg1,2.31E-06,2.63E-05,1.76
Spin4,1.83E-04,1.07E-03,1.77
Maml2,3.79E-04,1.99E-03,1.77
Gm3414,1.40E-03,5.98E-03,1.77
Clk4,1.04E-08,2.53E-07,1.77
Igsf11,7.28E-04,3.46E-03,1.77
Il17rd,8.92E-07,1.17E-05,1.77
Parp6,7.28E-09,1.83E-07,1.77
Zfp654,2.26E-06,2.59E-05,1.77
Ascc3,4.76E-07,6.95E-06,1.77
Sbf2,4.82E-07,7.01E-06,1.77
Rps6ka2,1.95E-08,4.40E-07,1.77
Clec1b,1.94E-03,7.82E-03,1.77
Srcrb4d,8.51E-03,2.62E-02,1.77
Sh3d21,9.01E-04,4.14E-03,1.77
Epas1,1.77E-03,7.23E-03,1.77
Ikbip,1.66E-06,1.99E-05,1.77
Tnks,1.86E-02,4.95E-02,1.77
Ssc5d,4.83E-04,2.44E-03,1.77
Glipr2,5.47E-09,1.44E-07,1.78
Ern1,4.00E-03,1.41E-02,1.78
2610008E11Rik,2.53E-08,5.44E-07,1.78
Ncrna00085,1.15E-02,3.33E-02,1.78
Cpt1c,8.04E-04,3.76E-03,1.78
Tgfbr3,5.28E-06,5.36E-05,1.78
Fzd4,8.32E-06,7.93E-05,1.78
Zfp28,1.61E-06,1.94E-05,1.78
Chd9,2.80E-04,1.53E-03,1.78
Mertk,7.75E-04,3.65E-03,1.79
Prrt2,1.17E-04,7.36E-04,1.79
Ubr2,4.26E-06,4.50E-05,1.79
Ift172,6.95E-07,9.49E-06,1.79
Nbea,8.71E-06,8.22E-05,1.79
Cpz,1.77E-03,7.22E-03,1.79
Lrif1,4.60E-05,3.38E-04,1.79
4930402H24Rik,4.57E-04,2.33E-03,1.79
Tead4,3.77E-05,2.87E-04,1.79
Sdr39u1,1.24E-10,5.04E-09,1.79
Klf15,4.28E-04,2.20E-03,1.79
Zscan26,6.65E-10,2.23E-08,1.79
Epha4,1.33E-05,1.20E-04,1.79
Wnt6,2.71E-04,1.49E-03,1.79
Plekha5,2.26E-07,3.68E-06,1.79
Pard6b,6.16E-07,8.60E-06,1.79
Sema3c,5.35E-09,1.41E-07,1.79
Trim6,2.73E-05,2.19E-04,1.79
Pitpnc1,9.17E-09,2.26E-07,1.80
Adamts12,4.45E-03,1.54E-02,1.80
Pde4a,1.23E-03,5.37E-03,1.80
Bbx,5.15E-08,1.00E-06,1.80
Ero1lb,1.70E-02,4.61E-02,1.80
Enpp5,3.80E-03,1.35E-02,1.80
Astn2,2.99E-03,1.11E-02,1.80
Zfp458,3.92E-03,1.39E-02,1.80
Tlx1,2.83E-03,1.06E-02,1.80
Mycbp2,2.35E-04,1.32E-03,1.80
Cdc42ep2,2.12E-04,1.21E-03,1.80
Reck,1.26E-13,1.05E-11,1.80
Zfp169,4.77E-03,1.63E-02,1.80
Lrrk2,1.22E-03,5.33E-03,1.80
Pcx,2.19E-07,3.58E-06,1.80
Mtus2,1.09E-04,6.94E-04,1.80
Mapk1ip1,5.04E-06,5.16E-05,1.81
Ptpru,2.77E-04,1.52E-03,1.81
Rprm,9.88E-03,2.96E-02,1.81
March7,1.43E-07,2.46E-06,1.81
Gm7694,2.41E-05,1.97E-04,1.81
Slc37a4,5.38E-08,1.04E-06,1.81
Plk2,6.92E-06,6.74E-05,1.81
Ccdc171,3.62E-03,1.30E-02,1.81
Erc2,3.76E-04,1.97E-03,1.82
Irx3,6.26E-07,8.73E-06,1.82
Pcgf5,1.40E-03,5.96E-03,1.82
Rnf128,3.14E-05,2.47E-04,1.82
Dab2,6.70E-09,1.70E-07,1.82
Mdm4,1.11E-03,4.91E-03,1.82
Aga,2.10E-05,1.75E-04,1.82
Opcml,1.43E-02,3.99E-02,1.82
Ankrd24,1.41E-04,8.61E-04,1.82
Zfp473,3.03E-06,3.33E-05,1.82
Icosl,1.83E-04,1.07E-03,1.82
Spock2,2.05E-03,8.19E-03,1.82
4930447C04Rik,6.46E-03,2.09E-02,1.82
1810026B05Rik,1.74E-04,1.03E-03,1.82
Selenbp1,7.59E-03,2.38E-02,1.83
Ulk4,8.52E-03,2.62E-02,1.83
Slc16a9,3.14E-03,1.16E-02,1.83
Mll3,2.54E-04,1.42E-03,1.83
Kat6b,1.01E-05,9.35E-05,1.83
Abca4,7.69E-06,7.37E-05,1.83
Fam65c,1.41E-04,8.61E-04,1.83
Arhgef3,3.11E-05,2.45E-04,1.83
Inpp4a,2.69E-09,7.69E-08,1.83
Ddah1,2.82E-14,2.62E-12,1.84
Ccdc15,8.52E-03,2.62E-02,1.84
Kcnq5,1.81E-04,1.06E-03,1.84
Alkbh5,4.81E-16,6.62E-14,1.84
Wt1,4.90E-04,2.47E-03,1.84
Phf15,9.83E-03,2.95E-02,1.84
Zbtb7c,2.61E-03,9.96E-03,1.84
Crispld2,1.21E-04,7.61E-04,1.84
Nampt,1.66E-11,8.14E-10,1.84
Flnb,5.37E-07,7.70E-06,1.84
Sdc4,8.40E-05,5.56E-04,1.84
Masp1,8.53E-06,8.09E-05,1.84
Nf1,9.57E-06,8.93E-05,1.84
Adcy2,5.69E-03,1.89E-02,1.85
Col4a2,1.98E-08,4.45E-07,1.85
Mxi1,5.20E-06,5.30E-05,1.85
Usp29,4.30E-06,4.54E-05,1.85
LOC106740,3.41E-08,6.99E-07,1.85
Cdkn1b,6.62E-07,9.12E-06,1.85
Glt1d1,1.81E-02,4.83E-02,1.85
Ctbs,6.47E-05,4.51E-04,1.85
Sh3bp4,5.11E-10,1.77E-08,1.85
Ggnbp1,8.39E-03,2.60E-02,1.85
Maf,1.20E-03,5.24E-03,1.85
Ccdc106,7.07E-04,3.38E-03,1.86
Gfra2,9.40E-03,2.84E-02,1.86
Abcc1,1.60E-08,3.69E-07,1.86
Nsun6,4.18E-07,6.22E-06,1.86
2610307P16Rik,6.92E-03,2.22E-02,1.86
Ppp1r13b,1.43E-05,1.27E-04,1.86
Tdrkh,1.55E-04,9.30E-04,1.86
C030039L03Rik,3.89E-04,2.03E-03,1.86
Rgs4,4.22E-04,2.17E-03,1.86
Zfp442,9.99E-04,4.50E-03,1.86
Olfm2,6.80E-04,3.27E-03,1.86
Gm1976,1.58E-03,6.61E-03,1.86
Ccdc150,3.12E-03,1.15E-02,1.86
Irs4,1.39E-02,3.89E-02,1.86
Dennd4c,1.57E-03,6.56E-03,1.86
Kidins220,3.77E-09,1.03E-07,1.86
Dusp4,1.23E-05,1.12E-04,1.86
Fry,1.83E-04,1.07E-03,1.87
Cttnbp2,1.06E-03,4.71E-03,1.87
Tgfbi,1.59E-06,1.92E-05,1.87
Letm2,9.09E-04,4.16E-03,1.87
Hif3a,4.77E-06,4.95E-05,1.87
Zfp292,2.68E-07,4.25E-06,1.87
Cysltr1,1.69E-02,4.57E-02,1.87
Sh3tc1,8.85E-06,8.33E-05,1.87
Skil,7.54E-08,1.39E-06,1.87
Pcsk5,1.08E-07,1.92E-06,1.87
Dlg2,3.55E-03,1.28E-02,1.88
Megf11,4.06E-03,1.43E-02,1.88
Cars,5.39E-11,2.35E-09,1.88
Lrp1,3.35E-03,1.22E-02,1.88
Dennd5b,1.31E-09,4.10E-08,1.88
Dpy19l4,1.45E-03,6.15E-03,1.88
S1pr1,2.28E-08,4.97E-07,1.88
Slc6a15,3.94E-04,2.05E-03,1.88
Ppp1r3g,2.59E-03,9.91E-03,1.88
Zfp182,6.37E-06,6.28E-05,1.89
AA987161,1.04E-06,1.33E-05,1.89
Mdga1,2.95E-03,1.10E-02,1.89
Plagl1,5.77E-05,4.11E-04,1.89
Gas7,1.32E-06,1.63E-05,1.89
Igdcc4,2.20E-06,2.54E-05,1.89
Cdh3,2.70E-11,1.28E-09,1.89
Hfm1,5.29E-03,1.78E-02,1.89
Klf12,5.21E-04,2.60E-03,1.89
Aldoa,4.15E-10,1.48E-08,1.90
Pde10a,1.26E-04,7.82E-04,1.90
Mef2a,4.47E-05,3.31E-04,1.90
Lyst,1.43E-03,6.07E-03,1.90
Fam19a2,9.20E-04,4.21E-03,1.90
Akap8l,6.48E-08,1.23E-06,1.90
Clcn3,5.48E-16,7.40E-14,1.90
Zfp605,3.95E-06,4.20E-05,1.90
Atl1,1.49E-03,6.29E-03,1.90
Rfx3,7.37E-07,1.00E-05,1.91
Mll5,6.55E-07,9.04E-06,1.91
AF357359,1.81E-05,1.55E-04,1.91
Rad51b,7.30E-05,4.97E-04,1.91
Ak5,1.97E-04,1.14E-03,1.91
Trerf1,1.49E-05,1.32E-04,1.91
Pdk4,3.41E-03,1.24E-02,1.91
Parm1,2.08E-04,1.20E-03,1.91
Gpc4,2.73E-05,2.19E-04,1.91
Zfp456,5.38E-03,1.81E-02,1.91
Izumo4,7.49E-03,2.36E-02,1.91
Fbln5,1.10E-04,7.00E-04,1.91
4933407K13Rik,8.29E-04,3.86E-03,1.91
Samd5,1.43E-02,4.00E-02,1.91
Mga,8.51E-07,1.13E-05,1.92
Lrrc3b,4.70E-03,1.61E-02,1.92
Samd4,3.30E-09,9.28E-08,1.92
Tlr4,1.68E-02,4.56E-02,1.92
Wdr19,2.16E-05,1.79E-04,1.92
Dapk1,1.12E-15,1.41E-13,1.92
Ptpn4,7.83E-03,2.45E-02,1.92
Slit2,2.77E-04,1.52E-03,1.92
Cdkl5,1.30E-02,3.69E-02,1.92
Ganc,4.36E-05,3.25E-04,1.92
Kdr,2.78E-07,4.36E-06,1.93
2610020H08Rik,1.34E-05,1.20E-04,1.93
Far2,2.97E-03,1.11E-02,1.93
Eif4ebp1,2.19E-07,3.58E-06,1.93
Jag2,3.85E-04,2.01E-03,1.93
Kcnq1ot1,4.31E-06,4.55E-05,1.93
Nhlrc3,1.93E-04,1.13E-03,1.93
Ubxn11,5.42E-03,1.82E-02,1.93
F3,2.58E-04,1.43E-03,1.93
Atf3,3.17E-05,2.49E-04,1.93
Sardh,2.63E-03,1.00E-02,1.93
Hspg2,8.86E-03,2.71E-02,1.93
Slitrk4,1.43E-02,4.00E-02,1.93
Gk5,2.05E-04,1.18E-03,1.93
Mapk8ip3,3.89E-08,7.83E-07,1.94
Msx1as,6.89E-03,2.21E-02,1.94
Synj2,4.16E-05,3.13E-04,1.94
Ptprn,7.92E-03,2.47E-02,1.94
Hist3h2a,5.72E-06,5.74E-05,1.94
Tep1,1.27E-06,1.57E-05,1.94
Scaper,1.43E-08,3.36E-07,1.94
Pim3,1.51E-12,9.60E-11,1.94
Piezo2,1.67E-03,6.90E-03,1.94
Efemp1,4.71E-05,3.46E-04,1.94
Man2b2,2.62E-07,4.17E-06,1.94
Sema3b,7.26E-06,7.02E-05,1.94
Gata3,1.10E-06,1.39E-05,1.94
Nuak1,3.95E-09,1.08E-07,1.94
Rarb,3.94E-11,1.78E-09,1.94
Zfp712,7.26E-05,4.95E-04,1.94
Itga3,2.19E-06,2.53E-05,1.94
Sema7a,1.08E-03,4.78E-03,1.95
Tox,2.12E-03,8.42E-03,1.95
4933408B17Rik,4.25E-03,1.48E-02,1.95
Aldoart1,3.58E-06,3.87E-05,1.95
Cdon,8.46E-08,1.54E-06,1.95
3830408C21Rik,9.48E-03,2.86E-02,1.95
Zfp455,6.14E-03,2.01E-02,1.95
Adam12,1.01E-05,9.35E-05,1.95
Plekhn1,7.05E-03,2.25E-02,1.95
Tef,1.65E-16,2.56E-14,1.95
Zfp36,2.64E-05,2.12E-04,1.95
Dapk2,3.78E-03,1.35E-02,1.95
Nos1ap,4.43E-03,1.54E-02,1.96
Alx1,1.49E-08,3.50E-07,1.96
Catsper2,9.66E-03,2.91E-02,1.96
Gucy1a2,7.02E-04,3.36E-03,1.96
Mgll,1.61E-02,4.39E-02,1.96
Lrig2,3.21E-10,1.18E-08,1.96
Asph,9.44E-25,3.93E-22,1.96
Fam126b,1.73E-06,2.06E-05,1.96
Slc40a1,4.30E-05,3.22E-04,1.96
Sema4g,6.84E-06,6.67E-05,1.96
Usp35,8.76E-07,1.15E-05,1.96
Zfp438,3.12E-05,2.46E-04,1.96
Arl13b,5.99E-10,2.04E-08,1.96
Pxdc1,3.35E-04,1.79E-03,1.97
AF529169,8.51E-03,2.62E-02,1.97
Appl2,4.75E-14,4.17E-12,1.97
Gm10560,3.62E-03,1.30E-02,1.97
Pard3b,2.73E-04,1.50E-03,1.97
Mgarp,2.18E-04,1.24E-03,1.97
Map3k2,4.85E-09,1.29E-07,1.97
Spata1,6.48E-03,2.10E-02,1.97
Tshz2,1.33E-07,2.31E-06,1.97
Tet1,1.50E-07,2.57E-06,1.97
Thsd4,1.90E-15,2.31E-13,1.97
Vps13b,4.49E-05,3.32E-04,1.97
Itga11,6.04E-03,1.98E-02,1.97
N4bp2l1,1.07E-02,3.16E-02,1.97
Ppargc1b,2.59E-03,9.91E-03,1.97
BC030307,6.37E-05,4.45E-04,1.98
Cnr1,8.16E-04,3.81E-03,1.98
Pkp2,3.07E-09,8.69E-08,1.98
Glg1,1.56E-05,1.37E-04,1.98
Cxcr4,1.18E-06,1.48E-05,1.98
Slc4a4,2.26E-06,2.59E-05,1.98
Zbtb4,4.01E-05,3.02E-04,1.98
Zc3h6,2.38E-04,1.33E-03,1.98
Prickle2,2.46E-07,3.95E-06,1.98
Egfr,5.18E-03,1.75E-02,1.98
Lcor,1.02E-02,3.05E-02,1.98
Vwa5a,9.79E-08,1.75E-06,1.98
Rnf13,1.88E-09,5.67E-08,1.98
Ankzf1,8.35E-13,5.64E-11,1.98
2610015P09Rik,2.17E-07,3.56E-06,1.99
Lrrc51,1.59E-05,1.39E-04,1.99
Zswim5,5.01E-06,5.14E-05,1.99
Rb1,2.21E-06,2.54E-05,1.99
Zfp759,5.97E-04,2.92E-03,1.99
Gm11602,3.93E-03,1.39E-02,1.99
4932438A13Rik,2.32E-06,2.64E-05,1.99
Fam78b,1.18E-05,1.07E-04,1.99
Syde2,6.91E-15,7.52E-13,1.99
Nab2,2.68E-11,1.27E-09,2.00
B3gnt9,1.36E-03,5.86E-03,2.00
Utrn,5.51E-07,7.87E-06,2.00
Tfpi,9.00E-12,4.70E-10,2.00
Dlg4,3.43E-09,9.58E-08,2.00
Fndc3a,8.57E-11,3.60E-09,2.00
Ctgf,3.28E-07,5.02E-06,2.00
Mst1r,1.66E-02,4.53E-02,2.00
Hgf,1.45E-03,6.15E-03,2.00
Pdlim2,5.87E-06,5.86E-05,2.00
Otud1,4.84E-04,2.44E-03,2.00
Tbl2,8.27E-12,4.37E-10,2.01
Fermt3,4.71E-05,3.45E-04,2.01
Cux2,2.50E-07,4.00E-06,2.01
Extl1,2.45E-03,9.48E-03,2.01
Prdm1,6.24E-05,4.37E-04,2.01
Kdm5a,4.38E-10,1.55E-08,2.01
Dlgap3,7.08E-03,2.26E-02,2.01
Lonrf1,1.32E-10,5.31E-09,2.01
Zfp382,4.33E-04,2.22E-03,2.01
Prnp,9.67E-06,8.99E-05,2.01
Irs2,5.53E-05,3.96E-04,2.01
Igf1r,1.97E-09,5.91E-08,2.02
Gltscr1l,4.70E-06,4.89E-05,2.02
Dhrs3,2.07E-05,1.73E-04,2.02
Lrrc48,8.49E-03,2.62E-02,2.02
Zfp383,2.34E-08,5.10E-07,2.02
Gm6297,1.37E-02,3.85E-02,2.02
Pnma2,1.73E-04,1.03E-03,2.03
2310008H04Rik,6.00E-12,3.31E-10,2.03
Nid2,1.95E-12,1.20E-10,2.03
Adcyap1r1,1.46E-03,6.18E-03,2.03
Asic4,1.38E-03,5.90E-03,2.03
Ppfia4,1.33E-07,2.31E-06,2.03
Apold1,2.73E-04,1.50E-03,2.03
Col5a2,1.61E-09,4.90E-08,2.03
Gpr20,1.25E-02,3.57E-02,2.03
C3,9.09E-03,2.77E-02,2.03
Rian,2.03E-09,6.06E-08,2.03
Tnc,1.42E-08,3.35E-07,2.04
Gpi1,9.32E-15,9.92E-13,2.04
Atf7,1.86E-03,7.55E-03,2.04
Nfat5,7.58E-03,2.38E-02,2.04
Per2,9.26E-08,1.67E-06,2.04
2410066E13Rik,1.89E-03,7.65E-03,2.04
Aebp1,1.76E-08,4.01E-07,2.04
Aff2,1.80E-04,1.06E-03,2.04
Fbxl4,3.82E-06,4.09E-05,2.05
Pold4,6.61E-06,6.47E-05,2.05
Cebpd,5.87E-04,2.88E-03,2.05
Cdcp1,4.44E-05,3.30E-04,2.05
Fbxl20,1.12E-14,1.14E-12,2.05
Nrp2,5.20E-16,7.09E-14,2.05
Dscam,1.56E-02,4.28E-02,2.05
Lrp2,5.98E-03,1.96E-02,2.05
Xrn1,1.55E-02,4.27E-02,2.05
Kif6,9.22E-03,2.80E-02,2.05
Jak3,5.49E-04,2.73E-03,2.05
Mrc1,3.34E-03,1.22E-02,2.06
Bach2,3.54E-08,7.22E-07,2.06
A530054K11Rik,2.76E-07,4.34E-06,2.06
Prr18,7.04E-03,2.25E-02,2.06
Creb3l1,2.11E-06,2.45E-05,2.06
Pcdhgb4,9.80E-04,4.43E-03,2.06
Heca,1.06E-09,3.42E-08,2.06
Pld5,1.22E-02,3.50E-02,2.06
Epha2,8.66E-07,1.14E-05,2.06
Bin2,5.03E-03,1.71E-02,2.06
Prkcq,1.49E-02,4.12E-02,2.07
Col1a2,1.56E-08,3.62E-07,2.07
Lamc2,1.34E-05,1.20E-04,2.07
Thbs1,8.03E-07,1.08E-05,2.07
Gys1,9.30E-10,3.03E-08,2.07
Apln,5.59E-05,4.00E-04,2.07
Pmaip1,5.48E-03,1.83E-02,2.08
Adam22,3.03E-05,2.39E-04,2.08
3632451O06Rik,1.18E-05,1.07E-04,2.08
Myo6,1.53E-10,6.02E-09,2.08
Ccdc82,1.02E-06,1.31E-05,2.08
Grik1,1.74E-02,4.69E-02,2.08
Zfp185,7.33E-12,3.96E-10,2.08
Sfi1,7.63E-07,1.03E-05,2.08
Nek1,1.06E-12,7.07E-11,2.08
Cnbd2,5.66E-03,1.88E-02,2.08
Tead1,6.17E-09,1.59E-07,2.08
Pde4c,1.15E-02,3.34E-02,2.08
Cacna1c,6.20E-05,4.36E-04,2.08
4930432K21Rik,7.00E-04,3.35E-03,2.08
Hs3st1,1.73E-03,7.08E-03,2.09
Slc6a9,3.90E-07,5.86E-06,2.09
Tnfrsf18,1.39E-02,3.90E-02,2.09
Pmp22,6.27E-09,1.61E-07,2.09
1700029J07Rik,8.47E-06,8.05E-05,2.09
Oprd1,9.57E-03,2.88E-02,2.09
Trpc1,1.41E-04,8.61E-04,2.10
Sdk2,9.23E-03,2.80E-02,2.10
Camk2n1,3.04E-06,3.34E-05,2.10
Insr,3.04E-14,2.79E-12,2.10
Ggn,7.34E-03,2.32E-02,2.11
Prrg1,4.77E-07,6.95E-06,2.11
Cd47,2.68E-07,4.25E-06,2.11
Foxn3,3.73E-05,2.85E-04,2.11
Gm3716,5.21E-05,3.76E-04,2.11
Rab27b,2.10E-05,1.75E-04,2.11
Zfp939,1.37E-03,5.90E-03,2.11
Uap1l1,7.78E-05,5.22E-04,2.12
Chst1,1.97E-08,4.44E-07,2.12
Prrg3,2.06E-10,7.90E-09,2.12
Col25a1,3.01E-08,6.28E-07,2.12
Gpc6,1.91E-14,1.87E-12,2.12
Csgalnact1,1.60E-05,1.39E-04,2.12
Dbp,3.32E-05,2.59E-04,2.12
Robo2,5.22E-08,1.01E-06,2.12
Mamld1,8.41E-03,2.60E-02,2.12
Tmem220,9.19E-03,2.79E-02,2.12
Hand1,1.21E-02,3.48E-02,2.13
4930581F22Rik,1.09E-03,4.82E-03,2.13
Lamb1,4.35E-13,3.20E-11,2.13
Gm20554,2.67E-03,1.02E-02,2.13
Atp2b4,2.91E-07,4.53E-06,2.13
Dok5,4.99E-05,3.63E-04,2.13
Cdhr1,1.50E-02,4.14E-02,2.13
Kit,1.43E-13,1.17E-11,2.14
Sla,9.82E-03,2.94E-02,2.14
Klhdc1,1.61E-02,4.40E-02,2.14
Sod3,4.46E-05,3.31E-04,2.14
Slc16a4,1.04E-02,3.09E-02,2.14
Gxylt2,6.70E-03,2.16E-02,2.15
Rhbdd1,1.57E-11,7.74E-10,2.15
Ddx58,2.23E-04,1.26E-03,2.15
Clk1,3.50E-09,9.68E-08,2.15
Cftr,1.62E-02,4.42E-02,2.15
Hectd2,1.41E-03,6.00E-03,2.15
Disc1,4.12E-03,1.44E-02,2.15
Itpr3,1.22E-05,1.10E-04,2.15
2810442I21Rik,4.80E-04,2.43E-03,2.15
Col6a2,1.92E-07,3.19E-06,2.15
Med12l,1.40E-05,1.25E-04,2.15
AI314831,7.32E-03,2.32E-02,2.15
Fam169a,1.05E-21,3.40E-19,2.16
Renbp,3.28E-11,1.51E-09,2.16
Klf7,6.19E-04,3.01E-03,2.16
T,1.50E-02,4.16E-02,2.16
Msh5,8.88E-04,4.09E-03,2.16
Galnt3,4.46E-04,2.28E-03,2.16
Lpp,3.78E-11,1.72E-09,2.17
Slc3a2,3.39E-19,7.71E-17,2.17
Setbp1,3.27E-07,5.01E-06,2.17
Gpr146,3.37E-06,3.67E-05,2.17
Fggy,2.66E-06,2.98E-05,2.17
Nkx3-2,2.47E-03,9.52E-03,2.17
Ccdc68,9.04E-04,4.15E-03,2.17
Fndc3b,1.73E-11,8.45E-10,2.18
Tfap2a,7.32E-06,7.07E-05,2.18
C030037D09Rik,1.06E-02,3.13E-02,2.18
Dzank1,2.09E-03,8.32E-03,2.18
Nbeal1,5.66E-03,1.88E-02,2.18
Dhtkd1,1.19E-05,1.08E-04,2.18
Usp11,4.15E-13,3.09E-11,2.18
Cd109,3.61E-09,9.94E-08,2.18
Ankrd12,8.38E-07,1.12E-05,2.18
Sbsn,3.10E-03,1.14E-02,2.18
Lbp,2.66E-04,1.47E-03,2.18
Mtss1,3.82E-12,2.29E-10,2.18
Dtna,3.22E-08,6.65E-07,2.18
Rlf,4.05E-17,6.88E-15,2.19
Cobll1,1.68E-10,6.56E-09,2.19
Igf1,6.41E-06,6.31E-05,2.19
Itga2b,4.81E-06,4.99E-05,2.19
Ccdc176,1.15E-02,3.33E-02,2.19
Optn,2.17E-05,1.79E-04,2.19
Aasdh,1.23E-08,2.95E-07,2.19
Zfp879,3.96E-03,1.40E-02,2.19
Spock1,5.53E-07,7.89E-06,2.19
Ogt,2.55E-16,3.61E-14,2.19
Slc38a3,1.97E-05,1.66E-04,2.20
Prss23,1.31E-08,3.13E-07,2.20
Ppp1r3b,6.21E-09,1.60E-07,2.20
Mme,8.36E-06,7.96E-05,2.20
Rbms3,7.36E-09,1.85E-07,2.20
Runx1,6.59E-04,3.18E-03,2.20
Cd36,2.23E-08,4.89E-07,2.21
Spsb1,1.60E-13,1.29E-11,2.21
Asah2,4.05E-08,8.12E-07,2.22
Klhl28,1.49E-05,1.32E-04,2.22
Usp53,3.34E-08,6.87E-07,2.22
Eml5,1.24E-04,7.75E-04,2.22
Nrbp2,3.11E-05,2.45E-04,2.22
Pvr,2.99E-13,2.27E-11,2.23
Arhgap29,1.93E-23,7.23E-21,2.23
Upk1a,3.25E-03,1.19E-02,2.23
Neil2,1.00E-04,6.48E-04,2.23
Rgs5,2.30E-06,2.62E-05,2.24
Ccdc85a,1.89E-03,7.63E-03,2.24
Pcsk6,1.48E-08,3.47E-07,2.24
Mbnl2,7.20E-11,3.05E-09,2.24
Cyp4f17,4.86E-05,3.55E-04,2.24
Epm2a,5.80E-03,1.91E-02,2.25
Wsb1,6.04E-24,2.38E-21,2.25
Rsbn1,4.43E-13,3.23E-11,2.25
Chd2,6.71E-09,1.71E-07,2.25
Dgkh,7.64E-03,2.40E-02,2.25
Cbx7,1.32E-05,1.19E-04,2.26
Aldoc,3.97E-07,5.94E-06,2.26
Grik4,2.29E-05,1.88E-04,2.26
Myct1,7.04E-06,6.83E-05,2.26
Lox,3.69E-05,2.82E-04,2.26
Sema6d,2.56E-08,5.49E-07,2.26
6720401G13Rik,1.92E-11,9.32E-10,2.26
Igfbp2,1.52E-13,1.23E-11,2.26
Zim1,6.36E-03,2.06E-02,2.26
Sdk1,1.18E-09,3.76E-08,2.26
Sema3g,5.96E-05,4.22E-04,2.26
Pgk1,1.27E-11,6.37E-10,2.27
F8,3.40E-05,2.64E-04,2.27
S100a6,8.50E-04,3.94E-03,2.27
Dio3,1.80E-03,7.34E-03,2.28
Fbxo41,1.84E-04,1.08E-03,2.28
Icam1,6.57E-08,1.24E-06,2.28
Ube2ql1,2.52E-05,2.04E-04,2.28
Nid1,1.27E-10,5.14E-09,2.28
Sqrdl,3.59E-03,1.29E-02,2.29
Psd,3.49E-04,1.85E-03,2.29
Plekhg1,2.73E-11,1.29E-09,2.29
Mybpc1,3.99E-05,3.01E-04,2.29
Map3k1,2.71E-22,9.43E-20,2.29
Gadd45b,7.67E-05,5.16E-04,2.30
Upk3bl,1.56E-02,4.30E-02,2.30
BC065397,1.29E-07,2.25E-06,2.30
Gfod1,2.19E-07,3.58E-06,2.30
Epha3,2.51E-06,2.83E-05,2.30
1600016N20Rik,4.44E-06,4.67E-05,2.30
Bnc1,8.12E-07,1.09E-05,2.30
Polk,8.21E-10,2.70E-08,2.30
Junb,6.47E-07,8.96E-06,2.30
Tgfbr2,5.88E-11,2.54E-09,2.30
Ncoa1,5.77E-09,1.50E-07,2.30
Egln1,2.93E-13,2.24E-11,2.30
Kcnh7,5.59E-03,1.86E-02,2.30
Pdk1,1.23E-10,5.01E-09,2.30
Maml3,1.02E-14,1.07E-12,2.31
F5,3.08E-03,1.14E-02,2.31
Clybl,4.43E-12,2.58E-10,2.31
Ptrf,2.38E-10,9.01E-09,2.31
Ushbp1,5.48E-07,7.84E-06,2.31
Poln,1.36E-02,3.84E-02,2.31
C920006O11Rik,7.40E-03,2.34E-02,2.31
Phc3,7.83E-07,1.06E-05,2.31
Efhc1,1.73E-04,1.02E-03,2.31
Zfp395,3.81E-20,9.74E-18,2.32
Neurog2,3.50E-03,1.26E-02,2.32
Gp1ba,5.79E-05,4.12E-04,2.32
Tmem74b,8.58E-03,2.64E-02,2.32
Kbtbd11,8.00E-09,1.99E-07,2.32
Gm129,1.08E-06,1.37E-05,2.32
Col16a1,1.52E-07,2.60E-06,2.33
P2rx4,1.09E-05,9.99E-05,2.33
Gpr50,7.99E-03,2.49E-02,2.33
Rnd1,1.56E-04,9.36E-04,2.33
Pax8,1.31E-02,3.72E-02,2.33
Neurl3,2.09E-05,1.75E-04,2.33
Spry1,1.04E-08,2.53E-07,2.33
Baiap3,7.97E-03,2.48E-02,2.33
Ikzf2,2.54E-09,7.35E-08,2.34
Ccng2,2.58E-10,9.69E-09,2.35
Bcl6,4.35E-03,1.51E-02,2.35
Timp3,4.80E-18,9.46E-16,2.35
Cdkl1,3.43E-04,1.82E-03,2.35
Pycr1,3.79E-15,4.28E-13,2.35
Prkab2,7.09E-20,1.72E-17,2.35
Ticam2,1.48E-02,4.10E-02,2.36
Echdc3,2.22E-04,1.26E-03,2.36
Arhgap6,6.59E-08,1.24E-06,2.36
Gpt2,2.02E-18,4.15E-16,2.36
Irak2,4.29E-08,8.56E-07,2.36
Nr3c1,1.31E-09,4.10E-08,2.36
P2ry1,1.25E-06,1.56E-05,2.36
Gabre,3.96E-04,2.06E-03,2.37
Itpr2,3.21E-08,6.64E-07,2.37
Il16,8.62E-05,5.68E-04,2.37
Fzd5,1.51E-05,1.33E-04,2.37
Kcnab1,5.82E-04,2.86E-03,2.37
Slc6a7,4.95E-03,1.68E-02,2.37
Sox17,9.33E-07,1.22E-05,2.37
Ppp2r2b,2.22E-09,6.58E-08,2.38
Grin2c,7.34E-06,7.08E-05,2.38
Chst15,4.28E-09,1.16E-07,2.38
Tmtc1,6.76E-06,6.61E-05,2.39
Tmem229a,2.04E-06,2.36E-05,2.39
Kcnh8,1.74E-02,4.70E-02,2.40
Zbtb16,4.71E-06,4.89E-05,2.40
Slc7a1,6.49E-23,2.31E-20,2.40
Hivep3,1.17E-02,3.39E-02,2.40
Tmem245,5.17E-06,5.27E-05,2.40
Lmbrd2,1.61E-04,9.62E-04,2.40
Cav1,3.26E-05,2.55E-04,2.41
Syne1,2.59E-08,5.54E-07,2.41
Nipal4,1.84E-02,4.89E-02,2.41
Sox6,2.33E-10,8.85E-09,2.41
Lsamp,9.50E-03,2.86E-02,2.42
Rasgrp2,3.78E-07,5.71E-06,2.42
Pappa,1.20E-06,1.51E-05,2.42
Ntrk3,1.77E-06,2.10E-05,2.42
Fam184b,2.82E-04,1.54E-03,2.42
1700001L05Rik,5.15E-07,7.44E-06,2.42
Gria1,1.33E-02,3.76E-02,2.42
Ppp4r1l-ps,1.64E-08,3.77E-07,2.42
Treml1,1.21E-02,3.48E-02,2.42
Cyp26a1,7.34E-07,9.99E-06,2.43
Hid1,1.91E-10,7.40E-09,2.43
Tanc2,7.34E-08,1.36E-06,2.43
Dennd2c,1.43E-06,1.75E-05,2.43
G0s2,6.30E-06,6.21E-05,2.44
Kdm4c,8.84E-16,1.13E-13,2.44
Nckap5,1.27E-04,7.87E-04,2.45
Cyr61,2.48E-13,1.92E-11,2.45
Ccdc159,5.91E-05,4.19E-04,2.45
Tubb1,2.01E-06,2.34E-05,2.45
Ptplad2,8.80E-07,1.15E-05,2.46
Zmym6,7.10E-17,1.16E-14,2.46
Ebf4,2.84E-10,1.06E-08,2.47
Cntd1,2.18E-04,1.24E-03,2.47
Itpkb,8.69E-11,3.64E-09,2.47
Slc7a2,2.50E-09,7.27E-08,2.47
Plod2,2.26E-25,1.18E-22,2.47
Cd93,4.23E-10,1.50E-08,2.48
Ccdc111,5.64E-12,3.16E-10,2.48
Syngr4,1.15E-02,3.34E-02,2.48
Rundc3b,1.26E-06,1.57E-05,2.48
Mgam,9.29E-03,2.81E-02,2.48
Grhl3,1.95E-05,1.64E-04,2.48
Abca5,7.65E-06,7.35E-05,2.48
Prnd,6.54E-06,6.42E-05,2.49
Veph1,1.72E-03,7.07E-03,2.49
4831440E17Rik,1.58E-03,6.60E-03,2.49
Lancl3,1.21E-02,3.48E-02,2.49
Lcp2,3.06E-03,1.13E-02,2.49
Lnpep,4.12E-03,1.44E-02,2.49
Hivep2,2.17E-09,6.44E-08,2.50
Crebl2,1.23E-06,1.54E-05,2.50
Upp1,4.53E-06,4.75E-05,2.51
Prune2,1.63E-06,1.95E-05,2.51
Zfp385c,1.76E-02,4.73E-02,2.52
Pck2,8.64E-18,1.59E-15,2.52
Vsig2,4.60E-04,2.34E-03,2.52
Klhl24,1.47E-12,9.42E-11,2.52
Tcp11l2,2.22E-06,2.56E-05,2.53
Fnip1,2.44E-13,1.90E-11,2.53
Fbln2,8.81E-10,2.88E-08,2.53
Pecam1,4.85E-12,2.78E-10,2.53
Syngr1,9.84E-05,6.37E-04,2.53
Btk,5.85E-03,1.93E-02,2.54
F2rl2,3.81E-04,1.99E-03,2.54
Gm2a,5.31E-14,4.64E-12,2.54
Shisa6,2.44E-04,1.37E-03,2.54
Ccdc60,2.68E-03,1.02E-02,2.54
Serpine1,1.10E-05,1.01E-04,2.54
Rasa4,9.78E-04,4.42E-03,2.55
Susd4,1.30E-12,8.41E-11,2.55
Pgm2,1.42E-11,7.08E-10,2.55
Adamts9,1.23E-21,3.89E-19,2.55
Arhgap18,5.37E-12,3.05E-10,2.55
Gm14207,9.80E-03,2.94E-02,2.56
Col20a1,2.27E-03,8.89E-03,2.56
2410006H16Rik,2.16E-25,1.17E-22,2.56
Htra1,5.84E-03,1.93E-02,2.56
1810010H24Rik,3.61E-03,1.30E-02,2.57
Begain,1.74E-07,2.93E-06,2.57
C130074G19Rik,5.21E-11,2.30E-09,2.57
Slc7a5,8.61E-21,2.54E-18,2.57
Adarb2,1.50E-02,4.16E-02,2.57
C030016D13Rik,6.91E-03,2.22E-02,2.57
Xkr4,1.88E-02,4.99E-02,2.58
Sgcd,1.26E-04,7.85E-04,2.59
Sema6b,3.45E-09,9.61E-08,2.59
Tec,2.47E-06,2.79E-05,2.59
Tet2,5.20E-09,1.38E-07,2.59
Rab39,1.27E-03,5.52E-03,2.60
Dlk2,5.44E-03,1.82E-02,2.61
Slc1a4,1.20E-15,1.50E-13,2.61
Ntrk1,8.30E-03,2.57E-02,2.62
Itpr1,3.34E-12,2.01E-10,2.62
Ptger4,9.34E-03,2.83E-02,2.62
Dll4,1.10E-07,1.94E-06,2.62
Tinagl1,6.51E-11,2.79E-09,2.62
Kcnj8,3.58E-03,1.29E-02,2.62
Sema3e,6.42E-08,1.22E-06,2.62
Fam196a,1.87E-02,4.97E-02,2.62
Xylt1,4.00E-04,2.07E-03,2.62
Anxa2,1.79E-16,2.74E-14,2.63
Col1a1,1.09E-10,4.51E-09,2.63
Cyp4f13,2.67E-04,1.47E-03,2.64
Gipr,1.81E-03,7.36E-03,2.64
Col9a2,1.81E-05,1.55E-04,2.64
Ttll10,7.75E-03,2.43E-02,2.65
Lrrc9,7.68E-04,3.62E-03,2.65
Dnahc11,7.19E-03,2.29E-02,2.65
Gbe1,2.95E-14,2.73E-12,2.65
Loxl2,4.67E-25,2.20E-22,2.66
Bgn,1.61E-30,2.35E-27,2.66
Cldn23,6.43E-03,2.08E-02,2.66
Rnf19a,6.04E-19,1.33E-16,2.66
Zfr2,8.40E-05,5.56E-04,2.67
Khnyn,5.24E-13,3.72E-11,2.67
Man1a,3.75E-15,4.28E-13,2.67
Zkscan2,1.32E-06,1.63E-05,2.68
Plag1,6.54E-11,2.79E-09,2.68
Crim1,4.49E-12,2.61E-10,2.68
Atf5,6.28E-28,6.54E-25,2.68
Fyb,4.61E-03,1.59E-02,2.69
Rapgef5,5.59E-09,1.46E-07,2.69
Fosl2,2.21E-16,3.19E-14,2.69
Arl4d,1.90E-10,7.39E-09,2.69
Jph1,3.61E-10,1.31E-08,2.70
Kcnb1,3.09E-04,1.67E-03,2.70
Nefh,2.42E-03,9.37E-03,2.70
Ap1s2,2.18E-30,2.89E-27,2.71
Olfr1372-ps1,1.64E-03,6.78E-03,2.72
Gp9,4.52E-03,1.56E-02,2.72
Grm8,2.66E-03,1.01E-02,2.72
Proser2,2.71E-09,7.74E-08,2.72
Fmo1,1.36E-05,1.21E-04,2.73
Gpr116,3.17E-09,8.95E-08,2.73
4933406C10Rik,1.03E-02,3.07E-02,2.73
Malat1,5.26E-04,2.62E-03,2.73
Pde8a,8.04E-08,1.47E-06,2.73
Adra2c,2.23E-03,8.77E-03,2.74
Foxi2,1.64E-03,6.78E-03,2.74
Isoc2b,1.36E-03,5.84E-03,2.74
Col12a1,4.65E-09,1.25E-07,2.74
Bnip3,1.55E-09,4.76E-08,2.74
Ncam1,3.06E-11,1.42E-09,2.75
Gmfg,1.35E-03,5.80E-03,2.75
Prelid2,8.51E-17,1.38E-14,2.76
Ror1,6.07E-07,8.51E-06,2.76
Zcwpw1,4.43E-15,4.93E-13,2.76
Pion,6.26E-05,4.39E-04,2.77
Abcc8,8.21E-05,5.46E-04,2.77
Dlx3,9.23E-09,2.26E-07,2.78
Hexb,4.14E-16,5.75E-14,2.78
Rgs17,2.87E-07,4.50E-06,2.78
Adamts2,2.10E-05,1.75E-04,2.79
Arhgef28,5.43E-10,1.86E-08,2.79
Grid1,3.99E-05,3.01E-04,2.79
Gp5,3.79E-04,1.99E-03,2.79
Chd5,3.45E-05,2.67E-04,2.79
Alox12,7.59E-06,7.29E-05,2.79
Prkcb,2.36E-09,6.90E-08,2.80
Ptprt,4.35E-03,1.51E-02,2.80
Fgf8,6.95E-05,4.79E-04,2.80
E130311K13Rik,1.60E-07,2.72E-06,2.80
Gdf6,2.26E-08,4.94E-07,2.80
Leprel1,7.44E-08,1.38E-06,2.80
Trim67,5.47E-03,1.83E-02,2.81
Maff,1.71E-12,1.07E-10,2.81
Nkx2-2,1.01E-02,3.02E-02,2.82
Slc22a3,7.76E-03,2.43E-02,2.82
Rslcan18,2.02E-04,1.17E-03,2.82
Espn,7.38E-08,1.37E-06,2.84
Hcn2,2.09E-03,8.31E-03,2.84
Clstn2,6.81E-03,2.19E-02,2.85
Tmem255a,6.56E-11,2.79E-09,2.86
Col14a1,5.81E-13,4.05E-11,2.86
Gpc5,7.51E-03,2.37E-02,2.86
Flt1,5.35E-12,3.05E-10,2.87
Carf,1.69E-07,2.85E-06,2.88
Acer2,3.33E-11,1.53E-09,2.88
Slc35d3,4.64E-04,2.36E-03,2.88
Itga1,4.22E-08,8.44E-07,2.88
Ptprm,2.39E-12,1.44E-10,2.88
Hmcn1,2.13E-04,1.22E-03,2.88
Pde2a,1.43E-19,3.37E-17,2.88
Col15a1,3.88E-07,5.82E-06,2.88
Clec9a,7.64E-05,5.14E-04,2.88
Col6a3,8.14E-04,3.80E-03,2.89
Tacstd2,4.06E-10,1.45E-08,2.89
Ace,7.81E-05,5.23E-04,2.89
Lama4,2.56E-10,9.65E-09,2.90
Rnf152,3.21E-10,1.18E-08,2.90
Grid2,2.29E-03,8.95E-03,2.91
Foxo3,6.22E-13,4.32E-11,2.92
Car12,2.70E-07,4.27E-06,2.92
Car7,1.38E-05,1.23E-04,2.93
St3gal1,1.05E-25,6.37E-23,2.93
Irx4,5.09E-04,2.55E-03,2.93
Ly6g6f,5.69E-03,1.89E-02,2.93
Hspa1b,2.27E-06,2.60E-05,2.94
Pdgfb,2.11E-11,1.01E-09,2.94
H2-Ab1,2.02E-05,1.69E-04,2.95
Atxn1,3.10E-07,4.79E-06,2.95
Mas1,9.93E-04,4.47E-03,2.95
Rgs22,5.65E-03,1.88E-02,2.98
Cacna1h,6.33E-05,4.43E-04,2.98
Cyp4b1,5.26E-03,1.77E-02,2.98
Ascl2,3.37E-03,1.22E-02,2.99
Itgb3,6.04E-25,2.59E-22,2.99
Gm6277,2.56E-03,9.83E-03,3.00
Rad9b,1.06E-09,3.42E-08,3.00
Tchh,2.59E-06,2.92E-05,3.01
Robo3,1.11E-02,3.26E-02,3.01
Acad10,5.66E-10,1.94E-08,3.01
Lhx1,8.95E-04,4.11E-03,3.02
Grik3,2.94E-03,1.09E-02,3.02
Pik3ip1,7.58E-13,5.21E-11,3.02
Vdr,7.36E-05,5.00E-04,3.03
Igfbp3,1.47E-18,3.10E-16,3.03
Sez6l,1.67E-06,1.99E-05,3.05
Ccser1,1.68E-03,6.94E-03,3.06
Col6a1,7.13E-16,9.46E-14,3.07
Actg2,1.34E-04,8.25E-04,3.07
Ahnak,9.77E-27,7.12E-24,3.08
Egr1,5.68E-07,8.07E-06,3.09
Vstm5,7.97E-04,3.73E-03,3.09
Slc24a1,3.73E-03,1.33E-02,3.09
Gdf10,5.73E-04,2.83E-03,3.10
Meg3,5.92E-12,3.30E-10,3.10
Pi15,1.13E-03,5.00E-03,3.10
Kcnc1,2.17E-03,8.58E-03,3.11
Onecut2,6.09E-07,8.53E-06,3.12
Pygl,2.19E-16,3.19E-14,3.12
Dlc1,7.17E-28,6.97E-25,3.12
Sfmbt2,1.42E-09,4.41E-08,3.13
Slc2a1,3.16E-26,2.20E-23,3.14
Mpl,4.92E-04,2.48E-03,3.14
Gabrp,8.24E-04,3.84E-03,3.15
Stag3,1.61E-08,3.72E-07,3.16
Hk2,6.48E-26,4.11E-23,3.17
C77370,2.21E-05,1.82E-04,3.17
A330076H08Rik,2.91E-03,1.09E-02,3.17
Abcc9,3.50E-11,1.61E-09,3.17
Plekha2,1.84E-23,7.08E-21,3.18
Kynu,1.41E-04,8.63E-04,3.18
DQ267102,2.01E-03,8.06E-03,3.18
Kdm3a,2.88E-22,9.76E-20,3.18
Asns,3.36E-25,1.69E-22,3.20
Hoxc6,5.27E-03,1.77E-02,3.21
Ndrg2,6.03E-12,3.31E-10,3.21
Gfra3,1.25E-03,5.43E-03,3.21
Cdh13,2.57E-07,4.10E-06,3.23
Postn,2.91E-03,1.09E-02,3.24
Jdp2,2.32E-23,8.45E-21,3.24
Adamtsl1,3.10E-07,4.79E-06,3.24
Fam129a,8.94E-06,8.40E-05,3.25
Trank1,3.22E-03,1.18E-02,3.26
Slc7a11,6.08E-09,1.58E-07,3.27
Ctnna3,1.60E-03,6.65E-03,3.28
Esm1,6.05E-08,1.16E-06,3.28
Ntrk2,3.00E-20,7.82E-18,3.32
Pfkfb3,2.90E-20,7.70E-18,3.33
Bhlhe41,2.87E-09,8.15E-08,3.34
Samd9l,2.03E-03,8.13E-03,3.35
3110057O12Rik,4.19E-17,7.03E-15,3.35
Ddit3,2.93E-21,8.89E-19,3.35
Cpeb1,2.03E-04,1.17E-03,3.36
Ppp1r3c,1.43E-12,9.16E-11,3.36
Krt19,2.02E-14,1.96E-12,3.38
AU018091,3.21E-04,1.72E-03,3.38
Tnfaip3,4.57E-10,1.61E-08,3.41
Cyp26c1,5.87E-03,1.93E-02,3.41
Galnt12,2.12E-07,3.49E-06,3.43
Ctla2b,7.07E-06,6.86E-05,3.45
Stab1,3.05E-13,2.30E-11,3.46
Camk1d,1.56E-07,2.65E-06,3.46
Lims2,2.31E-06,2.63E-05,3.46
Adora2a,5.41E-12,3.06E-10,3.47
Kcnt2,2.55E-04,1.42E-03,3.48
Ankrd37,4.34E-05,3.24E-04,3.49
Galnt14,6.71E-05,4.65E-04,3.49
Edil3,8.86E-16,1.13E-13,3.49
Sorcs3,9.28E-08,1.67E-06,3.50
Plek,1.44E-21,4.46E-19,3.50
Pbld2,4.67E-06,4.86E-05,3.52
Onecut1,1.02E-05,9.39E-05,3.54
Adhfe1,8.20E-05,5.46E-04,3.54
Sesn2,4.51E-22,1.50E-19,3.54
Tenm2,2.01E-13,1.59E-11,3.55
Adamts8,1.00E-06,1.29E-05,3.56
Rgs11,3.78E-06,4.05E-05,3.59
Cbln3,1.16E-07,2.04E-06,3.60
Map3k15,4.64E-13,3.37E-11,3.60
Klhl3,2.46E-08,5.31E-07,3.64
Pparg,4.65E-03,1.60E-02,3.64
Adgb,3.67E-05,2.81E-04,3.66
Edn1,1.99E-16,2.96E-14,3.66
Hrk,1.04E-10,4.30E-09,3.66
Neat1,4.89E-10,1.70E-08,3.67
Eltd1,2.33E-15,2.78E-13,3.68
Nell1,2.03E-07,3.36E-06,3.70
Fabp4,1.43E-04,8.72E-04,3.70
2310002F09Rik,1.04E-03,4.63E-03,3.71
Rarres2,1.35E-07,2.34E-06,3.72
Cdh23,7.06E-05,4.84E-04,3.72
Jhdm1d,1.93E-27,1.56E-24,3.73
Amy1,7.14E-05,4.89E-04,3.73
Sh3rf2,6.89E-05,4.76E-04,3.77
Pcdh15,4.87E-04,2.46E-03,3.78
Slc16a6,1.50E-16,2.40E-14,3.80
Phyhd1,3.67E-15,4.25E-13,3.83
Kcne3,5.17E-13,3.70E-11,3.84
Sostdc1,1.25E-09,3.96E-08,3.85
Thsd7a,3.89E-09,1.06E-07,3.85
Slc2a3,2.69E-41,7.85E-38,3.86
Arrdc3,2.49E-27,1.91E-24,3.87
Cacna1e,3.55E-05,2.74E-04,3.88
Prss35,1.02E-14,1.06E-12,3.89
Car9,4.33E-11,1.95E-09,3.90
Diras2,3.53E-08,7.22E-07,3.90
Ddit4,2.73E-07,4.31E-06,3.90
Adamts17,1.51E-14,1.51E-12,3.92
Il10ra,1.23E-04,7.67E-04,3.94
Cyp2s1,1.56E-16,2.45E-14,3.94
Crebrf,5.60E-17,9.28E-15,3.95
Ier3,2.64E-04,1.46E-03,3.97
Fgf15,1.78E-05,1.53E-04,3.99
Ppil6,3.56E-05,2.75E-04,3.99
Gria2,3.53E-08,7.22E-07,4.01
P4ha1,2.16E-25,1.17E-22,4.01
Tmem45a,6.73E-12,3.66E-10,4.02
Fhad1,3.51E-05,2.71E-04,4.08
9530051G07Rik,7.30E-05,4.97E-04,4.10
Pde4b,4.97E-25,2.26E-22,4.11
Plau,2.83E-20,7.65E-18,4.11
Gdap10,1.25E-08,2.98E-07,4.15
Wdr93,1.31E-04,8.11E-04,4.16
Kcnj2,1.10E-15,1.40E-13,4.20
Robo4,6.96E-18,1.32E-15,4.20
Pf4,6.06E-18,1.18E-15,4.21
Adm2,3.09E-06,3.39E-05,4.21
Tac2,3.26E-13,2.45E-11,4.27
Nrxn3,8.27E-09,2.04E-07,4.31
P4ha2,7.32E-20,1.75E-17,4.40
8430408G22Rik,4.87E-11,2.17E-09,4.46
Lyve1,4.40E-11,1.98E-09,4.51
Stc1,1.11E-14,1.14E-12,4.52
Nxph4,4.58E-09,1.23E-07,4.54
4930565N06Rik,1.01E-04,6.49E-04,4.55
Wbscr17,1.21E-10,4.97E-09,4.57
Adm,9.77E-21,2.79E-18,4.60
Vegfa,3.21E-35,6.68E-32,4.64
Trib3,2.62E-14,2.50E-12,4.66
March10,3.30E-05,2.58E-04,4.68
Fos,9.00E-08,1.62E-06,4.74
Fn3k,2.48E-06,2.81E-05,4.90
Muc2,9.03E-05,5.93E-04,4.94
Cox4i2,6.44E-20,1.61E-17,5.16
Aire,8.66E-06,8.19E-05,5.17
P2rx3,1.20E-20,3.35E-18,5.21
Egln3,3.18E-18,6.36E-16,5.29
Bhlhe40,4.42E-07,6.54E-06,5.30
Vldlr,7.70E-28,7.02E-25,5.35
Sncb,7.15E-06,6.93E-05,5.41
Dpp6,4.89E-32,7.92E-29,5.56
Islr2,4.97E-08,9.73E-07,5.64
Stab2,6.41E-16,8.58E-14,5.65
Fgf11,2.32E-07,3.77E-06,5.66
Unc13a,7.24E-09,1.82E-07,5.69
Chac1,4.20E-05,3.15E-04,5.72
Ndufa4l2,5.96E-08,1.14E-06,5.76
A2m,1.39E-05,1.24E-04,5.86
Ero1l,1.33E-42,6.49E-39,6.02
Fgf23,4.54E-06,4.76E-05,6.33
Ndrg1,3.99E-29,4.85E-26,6.36
Hspa1a,1.12E-08,2.70E-07,6.55
Ppbp,1.57E-12,9.93E-11,6.59
Pfkp,6.58E-14,5.67E-12,6.68
Cyp26b1,1.20E-38,2.92E-35,6.79
Mef2b,2.28E-09,6.72E-08,6.86
2610528A11Rik,1.71E-09,5.19E-08,7.08
Stc2,1.57E-11,7.74E-10,7.11
Cnr2,2.36E-12,1.44E-10,7.99
Aldh1l2,2.12E-55,3.09E-51,8.71
Rora,1.39E-14,1.39E-12,8.90
Nrn1,5.94E-25,2.59E-22,11.73
Slc7a3,1.36E-50,9.94E-47,12.31
