,proba_de,proba_not_de,bayes_factor,scale1,scale2,pseudocounts,delta,lfc_mean,lfc_median,lfc_std,lfc_min,lfc_max,raw_mean1,raw_mean2,non_zeros_proportion1,non_zeros_proportion2,raw_normalized_mean1,raw_normalized_mean2,is_de_fdr_0.05,comparison,group1,group2
Ttr,0.9878,0.012199999999999989,4.394043486819026,0.0036550781,0.00016310618,0.0,0.25,5.2125497,5.2846923,2.7650366,-6.311077,13.610755,18.826258,0.4593384,0.4401544401544396,0.062005022213637476,41.224876,1.2321924,True,10 vs Rest,10,Rest
Tm4sf20,0.9874,0.012599999999999945,4.361377628344464,0.002803456,0.0001282674,0.0,0.25,5.644407,5.7390623,3.1512055,-7.8930445,16.40086,9.073355,0.21383081,0.5945945945945937,0.05041529843538746,25.984726,0.81150436,True,10 vs Rest,10,Rest
Sis,0.987,0.013000000000000012,4.329719922873182,0.002506406,0.00010520085,0.0,0.25,5.818465,5.8731422,3.1549926,-5.637003,15.579134,10.135135,0.25845113,0.5444015444015436,0.056596484450454135,28.909563,0.9134516,True,10 vs Rest,10,Rest
Reg3b,0.9852,0.014800000000000035,4.198216819951087,0.0055626724,0.00022834935,0.0,0.25,4.6977506,4.7715006,2.6293209,-5.3142157,13.638914,49.266415,0.626424,0.22779922779922768,0.07552636662159583,80.34417,1.7087021,True,10 vs Rest,10,Rest
Aldob,0.9846,0.01539999999999997,4.157867318710489,0.0040684287,0.0001548436,0.0,0.25,5.2463737,5.2641954,2.9594467,-5.078252,16.75841,18.293438,0.23894179,0.6254826254826246,0.04887000193162079,48.68339,0.7439358,True,10 vs Rest,10,Rest
Ces2e,0.9844,0.015599999999999947,4.14476077339445,0.0018875704,0.00018613605,0.0,0.25,3.9193633,3.9684267,2.0397353,-4.458997,11.554035,6.204633,0.26907519,0.7567567567567556,0.09928530036700836,18.067486,0.88147134,True,10 vs Rest,10,Rest
Lypd8,0.984,0.016000000000000014,4.119036559975268,0.008138945,0.00095974177,0.0,0.25,4.2175865,4.272193,2.2707808,-2.890078,11.092937,59.312763,3.863031,0.9227799227799213,0.3183310797759198,154.51158,13.169631,True,10 vs Rest,10,Rest
Ifi27l2b,0.9836,0.01639999999999997,4.093937375922709,0.0016548098,0.00011732874,0.0,0.25,4.477009,4.5369816,2.5864112,-4.3476744,11.872908,4.8378353,0.19972998,0.5675675675675668,0.06219818427660831,13.340876,0.66184485,True,10 vs Rest,10,Rest
Hsd17b6,0.9822,0.017800000000000038,4.010595944690734,0.0010660688,0.0001342271,0.0,0.25,3.7400448,3.7223306,1.9153155,-2.743723,9.473925,3.2162142,0.21170622,0.718146718146717,0.09291095228897085,9.548148,0.68237126,True,10 vs Rest,10,Rest
Gsta1,0.9822,0.017800000000000038,4.010595944690734,0.003143178,0.00035939857,0.0,0.25,3.9655528,3.918374,2.2979307,-3.21346,13.453072,16.235525,1.1108742,0.5714285714285706,0.18060652887772533,39.429497,2.9806507,True,10 vs Rest,10,Rest
Ces2a,0.982,0.018000000000000016,3.9992190050861978,0.0012332761,0.00010956566,0.0,0.25,4.0167356,4.122058,2.4226325,-6.5810776,13.790078,3.8841686,0.10334187,0.43629343629343575,0.04249565385358328,10.9669075,0.39809614,True,10 vs Rest,10,Rest
Cyp2d26,0.9818,0.018199999999999994,3.9879654882761786,0.00027908458,3.3875465e-05,0.0,0.25,4.5266247,4.4508038,3.0097532,-5.663968,14.078431,0.43629345,0.010237587,0.11969111969111977,0.006181186015066645,0.83239645,0.027706707,True,10 vs Rest,10,Rest
Apoa4,0.9812,0.01880000000000004,3.9549189208252784,0.006055834,0.0005352715,0.0,0.25,4.244308,4.2574577,2.5266244,-5.2069902,11.554211,36.745174,1.8707677,0.8108108108108095,0.1912304423411204,99.24101,5.727644,True,10 vs Rest,10,Rest
Apob,0.9802,0.01980000000000004,3.9020741999265773,0.0010265677,0.000111159505,0.0,0.25,4.120049,3.9908237,2.6346707,-5.6559057,15.813495,5.3629327,0.185629,0.3320463320463317,0.036700791964458274,12.927226,0.6219998,True,10 vs Rest,10,Rest
Guca2a,0.9794,0.02059999999999995,3.8616485882462412,0.0011853242,0.00010809392,0.0,0.25,4.3539267,4.3526983,2.9669495,-9.577049,14.262819,3.505791,0.1328957,0.4324324324324319,0.03554181958663327,10.543832,0.41359407,True,10 vs Rest,10,Rest
Guca2b,0.9788,0.021199999999999997,3.83232568840914,0.0031137785,0.00025788706,0.0,0.25,4.1369996,4.232871,2.5180013,-5.7452383,13.5741005,10.714287,0.51516217,0.5328185328185321,0.09368360054085419,31.335402,1.6736175,True,10 vs Rest,10,Rest
Prap1,0.9786,0.021399999999999975,3.822731599756288,0.005858472,0.00068501505,0.0,0.25,3.8732,3.8251421,2.3336887,-4.8716917,12.0449295,25.87645,2.121878,0.7683397683397671,0.18871933552249975,67.23117,6.089528,True,10 vs Rest,10,Rest
Reg1,0.9782,0.02180000000000004,3.8038037298175786,0.0017483343,0.00013098157,0.0,0.25,4.171475,4.291091,2.5923715,-6.261882,12.110058,17.853283,0.52018446,0.21621621621621612,0.05427853969480413,30.908537,1.2904131,True,10 vs Rest,10,Rest
Apoc3,0.9778,0.022199999999999998,3.7852124210430027,0.003980924,0.00039542597,0.0,0.25,3.8435469,3.9041185,2.4273212,-5.4127693,11.468975,23.239384,1.1537554,0.7760617760617748,0.14351941278732794,60.51433,3.4942908,True,10 vs Rest,10,Rest
Clca4b,0.9766,0.023399999999999976,3.731340712153176,0.0011855965,0.00022855251,0.0,0.25,3.8652449,3.8086243,2.9342105,-5.403803,13.840894,3.8764467,0.25130394,0.41312741312741263,0.03476917133474994,10.665561,0.7285699,True,10 vs Rest,10,Rest
Smcp,0.9764,0.023599999999999954,3.722625213000223,0.00015126326,1.6022152e-05,0.0,0.25,4.424408,4.2032456,3.1829515,-6.8979616,17.723234,0.22007725,0.011782885,0.10038610038610044,0.007340158392891641,0.69584906,0.033693448,True,10 vs Rest,10,Rest
Lgals4,0.976,0.02400000000000002,3.705408349644468,0.0042128926,0.0006243255,0.0,0.25,3.4933796,3.574903,2.0450563,-4.6639357,9.778648,15.405408,1.6532681,0.8185328185328172,0.24164574077650436,40.103237,4.931017,True,10 vs Rest,10,Rest
Sult1b1,0.9754,0.024599999999999955,3.6801008040858587,0.0006527746,9.739193e-05,0.0,0.25,3.3082798,3.2919326,1.9606342,-3.227704,9.8429985,2.003861,0.11531792,0.43629343629343575,0.04577940892408745,4.6964273,0.3045266,True,10 vs Rest,10,Rest
Fabp2,0.9748,0.0252,3.65538794066687,0.00068858307,8.199961e-05,0.0,0.25,3.7833886,3.8635006,3.273206,-8.300149,15.349213,3.88803,0.20629723,0.15830115830115832,0.0299401197604791,18.841589,0.588182,True,10 vs Rest,10,Rest
Areg,0.9738,0.0262,3.6154461615712816,0.0018527334,0.00024225247,0.0,0.25,3.000167,3.0085511,1.9465522,-3.3754358,11.219052,4.872584,0.45586115,0.4169884169884165,0.11338613096387921,16.361399,1.5101084,True,10 vs Rest,10,Rest
Lgals2,0.9724,0.027599999999999958,3.561951117683924,0.0013160602,0.0002082524,0.0,0.25,3.8709297,3.6913466,2.589828,-4.2008076,14.110581,6.5019245,0.42514864,0.6795366795366785,0.12014680316785839,17.628784,1.6761984,True,10 vs Rest,10,Rest
Fabp1,0.9716,0.02839999999999998,3.532554710140545,0.0021895822,0.0003407745,0.0,0.25,3.7873347,3.8312955,3.264466,-8.607166,13.406212,9.277991,1.4127847,0.3745173745173741,0.09426308672976669,27.328789,3.9291413,True,10 vs Rest,10,Rest
Trim31,0.9714,0.02859999999999996,3.525331272729971,0.00065416447,0.00012551172,0.0,0.25,3.3940687,3.476119,2.4088864,-4.748128,11.782908,2.2779908,0.27892622,0.6332046332046323,0.0988989762410667,6.9202156,0.8771759,True,10 vs Rest,10,Rest
Spink1,0.9712,0.028800000000000048,3.5181566962377104,0.011176033,0.002106547,0.0,0.25,3.4617145,3.6129906,2.4461637,-6.5962143,10.178852,93.65249,13.4629755,0.8339768339768326,0.36411048870000406,181.62372,30.82263,True,10 vs Rest,10,Rest
St3gal4,0.9706,0.02939999999999998,3.4969194327933892,0.0008139534,0.0001282575,0.0,0.25,3.1953282,3.2640653,1.9753447,-4.4490576,10.111465,2.4710424,0.18041384,0.3822393822393818,0.07243577361406249,6.5335045,0.5815765,True,10 vs Rest,10,Rest
Mlxipl,0.97,0.030000000000000027,3.476098366811273,0.00050591084,7.715031e-05,0.0,0.25,3.248922,3.2221136,2.299251,-5.3404694,12.227721,1.4787638,0.10160354,0.5250965250965244,0.06219818427660831,4.347388,0.44605312,True,10 vs Rest,10,Rest
Slc39a4,0.9694,0.03059999999999996,3.4556769979712687,0.00076667307,0.00017478551,0.0,0.25,2.665782,2.6378107,1.6724839,-3.024496,9.060192,3.714283,0.39907128,0.6756756756756747,0.15935870195093516,9.913942,1.4194125,True,10 vs Rest,10,Rest
Tkfc,0.969,0.031000000000000028,3.4422770951449433,0.001419518,0.00014866864,0.0,0.25,3.0444114,3.0020194,1.9909976,-3.2881126,10.876877,5.1776037,0.29534432,0.6447876447876438,0.18659455282982074,14.593247,1.2251269,True,10 vs Rest,10,Rest
Muc13,0.9688,0.031200000000000006,3.4356397872327245,0.0042295577,0.00064384786,0.0,0.25,3.3728292,3.4183574,1.9895597,-3.2190208,9.444664,16.498066,1.4234059,0.9189189189189174,0.2615414332624988,43.187054,4.5406456,True,10 vs Rest,10,Rest
Pigr,0.9686,0.031399999999999983,3.429043528907814,0.009496856,0.001733413,0.0,0.25,3.5003242,3.607734,2.4455132,-4.991243,11.768528,30.949818,4.2932005,0.7837837837837826,0.353486575236609,91.77663,16.589315,True,10 vs Rest,10,Rest
C4bp,0.9684,0.03159999999999996,3.4224877983417037,0.00071063935,0.00010408734,0.0,0.25,3.892622,3.8999052,2.7046502,-4.947995,12.76315,2.2895744,0.12323764,0.482625482625482,0.0535058914429208,5.767058,0.37019458,True,10 vs Rest,10,Rest
Pla2g4c,0.9684,0.03159999999999996,3.4224877983417037,0.0007246686,0.00011689639,0.0,0.25,3.4704022,3.5116925,2.907519,-6.3146763,13.798439,3.1930494,0.10083076,0.22007722007721997,0.037859764342283275,9.371734,0.4980364,True,10 vs Rest,10,Rest
Smim24,0.9676,0.032399999999999984,3.3966600576305104,0.0023006988,0.0004631764,0.0,0.25,2.408477,2.4286718,1.4831475,-3.72123,9.197356,7.9922724,0.90689564,0.7528957528957517,0.3527139269847257,19.411917,3.6828938,True,10 vs Rest,10,Rest
Apoa1,0.9676,0.032399999999999984,3.3966600576305104,0.001995426,0.00022985961,0.0,0.25,3.469048,3.5281968,2.3376,-5.5400076,11.86233,17.664099,0.81920034,0.47104247104247043,0.07243577361406249,35.388744,2.1374276,True,10 vs Rest,10,Rest
Sprr2a3,0.9672,0.03280000000000005,3.3839764893716042,0.00091965456,0.00013575923,0.0,0.25,3.5631108,3.6040816,3.1937287,-8.331274,14.624218,1.8957523,0.1782888,0.13899613899613905,0.03129225420127493,3.9501271,0.5308214,True,10 vs Rest,10,Rest
Dmbt1,0.9658,0.03420000000000001,3.3407308473273742,0.000737989,0.0001474107,0.0,0.25,3.1851394,3.212405,2.829944,-6.8749356,13.146906,2.5212355,0.28510734,0.11196911196911204,0.03747344021634161,4.6417375,0.7748845,True,10 vs Rest,10,Rest
Ms4a10,0.965,0.03500000000000003,3.316779764498021,0.0010613762,0.00017983317,0.0,0.25,3.2611625,3.3365278,2.5026636,-6.2716637,11.322488,3.6486473,0.20784274,0.5714285714285706,0.06799304616573332,11.582968,0.81160325,True,10 vs Rest,10,Rest
Car4,0.965,0.03500000000000003,3.316779764498021,0.00031035213,5.667336e-05,0.0,0.25,3.106861,3.0825644,2.6082425,-7.182557,13.681861,0.8725869,0.09986485,0.11196911196911204,0.02182731311570409,2.115435,0.41809663,True,10 vs Rest,10,Rest
Gcnt3,0.9644,0.035599999999999965,3.2991602379193363,0.0002827351,4.6373454e-05,0.0,0.25,3.4054825,3.3106513,3.0878856,-6.3143587,14.177605,0.5559846,0.02317944,0.11196911196911204,0.011589723778249945,1.1305581,0.10279071,True,10 vs Rest,10,Rest
Saa3,0.9642,0.035800000000000054,3.293350579606588,0.012128501,0.0026168427,0.0,0.25,2.7970324,2.8456993,2.1505325,-6.2523794,9.28425,108.293396,14.180929,0.667953667953667,0.43036507629899523,205.74995,37.145416,True,10 vs Rest,10,Rest
Ccl20,0.964,0.03600000000000003,3.2875720887501396,0.0029253957,0.0020921675,0.0,0.25,2.6303048,2.9440262,3.0031552,-9.658735,11.654758,17.019314,10.336323,0.5752895752895745,0.27004056403321486,40.30093,26.798412,True,10 vs Rest,10,Rest
2210407C18Rik,0.964,0.03600000000000003,3.2875720887501396,0.0067761894,0.001511057,0.0,0.25,3.3946524,3.383831,2.4456866,-4.5147867,10.868254,29.621622,4.396736,0.8339768339768326,0.36411048870000406,82.884834,18.126873,True,10 vs Rest,10,Rest
Nlrp6,0.9636,0.03639999999999999,3.276107231750535,0.0008460322,0.00015609349,0.0,0.25,2.9558065,2.9974446,2.0992148,-4.6447487,10.832306,2.0965233,0.13772482,0.5598455598455591,0.06123237396175414,6.9693246,0.5858661,True,10 vs Rest,10,Rest
F10,0.9636,0.03639999999999999,3.276107231750535,0.0006570973,0.0001054853,0.0,0.25,2.675824,2.772966,2.3378963,-6.646574,10.524196,2.4285703,0.1410087,0.5212355212355205,0.06606142553602498,6.708288,0.50717896,True,10 vs Rest,10,Rest
Apoa2,0.9628,0.03720000000000001,3.2535366861990203,0.00042950455,5.4860575e-05,0.0,0.25,2.8788888,2.9171047,2.371329,-4.8647127,11.795529,4.7413125,0.10932998,0.16988416988416988,0.05215375700212496,13.009507,0.42675465,True,10 vs Rest,10,Rest
2200002D01Rik,0.9624,0.03759999999999997,3.2424258586979,0.0034290077,0.0009140278,0.0,0.25,2.413099,2.514303,1.6767905,-3.8906307,10.111273,14.729732,3.2933888,0.9652509652509637,0.5290708904770841,39.778534,10.424991,True,10 vs Rest,10,Rest
Mttp,0.9622,0.037799999999999945,3.236912972482433,0.0014697445,0.00022232428,0.0,0.25,2.732254,2.7572932,1.9065448,-5.948839,9.069258,4.988413,0.41838565,0.7606177606177594,0.2511106818620745,15.66487,2.1432042,True,10 vs Rest,10,Rest
Aqp8,0.9608,0.03920000000000001,3.199089279275342,0.00039866677,6.360088e-05,0.0,0.25,2.5829918,2.7565293,3.8489237,-13.840232,13.931995,1.0077221,0.053505894,0.14671814671814676,0.0131350202820166,2.4249215,0.21234608,True,10 vs Rest,10,Rest
Reg3g,0.96,0.040000000000000036,3.1780535907646423,0.030961774,0.0081401,0.0,0.25,2.7150726,2.84123,2.5278115,-7.0574193,10.741669,241.03076,38.636143,0.8996138996138981,0.7162449294958084,441.53516,99.01564,True,10 vs Rest,10,Rest
Ccl6,0.9592,0.04079999999999995,3.157417287630535,0.0011675445,0.00074912835,0.0,0.25,2.1427805,2.3454218,2.831137,-8.59062,13.346085,3.5482614,2.689968,0.2432432432432431,0.11995364110488756,7.0703635,6.3909063,True,10 vs Rest,10,Rest
Cyp3a13,0.9586,0.04139999999999999,3.1421927747802774,0.0012306095,0.00023661577,0.0,0.25,2.5499432,2.5468087,1.8180194,-4.2795277,8.728503,5.1505766,0.39327663,0.7606177606177594,0.16824415684759286,15.362958,1.5876819,True,10 vs Rest,10,Rest
Uts2b,0.9584,0.04159999999999997,3.1371648301434383,0.0003751554,0.00014513233,0.0,0.25,2.5141685,2.5845633,2.9754627,-6.3751593,10.932628,0.64092666,0.30790013,0.13899613899613905,0.05949391539501664,2.1103392,1.2972676,True,10 vs Rest,10,Rest
Mbl2,0.9584,0.04159999999999997,3.1371648301434383,0.0004998627,0.00011751429,0.0,0.25,2.7103817,2.7236576,3.5321598,-11.082955,14.169079,1.2741314,0.07610593,0.1042471042471043,0.021634151052733256,4.744046,0.354614,True,10 vs Rest,10,Rest
Cldn2,0.9584,0.04159999999999997,3.1371648301434383,0.0006190337,0.00013172346,0.0,0.25,3.1050203,3.0171123,2.3756886,-4.615919,11.067174,1.7915052,0.16805135,0.455598455598455,0.07011782885841249,5.116561,0.5571089,True,10 vs Rest,10,Rest
Creb3l3,0.958,0.04200000000000004,3.127177932030695,0.0007548944,0.00011186484,0.0,0.25,3.0506122,3.0216093,2.9363236,-8.078828,14.767476,2.1505785,0.06277773,0.35521235521235484,0.023565771682441592,6.8977213,0.21229753,True,10 vs Rest,10,Rest
Selenop,0.9578,0.042200000000000015,3.122218540340339,0.0018594782,0.000379705,0.0,0.25,2.6335206,2.6480913,1.8750423,-5.253877,9.131171,7.100381,1.063742,0.7374517374517363,0.3401583928916224,21.614723,4.1455727,True,10 vs Rest,10,Rest
Myh15,0.957,0.04300000000000004,3.1026030536505993,0.0007409889,0.00017201682,0.0,0.25,2.7924387,2.7524023,2.3707776,-6.9725933,10.5998335,1.0270271,0.19123095,0.2432432432432431,0.079969094069925,3.4305465,0.9567175,True,10 vs Rest,10,Rest
Batf2,0.957,0.04300000000000004,3.1026030536505993,0.00018843284,3.798004e-05,0.0,0.25,2.7886546,2.785265,2.2252977,-6.0190496,10.17669,0.28957537,0.043847844,0.15444015444015446,0.030133281823449935,0.96449465,0.1716764,True,10 vs Rest,10,Rest
Tmem37,0.9568,0.043200000000000016,3.0977536669163523,0.00111594,0.00026985648,0.0,0.25,2.8463056,2.716774,2.3344345,-4.3774567,10.600373,4.262546,0.43306842,0.7837837837837826,0.13308866138690367,13.802128,1.6675103,True,10 vs Rest,10,Rest
Cfhr2,0.9566,0.043399999999999994,3.0929256701788073,0.00018086683,5.4643642e-05,0.0,0.25,2.3982208,2.4943876,3.7322204,-9.699068,18.819668,0.5328187,0.018350393,0.1351351351351352,0.007146996329920809,1.0395412,0.047442023,True,10 vs Rest,10,Rest
Psg27,0.9564,0.04359999999999997,3.088118866327286,0.00038778863,0.00011570802,0.0,0.25,2.3659208,2.4624476,2.8693492,-8.734599,11.115479,0.6756757,0.15800671,0.13899613899613905,0.03921189878307911,2.343365,0.527083,True,10 vs Rest,10,Rest
Pnp2,0.9564,0.04359999999999997,3.088118866327286,0.0007461857,0.00017030623,0.0,0.25,2.7123456,2.7143817,2.5385752,-6.4655027,11.661325,2.544399,0.29244736,0.6370656370656361,0.1352134440795827,8.117614,1.2632583,True,10 vs Rest,10,Rest
Saa1,0.9562,0.04379999999999995,3.0833330609571905,0.008918476,0.0019119238,0.0,0.25,2.7684488,2.857153,2.505106,-7.3575544,10.015022,64.89961,7.8363523,0.6061776061776053,0.34421479621400963,123.84336,20.650133,True,10 vs Rest,10,Rest
Ccl2,0.9556,0.044399999999999995,3.0690997312529054,0.0011293185,0.00032668468,0.0,0.25,2.5337934,2.5655756,2.8889816,-7.7201705,13.498163,2.4710417,0.66100043,0.2664092664092662,0.075333204558625,9.14671,2.5774035,True,10 vs Rest,10,Rest
Mep1a,0.9552,0.04479999999999995,3.0597123904721504,0.0015446214,0.00041340833,0.0,0.25,2.5605297,2.5051236,1.816311,-2.5034494,8.299404,5.876446,0.78983873,0.8455598455598442,0.22117056210159747,16.906242,2.8875923,True,10 vs Rest,10,Rest
Penk,0.955,0.04500000000000004,3.0550486389594163,0.0006115197,0.00013654119,0.0,0.25,2.5988104,2.613922,2.1333594,-5.102482,10.089729,2.2586865,0.24435025,0.1505791505791506,0.04713154336488329,5.9356475,0.7997685,True,10 vs Rest,10,Rest
Tstd1,0.9544,0.045599999999999974,3.041174945442932,0.0024041317,0.0005860773,0.0,0.25,2.4226105,2.4156747,2.1323607,-6.0145864,13.711058,8.59459,1.1218848,0.6563706563706554,0.2439636855321542,24.588495,4.3854446,True,10 vs Rest,10,Rest
Trf,0.954,0.04600000000000004,3.03202206805009,0.0017201992,0.00040708322,0.0,0.25,2.4927528,2.518156,1.9367458,-4.734641,8.878197,7.100384,0.9725713,0.4980694980694974,0.23391925825767157,20.138609,3.6986556,True,10 vs Rest,10,Rest
Trim40,0.9538,0.04620000000000002,3.0274740018106154,0.00012688618,3.0417074e-05,0.0,0.25,2.6683521,2.709958,2.6160228,-5.8176584,12.568891,0.45173764,0.05369913,0.1505791505791506,0.0299401197604791,1.0974435,0.16869408,True,10 vs Rest,10,Rest
Vil1,0.9536,0.0464,3.0229446320482345,0.0015859121,0.000383414,0.0,0.25,2.4266233,2.315691,1.8911545,-3.5303345,9.324318,5.193044,0.6208202,0.8725868725868712,0.27371064322966043,16.398335,2.9294293,True,10 vs Rest,10,Rest
Cyp3a11,0.9536,0.0464,3.0229446320482345,0.00027321893,5.497809e-05,0.0,0.25,2.8212047,2.798801,3.011953,-7.9192047,12.8919115,0.7683399,0.02202047,0.14671814671814676,0.007340158392891641,1.711654,0.08614556,True,10 vs Rest,10,Rest
Tgm2,0.9534,0.046599999999999975,3.0184337975356508,0.001030634,0.00027560702,0.0,0.25,2.5132637,2.5002427,2.02846,-4.038184,10.494149,3.525095,0.52018297,0.6602316602316592,0.16148348464361417,10.113752,1.8545456,True,10 vs Rest,10,Rest
Asah2,0.9524,0.047599999999999976,2.996152153791112,0.0009509473,0.00025669287,0.0,0.25,2.3082912,2.393108,1.9233053,-4.968402,8.174305,2.6293433,0.5858592,0.5250965250965244,0.2175004829051519,8.145896,1.7473615,True,10 vs Rest,10,Rest
Ugt2b5,0.9524,0.047599999999999976,2.996152153791112,0.0002615238,0.00010927458,0.0,0.25,2.7267134,2.6321235,3.3288064,-7.3385077,14.273568,0.37065643,0.09020674,0.1274131274131275,0.022213637241645757,0.88973606,0.27104643,True,10 vs Rest,10,Rest
Pga5,0.9524,0.047599999999999976,2.996152153791112,0.00013133483,3.152339e-05,0.0,0.25,2.2629852,2.311821,2.4879568,-7.2112846,10.488332,0.2702703,0.02646319,0.11969111969111977,0.01603245122657908,0.8305427,0.10131269,True,10 vs Rest,10,Rest
Smtnl1,0.952,0.04800000000000004,2.987363826054364,0.001990495,0.0010174807,0.0,0.25,2.098267,2.0059247,3.0989952,-6.335682,11.3077755,8.667952,2.4264925,0.6872586872586862,0.33262507243576045,29.483522,11.045364,True,10 vs Rest,10,Rest
Ces2c,0.9518,0.04820000000000002,2.982995710668006,0.0018224306,0.0004918972,0.0,0.25,2.6068833,2.5108185,2.2904522,-6.2845545,10.575138,7.3011556,1.1829188,0.8918918918918904,0.3565771682441421,21.967764,4.9096637,True,10 vs Rest,10,Rest
Ifit1bl1,0.9514,0.04859999999999998,2.974310857841264,0.00048320455,0.0001284103,0.0,0.25,2.49328,2.3980103,2.4390266,-5.330165,10.984076,0.36679542,0.16805106,0.1042471042471043,0.024338419934324926,0.8595259,0.48925474,True,10 vs Rest,10,Rest
H2-T3,0.951,0.049000000000000044,2.9656935708683982,0.00017768108,5.9904087e-05,0.0,0.25,2.7392929,2.5845714,3.4755025,-8.585142,13.716014,0.38996145,0.018543553,0.15830115830115832,0.009851265211512458,1.1314723,0.08331959,True,10 vs Rest,10,Rest
Ugt2b36,0.9508,0.04920000000000002,2.961409919253223,0.00019965821,0.00010428109,0.0,0.25,2.227118,2.026472,3.2870507,-10.707366,18.29158,0.35521242,0.016611936,0.10810810810810817,0.006374348078037478,0.83526224,0.06468041,True,10 vs Rest,10,Rest
Khdc1a,0.9506,0.0494,2.9571427480765746,0.00080212345,0.00020292339,0.0,0.25,2.7557092,2.6843615,2.5074227,-5.241539,11.851999,2.6911192,0.28491408,0.16988416988416988,0.032451226579099934,6.637361,0.84335846,True,10 vs Rest,10,Rest
Krt20,0.9502,0.049799999999999955,2.948657314443122,0.0010731379,0.00044251676,0.0,0.25,2.0899684,2.1212997,2.2825665,-6.597767,10.891418,3.818531,0.9414722,0.6293436293436284,0.15163221943210237,11.340473,3.2731214,True,10 vs Rest,10,Rest
Adh6a,0.95,0.050000000000000044,2.9444387896927755,0.0003304895,8.3335064e-05,0.0,0.25,2.3565605,2.3785415,2.1353185,-4.5194864,9.51679,0.77606195,0.11280698,0.2084942084942084,0.058141780954220804,2.1331272,0.40074295,True,10 vs Rest,10,Rest
Cyp17a1,0.9498,0.05020000000000002,2.9402362207427024,0.0003072276,0.00013605718,0.0,0.25,2.2134013,2.2436476,2.7020907,-7.875908,12.675487,0.5675676,0.21228538,0.10038610038610044,0.04037087116090411,1.722631,0.8417091,True,10 vs Rest,10,Rest
Maob,0.9498,0.05020000000000002,2.9402362207427024,0.00028899556,9.509349e-05,0.0,0.25,2.249673,2.199904,2.766906,-7.5257616,13.91882,0.7104249,0.060846116,0.1351351351351352,0.031099092138304103,1.5727535,0.25959602,True,10 vs Rest,10,Rest
Gsta4,0.9498,0.05020000000000002,2.9402362207427024,0.002201411,0.0011414883,0.0,0.25,2.21533,2.4280913,2.2853303,-4.647179,9.460713,8.092661,3.6990416,0.6833976833976824,0.33668147575814766,19.684505,10.731439,True,10 vs Rest,10,Rest
Muc3,0.9494,0.05059999999999998,2.931878442728327,0.0006273889,0.00016735075,0.0,0.25,2.2849202,2.2554374,1.8159118,-4.697321,8.72409,2.8725858,0.2729383,0.44401544401544346,0.09851265211512503,7.3857226,1.0395486,True,10 vs Rest,10,Rest
Slc51b,0.9492,0.050799999999999956,2.9277229836619862,0.0006345599,0.0001621176,0.0,0.25,2.2479997,2.2704697,1.8306601,-4.9561815,10.44548,2.5135112,0.19644636,0.6447876447876438,0.08460498358122501,7.605932,0.76451033,True,10 vs Rest,10,Rest
Igfbp6,0.9478,0.052200000000000024,2.8990608336247803,0.00058905093,0.00020325412,0.0,0.25,2.088172,2.1684923,2.7220614,-7.057822,11.331842,1.4478766,0.372222,0.4324324324324319,0.11415877921576255,4.503531,1.5205911,True,10 vs Rest,10,Rest
Cdhr5,0.9476,0.0524,2.8950257006709337,0.0026233117,0.00076518225,0.0,0.25,2.24635,2.2248266,1.5774002,-2.7122717,8.275046,10.262545,1.7164248,0.9729729729729714,0.5143905736913018,30.55848,7.7262125,True,10 vs Rest,10,Rest
Ccl9,0.9474,0.05259999999999998,2.8910050911871408,0.0013389136,0.0006789536,0.0,0.25,2.1669278,2.2358408,2.3800607,-6.0388474,11.151076,4.501927,1.9874358,0.5482625482625475,0.19625265597836172,12.728337,5.654267,True,10 vs Rest,10,Rest
Vnn3,0.9466,0.0534,2.8750656948042224,0.0007094116,0.00026961986,0.0,0.25,2.2451339,2.172124,2.4150229,-5.262888,11.382246,2.4942071,0.715278,0.4903474903474897,0.20011589723777812,6.3469334,2.333822,True,10 vs Rest,10,Rest
Alpk2,0.9466,0.0534,2.8750656948042224,0.0005710951,0.00028813555,0.0,0.25,1.2092801,1.298954,3.2080448,-11.525374,11.317094,1.4710419,0.5215356,0.17760617760617758,0.11048870001931671,4.5680423,2.1581712,True,10 vs Rest,10,Rest
Ostn,0.9466,0.0534,2.8750656948042224,0.00043198527,0.00013848535,0.0,0.25,2.2950544,2.090733,3.135619,-7.6938276,13.952774,1.4980693,0.16805121,0.22393822393822382,0.045393084798145786,4.910665,0.6793049,True,10 vs Rest,10,Rest
Abcg2,0.9464,0.05359999999999998,2.871116068586631,0.000357982,8.839714e-05,0.0,0.25,2.3337107,2.3520823,2.473737,-6.1582146,11.055527,1.3899616,0.1298052,0.324324324324324,0.0564033223874833,3.4279406,0.39668578,True,10 vs Rest,10,Rest
Phgr1,0.9462,0.05379999999999996,2.867180320724311,0.0005754226,0.00018226248,0.0,0.25,2.686866,2.5081758,2.5789373,-5.487941,11.751171,2.7181458,0.21556923,0.32046332046332016,0.057175970639366636,5.9283714,0.68754834,True,10 vs Rest,10,Rest
Duox2,0.946,0.05400000000000005,2.8632583478732596,0.00032450393,9.727762e-05,0.0,0.25,2.125499,2.0905972,2.6638203,-7.17484,10.846765,0.8610041,0.0969675,0.2432432432432431,0.03921189878307911,2.648756,0.312541,True,10 vs Rest,10,Rest
Spink5,0.946,0.05400000000000005,2.8632583478732596,0.0030918452,0.0053333635,0.0,0.25,0.8277458,1.1087165,2.8985014,-9.080965,9.387503,10.12355,20.606398,0.5830115830115822,0.4465906895885441,26.791718,56.080402,True,10 vs Rest,10,Rest
Ihh,0.9456,0.054400000000000004,2.8554553195417203,0.00015304907,7.83158e-05,0.0,0.25,1.8619694,1.7588792,3.4041286,-7.996249,13.508581,0.19691123,0.03785976,0.10038610038610044,0.01525980297469575,0.5642396,0.16371675,True,10 vs Rest,10,Rest
Onecut2,0.9456,0.054400000000000004,2.8554553195417203,0.0002554871,8.596155e-05,0.0,0.25,2.1608772,2.2003036,2.4586368,-6.507389,12.012242,0.55598474,0.12787344,0.21621621621621612,0.04732470542785412,1.4998003,0.46473953,True,10 vs Rest,10,Rest
Spink4,0.9454,0.05459999999999998,2.8515740630356436,0.0019230645,0.0005628746,0.0,0.25,2.7986963,2.596651,2.4953654,-3.937831,13.765153,7.1312704,2.1956654,0.4015444015444011,0.2203979138497142,22.115993,6.7834487,True,10 vs Rest,10,Rest
Apoc4,0.9452,0.05479999999999996,2.8477061794568197,0.00013827668,4.871675e-05,0.0,0.25,2.4404671,2.4402905,2.4926567,-6.6866198,9.888826,0.42471048,0.036893968,0.16216216216216217,0.020475178674908254,1.129411,0.14031246,True,10 vs Rest,10,Rest
Calm4,0.9452,0.05479999999999996,2.8477061794568197,0.0012576673,0.0012086184,0.0,0.25,1.4700658,1.741293,2.9096916,-10.384398,10.512117,1.8725864,3.943585,0.11969111969111977,0.17288004635889254,4.9049835,9.79576,True,10 vs Rest,10,Rest
Igf2bp1,0.9448,0.05520000000000003,2.840010141024949,6.748765e-05,3.280363e-05,0.0,0.25,2.1852024,2.1035361,2.8446972,-8.219302,12.56537,0.13513511,0.019702524,0.10038610038610044,0.010237589337454122,0.44023082,0.09674265,True,10 vs Rest,10,Rest
Iapp,0.9444,0.05559999999999998,2.8323664346874557,0.0010426681,0.00085141696,0.0,0.25,1.4384727,1.5785656,2.676083,-8.263084,9.357252,7.980693,2.814557,0.15830115830115832,0.13559976820552433,12.27262,7.950473,True,10 vs Rest,10,Rest
Gc,0.9444,0.05559999999999998,2.8323664346874557,0.00063113304,0.00036967566,0.0,0.25,1.7345049,1.7247846,3.131779,-7.435913,13.478885,2.0849416,0.8618887,0.15444015444015446,0.07166312536217916,5.2633586,2.3250337,True,10 vs Rest,10,Rest
Tm4sf5,0.9442,0.05579999999999996,2.828563970104445,0.001962945,0.00051371387,0.0,0.25,2.2576964,2.2112803,2.1603148,-4.343172,10.157778,5.6949763,0.83503884,0.5945945945945937,0.275255939733427,16.798176,3.4686186,True,10 vs Rest,10,Rest
Cfh,0.944,0.05600000000000005,2.8247743074321585,0.00037987286,0.00013951704,0.0,0.25,2.1889026,2.019288,3.1001558,-6.7616177,14.74171,0.6988418,0.10121699,0.11969111969111977,0.025883716438091595,1.44681,0.33165213,True,10 vs Rest,10,Rest
Vnn1,0.944,0.05600000000000005,2.8247743074321585,0.0003947525,0.00012626997,0.0,0.25,2.3683465,2.1838322,2.341578,-4.7296143,11.007735,0.8918923,0.12825996,0.32818532818532786,0.062005022213637476,2.4261024,0.43815503,True,10 vs Rest,10,Rest
Ces2f,0.9436,0.056400000000000006,2.817233022322269,0.0007778747,0.00022104221,0.0,0.25,2.0057669,1.9919009,1.7543014,-4.201271,9.008859,2.057914,0.29206148,0.4169884169884165,0.14158779215761974,5.3670278,1.0271853,True,10 vs Rest,10,Rest
Serpina7,0.9436,0.056400000000000006,2.817233022322269,0.0024387767,0.00077987066,0.0,0.25,2.4117215,2.2263374,2.8284047,-7.29372,13.839191,4.586871,1.6117394,0.2741312741312739,0.1775159358701922,13.342046,5.1289153,True,10 vs Rest,10,Rest
Adgrd1,0.9436,0.056400000000000006,2.817233022322269,0.0011778199,0.00043781978,0.0,0.25,1.9780383,1.9792466,2.4813914,-6.2170753,11.10128,3.2779906,0.91809857,0.5212355212355205,0.21209194514196894,11.848814,3.63905,True,10 vs Rest,10,Rest
Aadac,0.9434,0.056599999999999984,2.813481219562552,0.00050959387,0.00015454787,0.0,0.25,2.3193233,2.2131448,2.6289566,-5.693839,11.236162,0.78378385,0.16669919,0.2084942084942084,0.06219818427660831,2.0019665,0.49444938,True,10 vs Rest,10,Rest
Ccl25,0.9434,0.056599999999999984,2.813481219562552,0.0016386162,0.0017165062,0.0,0.25,1.354721,1.6357327,2.4021475,-10.411667,8.492221,6.4942045,5.6230946,0.6988416988416978,0.3898010430751231,19.025608,23.482668,True,10 vs Rest,10,Rest
Cldn13,0.9432,0.05679999999999996,2.809741858041939,0.00027790104,0.00028313612,0.0,0.25,0.977359,1.0082822,3.4800982,-11.460481,11.600928,0.25482628,0.47054103,0.11196911196911204,0.14139463009464892,0.8246813,2.1307726,True,10 vs Rest,10,Rest
Tmigd1,0.9428,0.05720000000000003,2.8023001084577674,0.0004674749,0.0001580366,0.0,0.25,1.9509988,1.9398694,2.5897138,-9.172792,12.77592,1.559845,0.36584833,0.2007722007722007,0.10604597257098754,3.528864,1.1854838,True,10 vs Rest,10,Rest
Pck1,0.9426,0.05740000000000001,2.798597547557051,0.0008751384,0.0003137613,0.0,0.25,2.1881955,2.1042604,2.6670918,-6.3859534,12.513298,2.6602306,0.49063033,0.2857142857142855,0.09774000386324169,6.796436,1.9963541,True,10 vs Rest,10,Rest
Eno3,0.9426,0.05740000000000001,2.798597547557051,0.00076512824,0.0002250577,0.0,0.25,2.2701569,2.2315402,2.3439276,-6.39466,9.921282,2.1196907,0.33783945,0.33590733590733557,0.1471894919837735,6.057956,1.5770034,True,10 vs Rest,10,Rest
Camp,0.9426,0.05740000000000001,2.798597547557051,0.00038446573,0.00018731307,0.0,0.25,1.5891173,1.5690331,2.98767,-9.356673,12.303045,2.4169884,0.6194711,0.16602316602316602,0.06567510141008331,6.237301,2.065794,True,10 vs Rest,10,Rest
Slurp1,0.9426,0.05740000000000001,2.798597547557051,0.00038517007,0.00024384327,0.0,0.25,2.0340395,1.9171171,2.5304446,-5.9177237,10.8973255,0.841699,0.8023954,0.14671814671814676,0.10990921383040421,2.3145537,2.0358884,True,10 vs Rest,10,Rest
Krt42,0.9424,0.057599999999999985,2.794907082195586,0.00017149758,0.00010859055,0.0,0.25,1.2463388,1.2541585,3.151707,-10.750134,10.607779,0.3783785,0.17770961,0.2084942084942084,0.0817075526366625,1.3092909,0.5988973,True,10 vs Rest,10,Rest
Tff3,0.9414,0.058599999999999985,2.776633272358103,0.0014605925,0.00038287404,0.0,0.25,1.8771862,1.9274297,2.3220146,-6.8378267,9.341808,8.83398,0.91172534,0.27027027027027006,0.11995364110488756,18.575449,3.0199807,True,10 vs Rest,10,Rest
Pla2g12b,0.9414,0.058599999999999985,2.776633272358103,9.431644e-05,5.7951118e-05,0.0,0.25,1.5836866,1.5020938,3.126066,-10.844312,13.009521,0.20463328,0.016225606,0.1351351351351352,0.010430751400424954,0.6260469,0.059314866,True,10 vs Rest,10,Rest
Ambp,0.9414,0.058599999999999985,2.776633272358103,0.00021811965,0.00011631229,0.0,0.25,1.4311811,1.5448427,2.844077,-8.991745,12.200846,0.78764486,0.11724954,0.1042471042471043,0.0339965230828666,1.887991,0.70434433,True,10 vs Rest,10,Rest
Ccl28,0.9412,0.05879999999999996,2.7730136425053487,0.00012537964,5.649568e-05,0.0,0.25,1.4697951,1.4616275,2.6506348,-7.795026,12.486271,0.35521242,0.05930079,0.1351351351351352,0.028394823256712432,0.80303794,0.21095735,True,10 vs Rest,10,Rest
Ccl7,0.9408,0.05920000000000003,2.7658088769647486,0.000410315,0.0001467214,0.0,0.25,2.0843165,2.0537295,2.5916839,-7.4787674,10.288622,1.3204633,0.1811862,0.14671814671814676,0.031485416264245766,4.3040037,0.7800617,True,10 vs Rest,10,Rest
Syt7,0.9408,0.05920000000000003,2.7658088769647486,0.0006997522,0.00032044953,0.0,0.25,1.7795012,1.8167357,1.7966104,-5.38673,8.392147,1.899613,0.48464105,0.5482625482625475,0.20050222136371976,5.814224,2.2920427,True,10 vs Rest,10,Rest
Slc51a,0.9406,0.05940000000000001,2.7622235854237056,0.00018995772,8.028333e-05,0.0,0.25,1.8366078,1.7934446,2.6902277,-7.479681,10.858733,0.5598457,0.08846837,0.22779922779922768,0.04577940892408745,1.4438499,0.34274834,True,10 vs Rest,10,Rest
Slc40a1,0.9402,0.059799999999999964,2.755086801045413,0.00040735264,0.0001330061,0.0,0.25,2.1281269,2.0039592,2.322026,-4.4428587,11.691021,0.810811,0.1328959,0.1505791505791506,0.07571952868456666,2.1660779,0.59088963,True,10 vs Rest,10,Rest
Hpgd,0.94,0.06000000000000005,2.751535157013593,0.0020169222,0.0006973472,0.0,0.25,1.9191439,1.9625788,1.9272997,-5.172614,9.014591,4.6911163,0.9418586,0.5405405405405398,0.23758933745411714,13.638866,4.0109863,True,10 vs Rest,10,Rest
Saa2,0.9398,0.06020000000000003,2.747994578881558,0.0011742793,0.00031254755,0.0,0.25,1.7962399,1.7039661,2.9396625,-7.398464,13.0117035,4.8416967,0.8833306,0.3667953667953664,0.13019123044234138,8.8172865,2.5721855,True,10 vs Rest,10,Rest
Clca3b,0.9398,0.06020000000000003,2.747994578881558,0.00075487606,0.0015373358,0.0,0.25,0.8925405,1.0658765,2.8938246,-11.496651,10.872631,0.95752907,2.671813,0.13127413127413134,0.1313502028201663,2.7743542,15.249627,True,10 vs Rest,10,Rest
Hamp,0.9392,0.060799999999999965,2.7374385062754003,0.0014576092,0.001950946,0.0,0.25,0.39232948,0.41849136,2.7399218,-8.520976,9.228622,2.9961383,6.4506164,0.25482625482625465,0.32953447942822733,8.872403,22.449081,True,10 vs Rest,10,Rest
Tnni1,0.9392,0.060799999999999965,2.7374385062754003,0.0004966217,0.0002169857,0.0,0.25,1.7807523,1.8037705,2.4682312,-7.6101303,10.281733,0.4169885,0.1865951,0.1042471042471043,0.07552636662159583,1.2254052,0.78736544,True,10 vs Rest,10,Rest
Lcn2,0.939,0.061000000000000054,2.7339414617501654,0.0009332413,0.0005549028,0.0,0.25,1.6836867,1.7183108,2.4645886,-6.276991,10.313829,3.0926628,2.1927683,0.19691119691119685,0.17770909793316303,6.9552517,6.7265773,True,10 vs Rest,10,Rest
Fmo5,0.9388,0.06120000000000003,2.7304551217118043,0.0013491551,0.0004169518,0.0,0.25,1.8334695,1.8485475,1.9550054,-5.259285,8.645045,4.63706,0.91964424,0.7413127413127402,0.36411048870000406,15.758601,4.3142323,True,10 vs Rest,10,Rest
Dbi,0.9388,0.06120000000000003,2.7304551217118043,0.0067695593,0.0024103315,0.0,0.25,1.6751066,1.7186253,1.3192323,-3.7484837,6.9118996,25.891893,6.9207125,0.9691119691119675,0.8251883330113507,78.7135,26.230785,True,10 vs Rest,10,Rest
Clca1,0.9386,0.06140000000000001,2.7269794159949496,0.0008929225,0.00041129714,0.0,0.25,1.4659325,1.4758587,2.9049833,-7.999964,10.937513,8.23166,1.261925,0.18146718146718144,0.09967162449295003,21.99504,3.6115608,True,10 vs Rest,10,Rest
Plac8,0.9382,0.061799999999999966,2.7200596302771367,0.0008651853,0.0012743522,0.0,0.25,0.63042307,0.8374734,2.4901145,-6.774611,7.9053516,3.548261,2.49545,0.4401544401544396,0.31021827313114536,8.68269,12.515884,True,10 vs Rest,10,Rest
Cpe,0.938,0.062000000000000055,2.7166154133318035,0.00030364766,0.00012749495,0.0,0.25,1.7619158,1.7905717,2.1958427,-6.9155807,9.926532,0.5598456,0.25999662,0.14671814671814676,0.06644774966196665,1.7663498,0.9602271,True,10 vs Rest,10,Rest
Ugt2b34,0.9378,0.06220000000000003,2.713181556801915,0.0004950033,0.00041185913,0.0,0.25,1.5610294,1.5671129,3.047941,-8.576097,10.990917,1.8957527,0.6007336,0.2818532818532816,0.07629901487347916,4.3740153,1.7386354,True,10 vs Rest,10,Rest
AW112010,0.9376,0.06240000000000001,2.7097579938564973,0.012106319,0.004576071,0.0,0.25,2.31569,2.1554284,2.3471746,-3.9991698,10.016439,53.38226,15.028333,0.9806949806949791,0.7158586053698668,157.39716,55.653057,True,10 vs Rest,10,Rest
Tff2,0.9372,0.06279999999999997,2.702941484593913,0.000403209,0.00018949843,0.0,0.25,0.9378931,0.99889135,2.9593606,-11.475736,11.764126,0.8764481,0.47440526,0.1428571428571429,0.053312729379949964,2.582842,1.5332636,True,10 vs Rest,10,Rest
Eps8l3,0.9372,0.06279999999999997,2.702941484593913,0.00029603645,7.754378e-05,0.0,0.25,2.0635176,2.0563517,1.8032235,-4.4848967,8.600032,1.1583014,0.10450096,0.4247104247104242,0.06065288777284164,3.1226144,0.40111527,True,10 vs Rest,10,Rest
Prg2,0.9372,0.06279999999999997,2.702941484593913,0.00069729635,0.0008244937,0.0,0.25,0.48780894,0.42213058,3.0106192,-8.448636,8.689669,0.7335909,2.1666894,0.16602316602316602,0.19470735947459517,2.5454035,7.9311156,True,10 vs Rest,10,Rest
Il1f9,0.9372,0.06279999999999997,2.702941484593913,0.0002481639,0.00014591723,0.0,0.25,1.7140055,1.4595995,3.1123512,-8.929634,11.649317,0.4362935,0.2111267,0.1351351351351352,0.08363917326637084,1.2893745,0.6357258,True,10 vs Rest,10,Rest
Ccl22,0.9364,0.06359999999999999,2.689429118717184,0.00063567044,0.0007053619,0.0,0.25,0.68104607,0.7372656,3.4872417,-14.462493,11.227227,2.7142856,2.2497518,0.193050193050193,0.11145451033417088,6.3605137,8.9627,True,10 vs Rest,10,Rest
H2-Q2,0.9364,0.06359999999999999,2.689429118717184,0.0005727637,0.00018472604,0.0,0.25,1.8884209,1.8401265,1.9337676,-5.5870533,8.369391,2.0617745,0.3001736,0.6640926640926631,0.18949198377438303,6.417863,1.3736236,True,10 vs Rest,10,Rest
Pyy,0.9362,0.06379999999999997,2.6860757924569056,0.00035925704,0.0002650665,0.0,0.25,0.5572287,0.572814,2.8682985,-9.755581,9.576396,2.745173,0.5485793,0.10810810810810817,0.07417423218079999,7.624363,1.9952884,True,10 vs Rest,10,Rest
Igfbp5,0.9362,0.06379999999999997,2.6860757924569056,0.0022232085,0.0027072066,0.0,0.25,0.7375114,0.80191183,2.7484343,-8.299577,9.235874,6.359071,5.221529,0.27027027027027006,0.33648831369517684,16.067118,27.994995,True,10 vs Rest,10,Rest
Abi3bp,0.936,0.06399999999999995,2.682732247551694,0.0004157631,0.00015177378,0.0,0.25,2.1911356,2.0731149,1.9561723,-3.9536476,8.169734,0.69111973,0.13830443,0.17374517374517373,0.06915201854355832,2.2009356,0.57822853,True,10 vs Rest,10,Rest
Mmp7,0.936,0.06399999999999995,2.682732247551694,0.0010455291,0.0006426319,0.0,0.25,1.7756209,1.7372012,2.4497378,-7.066796,10.1766615,2.640926,1.6806984,0.20463320463320456,0.16727834653273876,6.604269,5.4720554,True,10 vs Rest,10,Rest
Cd55,0.9358,0.06420000000000003,2.679398422659016,0.0011262117,0.000433251,0.0,0.25,1.851431,1.8258715,2.0256486,-5.446521,8.438441,4.656369,1.1647631,0.64092664092664,0.2990148734788378,13.053291,4.631548,True,10 vs Rest,10,Rest
Cidec,0.9358,0.06420000000000003,2.679398422659016,0.00011275847,5.358929e-05,0.0,0.25,1.7896266,1.6763802,2.7574465,-7.950904,10.664248,0.32432443,0.06258464,0.20463320463320456,0.04597257098705829,1.0283486,0.29232487,True,10 vs Rest,10,Rest
Ifit2,0.9354,0.06459999999999999,2.672759690395094,0.00025376573,8.391186e-05,0.0,0.25,1.3720747,1.468041,2.8227131,-9.179178,12.363759,0.5637067,0.13791803,0.17374517374517373,0.050222136372416626,1.816772,0.51464665,True,10 vs Rest,10,Rest
Pla2g2e,0.9352,0.06479999999999997,2.669454663171554,0.00019851532,8.1759084e-05,0.0,0.25,1.6185874,1.48351,2.9162269,-7.6216993,11.448042,0.4980696,0.1931625,0.15830115830115832,0.07204944948812082,1.290413,0.5740275,True,10 vs Rest,10,Rest
Naip1,0.9352,0.06479999999999997,2.669454663171554,0.00023765597,0.00012887621,0.0,0.25,1.0168611,0.99869204,2.8209753,-8.691631,10.033862,0.52509665,0.11976059,0.1853281853281853,0.03612130577554577,1.1941162,0.30029663,True,10 vs Rest,10,Rest
Ctrb1,0.935,0.06499999999999995,2.666159116242096,0.000737821,0.0002924883,0.0,0.25,1.8933729,1.83567,2.3299813,-5.345087,10.499048,2.7027025,0.6691135,0.1274131274131275,0.06412980490631665,7.985567,2.5456128,True,10 vs Rest,10,Rest
Car8,0.935,0.06499999999999995,2.666159116242096,0.0007984019,0.0012183012,0.0,0.25,0.25362438,0.3716879,3.071519,-11.008511,9.982698,1.9613888,1.9634885,0.2509652509652508,0.15897237782499352,4.5264926,9.261901,True,10 vs Rest,10,Rest
Pbld2,0.9348,0.06520000000000004,2.662872991055349,0.00016099181,6.175633e-05,0.0,0.25,1.9228623,1.7671571,2.18209,-4.7118692,12.852862,0.3706566,0.061618824,0.24710424710424694,0.047517867490824955,1.2376051,0.25447944,True,10 vs Rest,10,Rest
Krt84,0.9348,0.06520000000000004,2.662872991055349,0.00028124862,0.00016941463,0.0,0.25,1.4439102,1.3797307,3.0580788,-10.258381,12.836408,0.6409267,0.3600537,0.11196911196911204,0.07842379756615833,1.543228,1.0775194,True,10 vs Rest,10,Rest
Cfap53,0.9348,0.06520000000000004,2.662872991055349,0.0006893599,0.00043513929,0.0,0.25,1.5615268,1.4215717,3.1570768,-8.942251,11.137564,0.9034749,0.53621644,0.1042471042471043,0.11338613096387921,2.8953428,2.387322,True,10 vs Rest,10,Rest
Crip1,0.9344,0.06559999999999999,2.6563287743869615,0.015212114,0.0056188544,0.0,0.25,1.9538409,1.8121891,2.20252,-4.472291,9.155339,72.08493,14.504479,0.957528957528956,0.7952482132508737,206.79626,63.992565,True,10 vs Rest,10,Rest
Samsn1,0.9344,0.06559999999999999,2.6563287743869615,0.00033264147,0.00042344132,0.0,0.25,0.16425014,0.1892333,2.7899606,-9.117743,9.930464,1.0656371,0.8437309,0.3397683397683394,0.24666795441374567,3.5506535,3.7696235,True,10 vs Rest,10,Rest
Serpina3j,0.9342,0.06579999999999997,2.6530705684654103,0.0006807258,0.0006105736,0.0,0.25,0.6923477,0.64840794,2.8280282,-7.7065916,9.496684,1.7683392,1.1746145,0.324324324324324,0.2341124203206424,5.8110538,4.9467998,True,10 vs Rest,10,Rest
Gm14275,0.9342,0.06579999999999997,2.6530705684654103,0.00063003495,0.0006285735,0.0,0.25,0.5603123,0.4805107,3.0315096,-9.674804,10.262894,0.62934375,0.87096775,0.193050193050193,0.2018543558045155,2.2256134,4.2907968,True,10 vs Rest,10,Rest
Fabp9,0.934,0.06599999999999995,2.6498215553939164,0.0015038844,0.0012393451,0.0,0.25,1.1801357,0.9943671,3.0297217,-8.585616,12.769569,6.0347486,3.8039284,0.351351351351351,0.24473633378403747,16.219067,13.19525,True,10 vs Rest,10,Rest
Chil4,0.9338,0.06620000000000004,2.646581679245415,0.0010902826,0.00042697063,0.0,0.25,1.8260559,1.8035526,2.4295897,-5.865886,11.501232,1.652509,1.2561337,0.1158301158301159,0.07243577361406249,4.835268,3.3350847,True,10 vs Rest,10,Rest
Ifit3,0.9338,0.06620000000000004,2.646581679245415,0.00023448694,0.00020038431,0.0,0.25,1.1146028,1.2218051,2.3551826,-8.41843,9.731255,0.28957537,0.3722225,0.13127413127413134,0.08441182151825417,0.86434084,1.3001862,True,10 vs Rest,10,Rest
Glrx,0.9334,0.06659999999999999,2.6401291165327536,0.00041943692,0.00014699643,0.0,0.25,2.13002,2.1144018,2.016935,-5.0885615,8.777949,1.6061765,0.43944168,0.5135135135135128,0.17983388062584205,4.3479266,1.4004889,True,10 vs Rest,10,Rest
Slc5a1,0.9334,0.06659999999999999,2.6401291165327536,0.00030678307,0.00015198781,0.0,0.25,1.5896621,1.6356869,2.4913416,-6.100293,9.411921,1.0270271,0.2926408,0.193050193050193,0.10102375893374586,1.6973152,0.80688715,True,10 vs Rest,10,Rest
Nes,0.9332,0.06679999999999997,2.636916320619904,0.00025209773,7.5528136e-05,0.0,0.25,1.6093894,1.5335069,2.6565123,-7.9926777,11.060168,0.6409267,0.06258456,0.12355212355212364,0.02337260961947076,2.1478808,0.2390436,True,10 vs Rest,10,Rest
Fcgrt,0.9332,0.06679999999999997,2.636916320619904,0.00042313023,0.00014192793,0.0,0.25,1.7495887,1.7331643,1.9775606,-6.12856,11.000276,0.8996142,0.11821548,0.31274131274131245,0.06722039791384998,2.6864264,0.40573284,True,10 vs Rest,10,Rest
Fmo3,0.9332,0.06679999999999997,2.636916320619904,0.00062920153,0.0007854402,0.0,0.25,0.68463975,0.77717924,2.6644914,-8.640652,9.20719,1.3011582,1.1765497,0.10038610038610044,0.10430751400425003,3.1063159,5.093903,True,10 vs Rest,10,Rest
Pdgfb,0.9328,0.06720000000000004,2.6305174299780223,0.0010445302,0.00043301954,0.0,0.25,1.9067475,1.813159,1.8882041,-6.160331,8.6588745,2.818531,0.8344594,0.6023166023166014,0.25922348850684895,9.572514,3.5889266,True,10 vs Rest,10,Rest
Bmp3,0.9326,0.06740000000000002,2.627331228810728,0.0011158307,0.00044263128,0.0,0.25,1.7184224,1.6706476,2.100401,-5.2526674,7.8711405,3.9305,0.97797835,0.6486486486486477,0.3274096967355483,13.184839,4.407815,True,10 vs Rest,10,Rest
Prss22,0.9322,0.06779999999999997,2.6209850522269886,0.00021045432,0.00014815107,0.0,0.25,0.9025412,0.8092785,2.9403775,-10.161934,10.32174,0.38223946,0.2787329,0.12355212355212364,0.08016225613289583,0.9184216,0.8520988,True,10 vs Rest,10,Rest
Calb1,0.9322,0.06779999999999997,2.6209850522269886,0.0003601317,0.0002020946,0.0,0.25,1.4329177,1.2255783,3.2740474,-8.821205,11.647931,0.96525127,0.26695043,0.21621621621621612,0.08750241452578751,3.059164,1.1129289,True,10 vs Rest,10,Rest
Slc30a10,0.932,0.06799999999999995,2.6178249731802863,7.255028e-05,6.351918e-05,0.0,0.25,0.35016856,0.37403202,2.9784627,-11.036067,13.261651,0.23552127,0.06702736,0.1158301158301159,0.03921189878307911,0.6704445,0.3219877,True,10 vs Rest,10,Rest
Itga1,0.9316,0.06840000000000002,2.611530577917082,0.00080799096,0.00028100642,0.0,0.25,1.7979014,1.7817092,1.9062954,-4.169812,9.711677,2.5637054,0.57465506,0.5173745173745167,0.2155688622754437,7.4023056,2.5535336,True,10 vs Rest,10,Rest
Plin2,0.9316,0.06840000000000002,2.611530577917082,0.0005855529,0.00024596232,0.0,0.25,1.6614816,1.7117167,1.8345331,-6.1200337,7.9366093,1.945945,0.582188,0.5945945945945937,0.20958083832334828,5.758636,2.2631807,True,10 vs Rest,10,Rest
Nostrin,0.9314,0.0686,2.608396160780379,0.0016949741,0.00080220005,0.0,0.25,1.7608385,1.7108636,2.525869,-6.2369742,9.719772,5.2239347,1.8075995,0.7799227799227787,0.38728993625650243,18.354996,7.7914248,True,10 vs Rest,10,Rest
Cd70,0.931,0.06899999999999995,2.6021526384934215,0.0005016166,0.00047024764,0.0,0.25,0.7375848,0.71362495,2.7281559,-8.121388,9.517632,1.7528956,1.126325,0.4092664092664088,0.31195673169788274,6.0043807,5.0684314,True,10 vs Rest,10,Rest
Lgals7,0.931,0.06899999999999995,2.6021526384934215,0.0004672819,0.00089278346,0.0,0.25,0.5489633,0.79989576,2.6603365,-9.451502,7.7018833,1.3359073,3.9957366,0.13127413127413134,0.18118601506663778,3.2407272,11.221019,True,10 vs Rest,10,Rest
Plet1,0.9306,0.06940000000000002,2.595942538551336,0.0004906654,0.00051856396,0.0,0.25,0.27887964,0.25319386,2.5859497,-11.32954,9.610925,1.362934,1.1330862,0.21621621621621612,0.2617345953254696,3.1310642,4.167452,True,10 vs Rest,10,Rest
Abcb1a,0.9306,0.06940000000000002,2.595942538551336,0.0005116257,0.00020940363,0.0,0.25,1.9238111,1.7736955,2.1307411,-5.776456,13.1294775,1.1660234,0.2147969,0.4401544401544396,0.08788873865172918,3.4441867,0.816849,True,10 vs Rest,10,Rest
Pla2g1b,0.9306,0.06940000000000002,2.595942538551336,0.00017995252,0.00014860314,0.0,0.25,0.5272697,0.55090046,2.435726,-7.2114973,7.9267216,0.6023167,0.24512309,0.14671814671814676,0.06412980490631665,1.78048,0.9803046,True,10 vs Rest,10,Rest
Rgs1,0.9304,0.0696,2.5928499009339956,0.0007940576,0.00040016728,0.0,0.25,1.3666133,1.2940183,2.522106,-6.86844,11.192955,0.79536676,0.28008515,0.10810810810810817,0.04848367780567912,2.6780229,1.2919164,True,10 vs Rest,10,Rest
Nts,0.9304,0.0696,2.5928499009339956,0.00063971855,0.00028633382,0.0,0.25,1.2150434,1.2428384,2.292736,-6.6069937,8.985355,2.223938,0.8168826,0.21235521235521226,0.12265790998647923,5.473659,2.765186,True,10 vs Rest,10,Rest
Oasl1,0.9302,0.06979999999999997,2.5897654745055814,0.0011503724,0.00043647565,0.0,0.25,1.6300474,1.6531391,1.5096598,-4.0583105,7.310876,3.8069465,0.97353756,0.7258687258687248,0.37956345373766964,13.940117,4.3783975,True,10 vs Rest,10,Rest
Gip,0.9302,0.06979999999999997,2.5897654745055814,0.00024806542,0.00010926542,0.0,0.25,1.35908,1.3595872,2.3315272,-7.8774376,9.421381,0.72972983,0.15201874,0.13127413127413134,0.04249565385358328,2.35243,0.5313044,True,10 vs Rest,10,Rest
Prg4,0.9302,0.06979999999999997,2.5897654745055814,0.0002663381,0.00016391686,0.0,0.25,1.6095009,1.572701,2.2969527,-5.528595,9.357162,0.74903476,0.28394833,0.1351351351351352,0.04887000193162079,2.648508,1.1944714,True,10 vs Rest,10,Rest
Tmprss2,0.9302,0.06979999999999997,2.5897654745055814,0.0011572355,0.00053643883,0.0,0.25,1.863202,1.8221755,2.0562835,-4.601435,8.963577,3.0038574,1.0253035,0.7413127413127402,0.3447942824029221,9.474709,4.587344,True,10 vs Rest,10,Rest
Cd52,0.93,0.06999999999999995,2.586689211993499,0.0064404127,0.0070945593,0.0,0.25,0.6371972,0.40234447,2.6575484,-8.244701,8.6035795,21.698843,20.190166,0.8455598455598442,0.7506277767046143,70.43123,85.888405,True,10 vs Rest,10,Rest
Nos2,0.93,0.06999999999999995,2.586689211993499,0.0033442131,0.0016642549,0.0,0.25,2.3552682,2.136033,2.8505,-5.454443,11.954955,11.583015,3.8531806,0.9111969111969097,0.48522310218270803,35.383076,17.604294,True,10 vs Rest,10,Rest
Sftpd,0.9298,0.07020000000000004,2.583621066529587,0.00090426434,0.00070054765,0.0,0.25,1.1648862,1.1190677,2.4152317,-6.557432,10.173318,3.2818527,1.9331611,0.23938223938223924,0.17577747730345483,6.1192145,5.687136,True,10 vs Rest,10,Rest
Tac2,0.9298,0.07020000000000004,2.583621066529587,0.00018274029,0.00020356357,0.0,0.25,0.052448053,0.025794983,2.711236,-11.498227,9.22611,0.4671815,0.42765987,0.13899613899613905,0.06973150473247082,1.2894044,1.5411527,True,10 vs Rest,10,Rest
Gm47662,0.9296,0.07040000000000002,2.5805609916455206,0.000496861,0.00027948807,0.0,0.25,1.441022,1.404254,2.3207297,-6.001891,9.852566,0.9884173,0.41433102,0.27799227799227777,0.13019123044234138,3.6217358,1.8981708,True,10 vs Rest,10,Rest
Tnmd,0.9294,0.0706,2.5775089412682624,0.0003616399,0.00020253913,0.0,0.25,0.861601,0.9921384,2.528789,-8.0729885,8.316746,1.1776062,0.36584803,0.3822393822393818,0.16650569828085549,3.9277732,1.5789071,True,10 vs Rest,10,Rest
Fn1,0.9292,0.07079999999999997,2.5744648697155985,0.00069359195,0.00046828104,0.0,0.25,0.3985267,0.45115376,2.540956,-8.724155,8.125043,1.4401537,0.60440224,0.4015444015444011,0.2018543558045155,5.47654,2.9233468,True,10 vs Rest,10,Rest
2010109I03Rik,0.9292,0.07079999999999997,2.5744648697155985,0.00017964873,0.0001598707,0.0,0.25,0.85042375,0.7571168,2.7806456,-8.694241,10.979496,0.88803095,0.32682982,0.10038610038610044,0.07359474599188749,2.4765372,0.91160876,True,10 vs Rest,10,Rest
Aoc1,0.929,0.07099999999999995,2.571428731691726,0.0040044123,0.0015195858,0.0,0.25,1.9654117,1.8117828,1.7941188,-3.5144806,7.8537264,14.204633,3.7554412,0.9420849420849405,0.5599768205524153,39.92911,14.940365,True,10 vs Rest,10,Rest
Fmo1,0.9288,0.07120000000000004,2.568400482282903,0.00017055201,8.247315e-05,0.0,0.25,1.4989839,1.4937167,1.9881425,-5.921438,9.088619,0.32818538,0.06509572,0.1428571428571429,0.0339965230828666,0.9779302,0.26044947,True,10 vs Rest,10,Rest
Csn2,0.9286,0.07140000000000002,2.5653800769531694,0.0022973968,0.0022557944,0.0,0.25,0.5842984,0.5664568,2.537621,-8.10688,7.7702246,6.795362,5.57113,0.6872586872586862,0.5611357929302402,20.932543,22.40865,True,10 vs Rest,10,Rest
Psca,0.9286,0.07140000000000002,2.5653800769531694,0.00026211407,0.0002232404,0.0,0.25,0.30758864,0.31843328,2.8059556,-9.898652,9.958277,1.3513514,0.69016886,0.13127413127413134,0.09600154529650419,3.3482094,2.1167886,True,10 vs Rest,10,Rest
Hoxc11,0.9284,0.0716,2.562367471540107,0.0003330244,0.00026781159,0.0,0.25,0.9743664,1.0131979,2.4679701,-8.368382,9.65224,0.7258691,0.42920408,0.28957528957528933,0.1746185049256299,2.4610775,2.2548769,True,10 vs Rest,10,Rest
Mucl1,0.9282,0.07179999999999997,2.559362622250681,0.0010122433,0.0003377527,0.0,0.25,1.921041,1.8315196,1.7411643,-4.6628084,8.258619,4.0694976,0.5823827,0.11969111969111977,0.08924087309252501,9.75401,2.0792787,True,10 vs Rest,10,Rest
Ccl27a,0.9282,0.07179999999999997,2.559362622250681,0.0021706913,0.001787512,0.0,0.25,0.5028353,0.5275688,2.623632,-8.555654,8.186953,5.8648615,4.4448104,0.5250965250965244,0.5522503380335825,17.915287,19.234083,True,10 vs Rest,10,Rest
Ebi3,0.9278,0.07220000000000004,2.5533760186929015,0.00078402285,0.0005166785,0.0,0.25,1.253386,1.2165337,2.3249304,-6.195164,11.331458,3.3667946,1.5609314,0.5521235521235514,0.3898010430751231,9.461171,6.121366,True,10 vs Rest,10,Rest
Flg,0.9276,0.07240000000000002,2.550394178648677,0.0005095714,0.0007094647,0.0,0.25,0.2417781,0.33654428,2.66766,-9.73974,9.759472,0.6679538,2.6542325,0.11196911196911204,0.1431330886613863,1.5740561,7.4467793,True,10 vs Rest,10,Rest
Lgals3,0.9274,0.0726,2.5474199231684067,0.0002384495,0.00016639632,0.0,0.25,0.86970633,0.8936634,2.5383,-9.680094,10.021513,0.4980695,0.3660412,0.1428571428571429,0.1081707552636667,1.3524354,1.2208933,True,10 vs Rest,10,Rest
Nefh,0.9274,0.0726,2.5474199231684067,0.00039331545,0.00021582644,0.0,0.25,0.97045106,1.0893569,2.7394264,-9.8755865,10.821303,1.0463321,0.25883746,0.15444015444015446,0.06567510141008331,2.6928487,1.0955466,True,10 vs Rest,10,Rest
Iyd,0.927,0.07299999999999995,2.5414939982186593,0.00016533263,8.292975e-05,0.0,0.25,1.9495862,1.805604,2.2529361,-4.342807,10.212817,0.6177609,0.14178123,0.27027027027027006,0.0552443500096583,1.6697555,0.4443581,True,10 vs Rest,10,Rest
Igfbp4,0.9268,0.07320000000000004,2.5385422457687565,0.0007575524,0.00039041037,0.0,0.25,1.4360785,1.4062567,1.9404176,-5.0116014,8.104852,1.150579,0.32006934,0.2664092664092662,0.11048870001931671,3.527687,1.3702432,False,10 vs Rest,10,Rest
Cdo1,0.9264,0.0736,2.5326609560088174,0.0007157044,0.00045121604,0.0,0.25,1.5512153,1.485795,2.4128652,-6.1973267,9.25324,2.3629332,0.95209473,0.4169884169884165,0.25922348850684895,7.0310793,4.213264,False,10 vs Rest,10,Rest
Fyb,0.9262,0.07379999999999998,2.529731337735684,0.0009433213,0.0021773172,0.0,0.25,0.13316306,0.42222404,2.639144,-8.008291,8.261279,2.8494184,4.2439456,0.5521235521235514,0.4720880819006923,8.093172,24.14176,False,10 vs Rest,10,Rest
Gm4841,0.9262,0.07379999999999998,2.529731337735684,0.0003971888,0.00014345684,0.0,0.25,1.5706643,1.5598531,1.572515,-3.8183212,7.9464006,0.8687261,0.25420204,0.23938223938223924,0.11126134827120004,3.175208,1.0682833,False,10 vs Rest,10,Rest
Mal,0.926,0.07399999999999995,2.5268090171060202,0.00022946855,0.00014421764,0.0,0.25,0.9634251,0.9530988,2.47702,-7.0231943,9.194225,0.72586894,0.2372036,0.22779922779922768,0.08248020088854584,2.1071427,0.8237956,False,10 vs Rest,10,Rest
Ddx60,0.926,0.07399999999999995,2.5268090171060202,0.0004307824,0.0002002861,0.0,0.25,1.328333,1.4055057,2.0083091,-6.5847626,8.202895,1.6023159,0.4075698,0.37065637065637025,0.17519799111454237,3.7283006,1.5259145,False,10 vs Rest,10,Rest
Tnni2,0.926,0.07399999999999995,2.5268090171060202,0.00012249839,9.84274e-05,0.0,0.25,1.0912617,1.0987186,2.3044536,-7.6999407,10.348796,0.15444013,0.14100876,0.10038610038610044,0.07552636662159583,0.55395305,0.65110576,False,10 vs Rest,10,Rest
Serpinb9,0.9258,0.07420000000000004,2.523893954454423,0.0026771594,0.0014290635,0.0,0.25,1.3015356,1.3131847,2.2558236,-5.6448317,8.829042,8.722007,3.4019399,0.8339768339768326,0.5814178095421763,28.335567,14.622447,False,10 vs Rest,10,Rest
Serpinb12,0.9256,0.07440000000000002,2.52098611043563,0.0010746618,0.0006123232,0.0,0.25,1.2227149,1.3073883,2.3967638,-6.926609,8.628889,2.459459,1.2619255,0.2857142857142855,0.20030905930074894,5.9846535,4.9396896,False,10 vs Rest,10,Rest
Cdh9,0.9256,0.07440000000000002,2.52098611043563,0.00039892463,0.00030257567,0.0,0.25,1.0452255,1.1115952,2.264144,-7.896188,8.178741,1.1853278,0.5744623,0.4169884169884165,0.19065095615220795,3.8262424,2.7458441,False,10 vs Rest,10,Rest
Pcp4,0.9254,0.0746,2.518085446021074,0.0003624806,0.00039431764,0.0,0.25,0.13279703,0.13333988,2.808689,-10.37652,8.333387,1.9266407,0.81765616,0.12355212355212364,0.11589723778250005,4.0462656,3.38186,False,10 vs Rest,10,Rest
Aqp3,0.9252,0.07479999999999998,2.515191922495496,0.0010771247,0.00066314475,0.0,0.25,1.3024248,1.0079951,2.7126608,-9.135806,10.331621,2.7606163,1.0552422,0.5984555984555976,0.2555534093104034,8.849273,4.45577,False,10 vs Rest,10,Rest
Il1f6,0.925,0.07499999999999996,2.5123055014536018,0.00026141733,0.00025536612,0.0,0.25,1.098762,1.1729946,2.370063,-7.912849,8.232785,0.7220078,0.79408896,0.1428571428571429,0.11145451033417088,1.8248515,1.9971883,False,10 vs Rest,10,Rest
Glud1,0.9246,0.07540000000000002,2.5065538147297164,0.002066775,0.0009020692,0.0,0.25,1.4183003,1.4747863,1.4635068,-4.844448,6.6918874,7.9034724,1.8641862,0.8880308880308866,0.6318331079775602,24.696157,9.125785,False,10 vs Rest,10,Rest
H1foo,0.9246,0.07540000000000002,2.5065538147297164,0.0001746735,0.00017401937,0.0,0.25,0.8510517,0.68344736,2.815541,-11.101047,12.262365,0.18146719,0.29148167,0.10810810810810817,0.11010237589337504,0.5706579,1.1586131,False,10 vs Rest,10,Rest
Rgs5,0.9244,0.0756,2.503688473757443,0.0022835468,0.0024499297,0.0,0.25,0.34144515,0.26764774,2.5332742,-8.287981,8.62965,5.6023154,5.8460045,0.4324324324324319,0.46107784431135557,20.319517,23.558022,False,10 vs Rest,10,Rest
Ltf,0.9244,0.0756,2.503688473757443,0.00032684993,0.0007335728,0.0,0.25,0.54567957,0.62359,2.6931336,-10.028406,9.430161,0.85714304,2.9122963,0.16216216216216217,0.11744253428626672,2.4436438,8.954953,False,10 vs Rest,10,Rest
Napsa,0.9244,0.0756,2.503688473757443,0.00019253885,0.000110348534,0.0,0.25,1.3757658,1.3845682,2.0516496,-5.174776,10.16511,0.44787657,0.20320702,0.16602316602316602,0.079969094069925,1.235444,0.83997977,False,10 vs Rest,10,Rest
