,0
0,Xkr4
1,Rp1
2,Sox17
3,Oprk1
4,Npbwr1
5,St18
6,Sntg1
7,3110035E14Rik
8,Ppp1r42
9,Cpa6
10,Sulf1
11,Prdm14
12,Xkr9
13,Gm5523
14,Msc
15,Trpa1
16,Kcnb2
17,Gdap1
18,Pi15
19,Tfap2b
20,Pkhd1
21,Il17a
22,6720483E21Rik
23,Gsta3
24,Khdc1a
25,Rims1
26,Mir30c-2
27,Col9a1
28,Bai3
29,Gm20172
30,Khdrbs2
31,Gm5415
32,Gm15455
33,Bend6
34,Cfc1
35,Fam123c
36,Zap70
37,Lyg1
38,Lonrf2
39,Creg2
40,Rfx8
41,Il1r2
42,Il18rap
43,Slc9a2
44,Tmem182
45,2610017I09Rik
46,Pou3f3
47,2900092D14Rik
48,Gpr45
49,1500015O10Rik
50,4832428D23Rik
51,Col3a1
52,Tmeff2
53,Boll
54,9130227L01Rik
55,Satb2
56,Aox3
57,Aox4
58,Als2cr12
59,Gm973
60,Cd28
61,Ctla4
62,Zdbf2
63,Mdh1b
64,Gm13749
65,Akr1cl
66,D630023F18Rik
67,Unc80
68,Myl1
69,Cps1
70,Erbb4
71,Spag16
72,Vwc2l
73,Abca12
74,Gm8883
75,4933417E11Rik
76,Tmem169
77,March4
78,Igfbp2
79,Pinc
80,6030407O03Rik
81,Rufy4
82,Cxcr2
83,Cxcr1
84,Slc11a1
85,Vil1
86,Wnt10a
87,Cdk5r2
88,Fev
89,Cryba2
90,Mir375
91,Ccdc108
92,Ihh
93,A630095N17Rik
94,Ptprn
95,Resp18
96,Des
97,Gm15179
98,Tmem198
99,Inha
100,Pax3
101,Sgpp2
102,Kcne4
103,Scg2
104,Fam124b
105,9430031J16Rik
106,Tm4sf20
107,Slc19a3
108,Ccl20
109,Wdr69
110,Sphkap
111,Dner
112,Slc16a14
113,A530032D15Rik
114,Spata3
115,2810459M11Rik
116,B3gnt7
117,Nppc
118,Alpi
119,Ecel1
120,Prss56
121,Efhd1
122,3110079O15Rik
123,Neu2
124,Scarna6
125,Ugt1a9
126,Ugt1a7c
127,Ugt1a6b
128,Ugt1a5
129,Ugt1a2
130,Ugt1a1
131,Spp2
132,Glrp1
133,Gm19589
134,Gbx2
135,Iqca
136,Mlph
137,Rab17
138,Espnl
139,Klhl30
140,Fam132b
141,1700020N18Rik
142,Twist2
143,Gpr35
144,Aqp12
145,Kif1a
146,Agxt
147,2310007B03Rik
148,Ano7
149,Gal3st2
150,Gm9994
151,Gm6086
152,Neu4
153,Pdcd1
154,Slco4c1
155,1810006J02Rik
156,Cntnap5b
157,Cdh20
158,Tnfrsf11a
159,Serpinb5
160,Serpinb12
161,Serpinb13
162,Serpinb3a
163,Serpinb3d
164,Serpinb3b
165,Serpinb3c
166,Serpinb11
167,Serpinb7
168,Serpinb2
169,Serpinb10-ps
170,Cdh7
171,Cdh19
172,Cntnap5a
173,Tfcp2l1
174,Gm101
175,Sctr
176,C1ql2
177,Marco
178,En1
179,B230209K01Rik
180,Dpp10
181,Gpr39
182,Lypd1
183,Acmsd
184,Lct
185,Thsd7b
186,C4bp
187,C4bp-ps1
188,Fcamr
189,Pigr
190,Faim3
191,Il24
192,Il19
193,Avpr1b
194,Ctse
195,Slc26a9
196,Cntn2
197,Nfasc
198,Gm10538
199,Lrrn2
200,Gm19461
201,Golt1a
202,Kiss1
203,Ren1
204,Lax1
205,Optc
206,Fmod
207,Chit1
208,Chi3l1
209,Mybph
210,Adora1
211,Myog
212,Ppfia4
213,4933406M09Rik
214,Syt2
215,Lgr6
216,Ptprv
217,Ptpn7
218,Gpr37l1
219,Elf3
220,Shisa4
221,Lad1
222,Tnnt2
223,Pkp1
224,Igfn1
225,6530439I21
226,5730559C18Rik
227,Kif14
228,Nr5a2
229,Ptprc
230,Atp6v1g3
231,Crb1
232,F13b
233,Cfhr1
234,Gm4788
235,Cfhr2
236,Cfh
237,Kcnt2
238,Rgs13
239,Rgs18
240,Fam5c
241,C730036E19Rik
242,Apobec4
243,Rgs8
244,Rgsl1
245,Zfp648
246,Fam163a
247,Tdrd5
248,Nphs2
249,Fam5b
250,Astn1
251,Pappa2
252,Tnr
253,Gpr52
254,Serpinc1
255,Ankrd45
256,4930469G21Rik
257,Tnfsf18
258,Fasl
259,Myoc
260,Fmo4
261,Fmo2
262,Fmo6
263,Fmo3
264,Prrx1
265,Mettl11b
266,Sell
267,Selp
268,Gm16548
269,F5
270,Dpt
271,LOC433374
272,Tbx19
273,Cd247
274,Dusp27
275,Gpa33
276,Lrrc52
277,Lmx1a
278,Rgs5
279,Rgs4
280,1700084C01Rik
281,1700015E13Rik
282,Fcrlb
283,Fcrla
284,Fcgr2b
285,Fcgr4
286,Fcgr3
287,Mpz
288,Nr1i3
289,Apoa2
290,Adamts4
291,Arhgap30
292,Itln1
293,Cd244
294,Ly9
295,Cd48
296,Slamf1
297,Cd84
298,Slamf6
299,Casq1
300,Atp1a2
301,Kcnj9
302,Kcnj10
303,Slamf9
304,Vsig8
305,Slamf8
306,Fcrl6
307,Crp
308,Apcs
309,Fcer1a
310,Gm11062
311,BC094916
312,Pydc4
313,Pyhin1
314,Pydc3
315,Ifi202b
316,Ifi205
317,Olfr433
318,Spna1
319,1810030J14Rik
320,Fmn2
321,Grem2
322,Rgs7
323,Kmo
324,Pld5
325,Hmga2-ps1
326,1700016C15Rik
327,6330403A02Rik
328,Mixl1
329,9130409I23Rik
330,Cnih3
331,Ccdc121
332,1700047M11Rik
333,Capn8
334,Tlr5
335,Hhipl2
336,Mosc1
337,C130074G19Rik
338,Mir215
339,9630028B13Rik
340,Gm2061
341,Slc30a10
342,5033404E19Rik
343,Spata17
344,Esrrg
345,9330162B11Rik
346,Ush2a
347,Fam71a
348,Kcnh1
349,Syt14
350,Traf3ip3
351,Mir205
352,H60c
353,Ppp1r14c
354,Iyd
355,Myct1
356,Vip
357,Rgs17
358,Oprm1
359,9130014G24Rik
360,Grm1
361,Txlnb
362,D10Bwg1379e
363,Gm4922
364,Perp
365,Gm20139
366,Olig3
367,Il20ra
368,Slc35d3
369,4930405J17Rik
370,Myb
371,Aldh8a1
372,1700020N01Rik
373,Gm5420
374,Raet1a
375,H60b
376,Raet1d
377,Tcf21
378,Eya4
379,Vnn3
380,Taar1
381,Moxd1
382,2010003K15Rik
383,Tmem200a
384,Lama2
385,Themis
386,6330407J23Rik
387,9330159F19Rik
388,Nkain2
389,Trdn
390,D830005E20Rik
391,Clvs2
392,Sult3a1
393,Rsph4a
394,Fam26e
395,Col10a1
396,Hs3st5
397,2010001E11Rik
398,BC021785
399,AI317395
400,Ddo
401,Gpr6
402,5730435O14Rik
403,Nr2e1
404,9030612E09Rik
405,F830002L21Rik
406,1700027J07Rik
407,Popdc3
408,Bves
409,Lin28b
410,D030045P18Rik
411,Grik2
412,Sim1
413,Fam162b
414,Gprc6a
415,Rfx6
416,Vgll2
417,Ros1
418,Nepn
419,Slc35f1
420,Pln
421,Gm20597
422,Fabp7
423,Edar
424,BB019430
425,Pla2g12b
426,Oit3
427,Spock2
428,Cdh23
429,Pcbd1
430,Tbata
431,Prf1
432,Npffr1
433,Col13a1
434,Neurog3
435,Hkdc1
436,Pbld2
437,Pbld1
438,Atoh7
439,Ctnna3
440,Lrrtm3
441,Zfp365
442,Fam13c
443,Phyhipl
444,D630013N20Rik
445,Bicc1
446,C730027H18Rik
447,A330049N07Rik
448,Pcdh15
449,Rtdr1
450,Gm5779
451,Upb1
452,Ggt1
453,Vpreb3
454,Gm5134
455,S100b
456,2610028H24Rik
457,4930483K19Rik
458,1700027D21Rik
459,Ftcd
460,Col6a2
461,Col6a1
462,Itgb2
463,1700009J07Rik
464,Lrrc3
465,Trpm2
466,Aire
467,Casp14
468,Ccdc105
469,Slc1a6
470,Olfr57
471,C2cd4c
472,Shc2
473,Odf3l2
474,Madcam1
475,Hcn2
476,Fgf22
477,9130017N09Rik
478,Prtn3
479,Elane
480,Cfd
481,Reep6
482,Plk5
483,Atp8b3
484,Lingo3
485,Gng7
486,Diras1
487,Creb3l3
488,Itgb1bp3
489,Atcay
490,Gna15
491,1700028I16Rik
492,C330046G13Rik
493,Rfx4
494,Fhl4
495,Bpifc
496,Ascl1
497,Pah
498,Igf1
499,Mybpc1
500,Slc5a8
501,Ano4
502,Nr1h4
503,Anks1b
504,Rmst
505,Hal
506,Amdhd1
507,2310039L15Rik
508,Mir3966
509,Dcn
510,Lum
511,Kera
512,Epyc
513,Gm10754
514,Mgat4c
515,Nts
516,Alx1
517,Lrriq1
518,Slc6a15
519,Ppfia2
520,Myf5
521,Myf6
522,Ptprq
523,Syt1
524,Nav3
525,Caps2
526,Kcnc2
527,Trhde
528,Tph2
529,A930009A15Rik
530,Tspan8
531,Ptprr
532,Ptprb
533,Kcnmb4
534,Gm239
535,D630029K05Rik
536,Best3
537,Lrrc10
538,Lyz2
539,Lyz1
540,Il22
541,Ifng
542,Grip1
543,Hmga2
544,9230105E05Rik
545,4921513I03Rik
546,Wif1
547,D930020B18Rik
548,A130077B15Rik
549,Fam19a2
550,Cyp27b1
551,Slc26a10
552,Kif5a
553,Inhbe
554,Inhbc
555,Ndufa4l2
556,Myo1a
557,Tac2
558,Rdh1
559,Rdh9
560,Rdh16
561,Rdh18-ps
562,BC089597
563,Rdh7
564,Sdr9c7
565,Hsd17b6
566,Gls2
567,Apon
568,Apof
569,Il23a
570,Slc39a5
571,Erbb3
572,Mettl7b
573,Tespa1
574,Vmn2r84
575,Pla2g3
576,Inpp5j
577,Gal3st1
578,Sec14l4
579,Sec14l3
580,Sec14l2
581,Osm
582,Lif
583,Gm11961
584,Cabp7
585,Nefh
586,Myl7
587,Gck
588,Camk2b
589,Rps15a-ps6
590,Npc1l1
591,Gm11978
592,Adcy1
593,Igfbp1
594,Sun3
595,Abca13
596,Vwc2
597,Ikzf1
598,Ddc
599,1700042O10Rik
600,Vstm2a
601,2810442I21Rik
602,Otx1
603,1700093K21Rik
604,5730522E02Rik
605,Gm12070
606,Ccdc85a
607,Mir217
608,4931440F15Rik
609,4930505A04Rik
610,Gpr75
611,Nsg2
612,Il9r
613,Hba-a1
614,Hba-a2
615,Hbq1b
616,Hbq1a
617,Fgf18
618,Gabrp
619,Kcnip1
620,Lcp2
621,Foxi1
622,Fam196b
623,Fbll1
624,Odz2
625,Gabrg2
626,Gabra1
627,Gabra6
628,Gabrb2
629,Atp10b
630,Mir146
631,C1qtnf2
632,Fabp6
633,Adra1b
634,Gm12159
635,F630206G17Rik
636,Nipal4
637,C030019I05Rik
638,Itk
639,Fam71b
640,Havcr2
641,Timd2
642,Havcr1
643,Timd4
644,Trim7
645,Gm5431
646,9930111J21Rik1
647,Olfr1396
648,Btnl9
649,Scgb3a1
650,Gfpt2
651,Rasgef1c
652,Adamts2
653,Grm6
654,Olfr1372-ps1
655,Tcf7
656,Fstl4
657,Leap2
658,Shroom1
659,Sowaha
660,Csf2
661,Acsl6
662,Gpx3
663,Slc36a3
664,Slc36a2
665,Fat2
666,Glra1
667,Gria1
668,Hand1
669,2210415F13Rik
670,1810065E05Rik
671,Gm12253
672,2210407C18Rik
673,Trim58
674,Fam183b
675,Obscn
676,Gjc2
677,Wnt3a
678,Nlrp3
679,Myo15
680,Kcnj12
681,Tnfrsf13b
682,Aldh3a1
683,Slc47a1
684,Rnf112
685,Mfap4
686,Slc5a10
687,Cdrt4
688,Arhgap44
689,Myocd
690,Gm12295
691,Dnahc9
692,Shisa6
693,Pirt
694,Myh1
695,Myh4
696,Myh13
697,Rcvrn
698,Glp2r
699,Dhrs7c
700,Usp43
701,Wdr16
702,Pik3r6
703,Mfsd6l
704,Ccdc42
705,Odf4
706,Alox12b
707,Alox8
708,Gucy2e
709,Efnb3
710,Shbg
711,Sox15
712,Cd68
713,BC096441
714,4933402P03Rik
715,Spem1
716,Acap1
717,Cldn7
718,Asgr1
719,Asgr2
720,Alox12e
721,Tm4sf5
722,Vmo1
723,Gltpd2
724,A430084P05Rik
725,Nlrp1a
726,Nlrp1b
727,Nlrp1c-ps
728,Wscd1
729,Aipl1
730,Slc13a5
731,Ggt6
732,P2rx1
733,Trpv1
734,Trpv3
735,Aspa
736,Spata22
737,E130309D14Rik
738,Mir132
739,Serpinf2
740,Tusc5
741,Tmigd1
742,Slc6a4
743,Coro6
744,Abhd15
745,Pipox
746,Sez6
747,Aldoc
748,Foxn1
749,Gm11194
750,Slc13a2
751,Vtn
752,Omg
753,Gm11202
754,Adap2
755,Accn1
756,5530401A14Rik
757,Ccl2
758,Ccl7
759,Ccl11
760,Ccl12
761,Ccl1
762,Unc45b
763,Slfn1
764,Slfn4
765,AI662270
766,Slfn14-ps
767,Rasl10b
768,Gas2l2
769,Ccl5
770,Ccl6
771,Expi
772,1100001G20Rik
773,Hnf1b
774,Gm11437
775,Lhx1
776,1500016L03Rik
777,Car4
778,Tbx4
779,Rnf43
780,1110028F11Rik
781,Mir142
782,Bzrap1
783,Mpo
784,Lpo
785,Epx
786,Gm525
787,Nog
788,4932411E22Rik
789,Ankfn1
790,Tmem100
791,Car10
792,Spata20
793,Epn3
794,Chad
795,Gm11545
796,Col1a1
797,Sgca
798,Dlx3
799,Dlx4
800,A730090H04Rik
801,B4galnt2
802,Igf2bp1
803,Calcoco2
804,Ttll6
805,Hoxb13
806,Gm53
807,Hoxb9
808,Hoxb8
809,Hoxb7
810,Hoxb6
811,Skap1
812,Prr15l
813,Gpr179
814,Neurod2
815,Ppp1r1b
816,1700003D09Rik
817,Tcap
818,Pnmt
819,Grb7
820,Ikzf3
821,Gm12
822,Gsdma3
823,Gsdma
824,Csf3
825,Gjd3
826,Tns4
827,Ccr7
828,Krt24
829,Krt25
830,Krt27
831,Krt12
832,Krt20
833,Krt23
834,Krt39
835,Krtap3-3
836,Krtap3-2
837,Krtap3-1
838,Krtap1-4
839,Gm11567
840,Gm11570
841,Krtap17-1
842,Krt33a
843,Krt33b
844,Krt34
845,Krt31
846,Krt32
847,Krt35
848,Krt36
849,Krt13
850,Krt15
851,Krt19
852,Krt14
853,Krt16
854,Krt17
855,Krt42
856,Zfp385c
857,G6pc
858,Meox1
859,Sost
860,Mpp3
861,Ppy
862,Pyy
863,Nags
864,Slc4a1
865,2810433D01Rik
866,Gm1564
867,Higd1b
868,Gfap
869,2410004I01Rik
870,Gm11648
871,Wnt3
872,Crhr1
873,Mapt
874,March10
875,Ace3
876,Kcnh6
877,Tcam1
878,Gh
879,Cd79b
880,Scn4a
881,Cacng1
882,Cacng4
883,Cacng5
884,Apoh
885,E030025P04Rik
886,1700096J18Rik
887,Abca8b
888,Abca8a
889,Abca9
890,Abca6
891,Kcnj16
892,BC006965
893,4732490B19Rik
894,Sstr2
895,Sdk2
896,4932435O22Rik
897,Dnaic2
898,Btbd17
899,Gpr142
900,Cd300a
901,Cd300lb
902,Cd300c
903,AF251705
904,Cd300e
905,Cd300lf
906,Grin2c
907,Otop2
908,Ush1g
909,Otop3
910,4933422H20Rik
911,Slc16a5
912,Qrich2
913,Cygb
914,Mgat5b
915,6030468B19Rik
916,Rbfox3
917,Nptx1
918,Mir338
919,Gcgr
920,Myadml2
921,Notum
922,Sectm1b
923,Sectm1a
924,Tex19.1
925,Uts2r
926,Efr3b
927,Pfn4
928,2810032G03Rik
929,Apob
930,Slc7a15
931,Matn3
932,Osr1
933,Kcns3
934,Rad51ap2
935,Ntsr2
936,Kcnf1
937,Gm9866
938,Sox11
939,Colec11
940,Myt1l
941,C630031E19
942,Tpo
943,Fam150b
944,Fam110c
945,Slc26a3
946,Slc26a4
947,Gpr22
948,Pik3cg
949,Cdhr3
950,Efcab10
951,Prps1l1
952,Agr2
953,Sostdc1
954,Meox2
955,Dgkb
956,Lrrn3
957,Nrcam
958,Nova1
959,Foxg1
960,3110039M20Rik
961,Gpr33
962,1700031P21Rik
963,Akap6
964,Npas3
965,Gm19990
966,E030019B13Rik
967,Nkx2-1
968,Nkx2-9
969,Pax9
970,Foxa1
971,4921506M07Rik
972,Sstr1
973,Mia2
974,Lrfn5
975,Mdga2
976,Gm3086
977,Abhd12b
978,F730035M05Rik
979,Trim9
980,4930404H11Rik
981,Six1
982,Six4
983,Tmem30b
984,2210039B01Rik
985,Syt16
986,1700086L19Rik
987,Dbpht2
988,Kcnh5
989,Esr2
990,AI463170
991,Gpx2
992,Plekhh1
993,Galntl1
994,0610009B14Rik
995,Gm1568
996,Slc10a1
997,Slc8a3
998,Acot4
999,Acot3
1000,Acot5
1001,Tmem90a
1002,Ltbp2
1003,D030025P21Rik
1004,Pgf
1005,Esrrb
1006,Zdhhc22
1007,Tmem63c
1008,Nrxn3
1009,5430427M07Rik
1010,Kcnk10
1011,Kcnk13
1012,Gm10432
1013,Tc2n
1014,Fbln5
1015,Slc24a4
1016,Chga
1017,Unc79
1018,Prima1
1019,Fam181a
1020,Asb2
1021,Ifi27l2b
1022,Serpina10
1023,Serpina6
1024,Serpina1f
1025,Serpina1b
1026,Serpina1d
1027,Serpina1a
1028,Serpina1c
1029,Serpina1e
1030,Serpina11
1031,Serpina9
1032,Serpina12
1033,Serpina4-ps1
1034,Serpina3b
1035,Serpina3c
1036,Serpina3h
1037,Serpina3i
1038,Serpina3j
1039,Serpina3k
1040,Serpina3m
1041,Serpina3n
1042,Gsc
1043,2810011L19Rik
1044,Bdkrb2
1045,Bdkrb1
1046,Bcl11b
1047,Hhipl1
1048,Cyp46a1
1049,Gm16596
1050,Degs2
1051,Slc25a47
1052,Dlk1
1053,Mir673
1054,Rtl1
1055,Mir370
1056,AF357425
1057,AF357355
1058,Mir329
1059,Mir539
1060,Mirg
1061,Mir453
1062,Mir377
1063,Amn
1064,A230065H16Rik
1065,Gm266
1066,Tdrd9
1067,Aspg
1068,A530016L24Rik
1069,Tmem179
1070,Pld4
1071,Ptprn2
1072,Gm10421
1073,Gm5441
1074,Mir153
1075,Dnahc11
1076,Sp8
1077,Itgb8
1078,Macc1
1079,Tmem196
1080,1700024F13Rik
1081,Calml3
1082,Calm4
1083,Calm5
1084,Tubal3
1085,Ucn3
1086,Akr1c14
1087,Akr1c18
1088,Akr1c19
1089,Marcksl1-ps4
1090,Akr1c12
1091,Akr1c6
1092,Akr1c20
1093,Akr1c21
1094,1700016G22Rik
1095,Adarb2
1096,Chrm3
1097,Ryr2
1098,Nid1
1099,Gng4
1100,4933412O06Rik
1101,A530046M15
1102,Pou6f2
1103,Amph
1104,Sfrp4
1105,A530099J19Rik
1106,Gpr141
1107,Aoah
1108,Gpx6
1109,Zkscan4
1110,Hist1h2ao
1111,Prss16
1112,Hist1h2ah
1113,Btn1a1
1114,Hist1h1t
1115,Hist1h3b
1116,Trim38
1117,Slc17a2
1118,Slc17a3
1119,Slc17a1
1120,Slc17a4
1121,Scgn
1122,Gm11346
1123,Dcdc2a
1124,Nrsn1
1125,A330102I10Rik
1126,Foxq1
1127,1700018A04Rik
1128,Foxf2
1129,Mylk4
1130,Serpinb9b
1131,Serpinb1b
1132,Serpinb6c
1133,4930447K03Rik
1134,Eci3
1135,Ly86
1136,Dsp
1137,Bmp6
1138,Tfap2a
1139,Mak
1140,Gcm2
1141,Elovl2
1142,Gm5082
1143,9530008L14Rik
1144,Gm10790
1145,Phactr1
1146,Rnf182
1147,Gm5083
1148,A330076C08Rik
1149,A330048O09Rik
1150,Barx1
1151,Wnk2
1152,Susd3
1153,Ecm2
1154,Ogn
1155,4921525O09Rik
1156,Gm2848
1157,BB123696
1158,Msx2
1159,Drd1a
1160,Hrh2
1161,Cdhr2
1162,Gprin1
1163,Sncb
1164,Hk3
1165,Fgfr4
1166,Slc34a1
1167,Pfn3
1168,F12
1169,Pitx1
1170,Tifab
1171,Cxcl14
1172,Gm10782
1173,Slc25a48
1174,Lect2
1175,Trpc7
1176,Spock1
1177,Slc28a3
1178,Golm1
1179,4921517D22Rik
1180,A530065N20
1181,Gm5084
1182,BC051665
1183,Ctsr
1184,Fbp2
1185,Fbp1
1186,F630042J09Rik
1187,A130040M12Rik
1188,Adcy2
1189,Ube2ql1
1190,Adamts16
1191,8030423J24Rik
1192,Irx1
1193,Gm20554
1194,Irx2
1195,Irx4
1196,D630045M09Rik
1197,Slc6a3
1198,Slc6a18
1199,Slc6a19
1200,5430425J12Rik
1201,Slc9a3
1202,Ahrr
1203,Pcsk1
1204,Nr2f1
1205,A830082K12Rik
1206,9330111N05Rik
1207,Gpr98
1208,C130071C03Rik
1209,2810049E08Rik
1210,Edil3
1211,Hapln1
1212,Atp6ap1l
1213,Acot12
1214,Ckmt2
1215,Ankrd34b
1216,Thbs4
1217,Gm4814
1218,Bhmt
1219,Bhmt2
1220,Dmgdh
1221,AW495222
1222,Crhbp
1223,S100z
1224,F2rl2
1225,Gm5086
1226,Tmem174
1227,Tmem171
1228,Zfp366
1229,Cartpt
1230,Naip2
1231,Naip5
1232,Naip6
1233,Naip7
1234,Naip1
1235,4933416M06Rik
1236,Cd180
1237,Fam159b
1238,Rnf180
1239,Depdc1b
1240,Rab3c
1241,Gapt
1242,Il31ra
1243,Gm6320
1244,Gzma
1245,Esm1
1246,Hspb3
1247,Fst
1248,Isl1
1249,Hcn1
1250,4933413L06Rik
1251,Fgf10
1252,Ccl28
1253,AF067061
1254,BC147527
1255,Gm3002
1256,Gm3264
1257,Acox2
1258,Fam107a
1259,Oit1
1260,Fezf2
1261,Cadps
1262,Gm5087
1263,Synpr
1264,Sntn
1265,Nek10
1266,Lrrc3b
1267,Gm5458
1268,Kcnk16
1269,Ttc18
1270,Myoz1
1271,Dusp13
1272,Gm10248
1273,E330034G19Rik
1274,Plac9
1275,D14Ertd449e
1276,Erc2
1277,Cacna2d3
1278,Lrtm1
1279,Itih4
1280,Itih3
1281,Itih1
1282,Tnnc1
1283,Sema3g
1284,Colq
1285,Galntl2
1286,Ogdhl
1287,1700024G13Rik
1288,Chat
1289,Slc18a3
1290,3425401B19Rik
1291,1810011H11Rik
1292,Wdfy4
1293,Gdf10
1294,Gdf2
1295,Rbp3
1296,Zfp488
1297,A630023A22Rik
1298,Anxa8
1299,Ppyr1
1300,Gprin2
1301,Fam25c
1302,Ldb3
1303,Opn4
1304,Grid1
1305,Cdhr1
1306,2610528A11Rik
1307,Nrg3
1308,Dydc2
1309,Mat1a
1310,Sftpa1
1311,Mbl1
1312,Sftpd
1313,Ear1
1314,Ear2
1315,Ptgdr
1316,Gm15217
1317,Gm6498
1318,Otx2
1319,1700011H14Rik
1320,Slc35f4
1321,Tlr11
1322,Klhl33
1323,Rnase10
1324,Rnase12
1325,Rnase6
1326,Rnase1
1327,Ear11
1328,Ang4
1329,G630016D24Rik
1330,A430107P09Rik
1331,Rem2
1332,Cebpe
1333,Il25
1334,Cmtm5
1335,Myh6
1336,D830015G02Rik
1337,Myh7
1338,Zfhx2as
1339,Jph4
1340,Dhrs2
1341,Cpne6
1342,Fitm1
1343,Cideb
1344,Ltb4r2
1345,Cbln3
1346,Cma1
1347,Mcpt1
1348,Mcpt2
1349,Mcpt4
1350,Mcpt8
1351,Ctsg
1352,Gzmn
1353,Gzmb
1354,Atp12a
1355,Gja3
1356,Gjb2
1357,Gjb6
1358,Shisa2
1359,Fam123a
1360,C1qtnf9
1361,Sgcg
1362,Arl11
1363,Gucy1b2
1364,Defb47
1365,Defb42
1366,Gata4
1367,Blk
1368,Tdh
1369,Xkr6
1370,A930011O12Rik
1371,Fbxo16
1372,Scara5
1373,Scara3
1374,Gulo
1375,Adam2
1376,Stmn4
1377,Gm5464
1378,Pnma2
1379,Ebf2
1380,Gm6878
1381,4930438E09Rik
1382,Nefl
1383,A230070E04Rik
1384,Adam7
1385,Adamdec1
1386,Entpd4
1387,Sftpc
1388,Lgi3
1389,Htr2a
1390,5031414D18Rik
1391,Cpb2
1392,4930444M15Rik
1393,Enox1
1394,Gm6994
1395,AU021034
1396,Zfp957
1397,Lect1
1398,4930452G13Rik
1399,Pcdh8
1400,Gm10845
1401,Olfm4
1402,9630013A20Rik
1403,Pcdh20
1404,Pcdh9
1405,Klhl1
1406,Klf5
1407,Irg1
1408,Scel
1409,Slain1
1410,4921525B02Rik
1411,Slitrk1
1412,Slitrk6
1413,Slitrk5
1414,Gpc5
1415,Dct
1416,Sox21
1417,Hs6st3
1418,1700006F04Rik
1419,Slc15a1
1420,Gm5089
1421,Zic5
1422,2610035F20Rik
1423,Zic2
1424,Nalcn
1425,Itgbl1
1426,Fgf14
1427,Plcxd3
1428,C6
1429,Heatr7b2
1430,C7
1431,5430437J10Rik
1432,C9
1433,Gdnf
1434,Slc1a3
1435,Ranbp3l
1436,Ugt3a1
1437,Ugt3a2
1438,Il7r
1439,Agxt2
1440,Gm19276
1441,C1qtnf3
1442,Rxfp3
1443,Adamts12
1444,Npr3
1445,1700047G03Rik
1446,Cdh6
1447,Cdh9
1448,Cdh10
1449,Cdh12
1450,Cdh18
1451,Gm5468
1452,Dnahc5
1453,Ctnnd2
1454,1700084J12Rik
1455,Gm12191
1456,BC030476
1457,4930413F20Rik
1458,Kcns2
1459,Osr2
1460,Rgs22
1461,Grhl2
1462,Gm15941
1463,Baalc
1464,Rims2
1465,Dpys
1466,AU022793
1467,9330182O14Rik
1468,Zfpm2
1469,Rspo2
1470,Tmem74
1471,Pkhd1l1
1472,Sybu
1473,2310069G16Rik
1474,A930017M01Rik
1475,Kcnv1
1476,Csmd3
1477,Slc30a8
1478,Colec10
1479,Nov
1480,Enpp2
1481,Has2
1482,Slc22a22
1483,Fam83a
1484,Klhl38
1485,Anxa13
1486,Gm19510
1487,A1bg
1488,Gsdmc
1489,Gsdmc2
1490,Gsdmc3
1491,Gsdmc4
1492,Gsdmcl-ps
1493,Adcy8
1494,Oc90
1495,Kcnq3
1496,Lrrc6
1497,Tg
1498,Sla
1499,Fam135b
1500,Col22a1
1501,Gpr20
1502,Bai1
1503,Psca
1504,Slurp1
1505,Lypd2
1506,Ly6d
1507,D730001G18Rik
1508,Hemt1
1509,2010109I03Rik
1510,Ly6c2
1511,9030619P08Rik
1512,Ly6h
1513,Gpihbp1
1514,Rhpn1
1515,Mapk15
1516,Eppk1
1517,BC024139
1518,Gm10872
1519,Slc39a4
1520,Mb
1521,Apol6
1522,Apol7a
1523,Apol7b
1524,Apol10a
1525,Apol7c
1526,Gm8221
1527,Apol11b
1528,Apol7e
1529,Cacng2
1530,Pvalb
1531,Ncf4
1532,Tmprss6
1533,Sstr3
1534,Rac2
1535,Cyth4
1536,Elfn2
1537,Galr3
1538,Sox10
1539,Baiap2l2
1540,Kcnj4
1541,Syngr1
1542,Mgat3
1543,Cacna1i
1544,Enthd1
1545,Grap2
1546,Fam83f
1547,A430088P11Rik
1548,4930483J18Rik
1549,Mchr1
1550,Mei1
1551,AI848285
1552,Tnfrsf13c
1553,1500009C09Rik
1554,Sept3
1555,Wbp2nl
1556,Cyp2d10
1557,Cyp2d9
1558,Cyp2d12
1559,Cyp2d34
1560,Cyp2d13
1561,Cyp2d37-ps
1562,Cyp2d40
1563,Cyp2d26
1564,Nfam1
1565,Mpped1
1566,Efcab6
1567,Sult4a1
1568,Parvg
1569,1810041L15Rik
1570,Upk3a
1571,Ribc2
1572,Gm19277
1573,Fbln1
1574,Wnt7b
1575,AU022754
1576,Pkdrej
1577,Fam19a5
1578,Mlc1
1579,Mov10l1
1580,Adm2
1581,Miox
1582,Mapk8ip2
1583,Acr
1584,Syt10
1585,Abcd2
1586,Cntn1
1587,Pdzrn4
1588,Adamts20
1589,Tmem117
1590,Nell2
1591,Dbx2
1592,2610037D02Rik
1593,Slc38a4
1594,Vdr
1595,Col2a1
1596,Olfr287
1597,Prph
1598,Dnajc22
1599,Kcnh3
1600,Faim2
1601,Aqp2
1602,Aqp5
1603,Aqp6
1604,Gpd1
1605,Mettl7a3
1606,AB099516
1607,Mettl7a2
1608,Cela1
1609,I730030J21Rik
1610,Scn8a
1611,Krt80
1612,Krt7
1613,Krt85
1614,Krt83
1615,Krt81
1616,Krt86
1617,5430421N21Rik
1618,Krt84
1619,Krt82
1620,4732456N10Rik
1621,Krt75
1622,Krt6b
1623,Krt6a
1624,Krt5
1625,Krt71
1626,Krt73
1627,Krt2
1628,Krt1
1629,Krt77
1630,Krt76
1631,Krt4
1632,Krt79
1633,Krt78
1634,Krt8
1635,Krt18
1636,Igfbp6
1637,Espl1
1638,Sp7
1639,Hoxc13
1640,Hotair
1641,Hoxc11
1642,Hoxc10
1643,Hoxc9
1644,Hoxc8
1645,Hoxc6
1646,Hoxc5
1647,Hoxc4
1648,D930007P13Rik
1649,Gpr84
1650,Nckap1l
1651,Ppp1r1a
1652,Glycam1
1653,Mucl1
1654,Mefv
1655,Dnase1
1656,Gm5766
1657,Sec14l5
1658,AU021092
1659,Grin2a
1660,Atf7ip2
1661,Tekt5
1662,Fam18a
1663,Prm1
1664,Tnfrsf17
1665,Shisa9
1666,Pla2g10
1667,1810007I06Rik
1668,2900011O08Rik
1669,Snai2
1670,Efcab1
1671,Spag6
1672,Rpl31-ps12
1673,Igll1
1674,2610318N02Rik
1675,Rimbp3
1676,Serpind1
1677,Aifm3
1678,4930451C15Rik
1679,B830017H08Rik
1680,Car15
1681,Vpreb2
1682,Rtn4r
1683,Tbx1
1684,Cldn5
1685,Olfr164
1686,Olfr165
1687,Olfr166
1688,Lamp3
1689,A930003A15Rik
1690,Map6d1
1691,Vwa5b2
1692,2310042E22Rik
1693,A830060N17
1694,Liph
1695,Ahsg
1696,Fetub
1697,Hrg
1698,Kng2
1699,Kng1
1700,Adipoq
1701,Masp1
1702,Sst
1703,A730098P11Rik
1704,Tprg
1705,Trp63
1706,Cldn16
1707,Tmem207
1708,Ostn
1709,Uts2d
1710,Fgf12
1711,Hrasls
1712,Atp13a5
1713,Atp13a4
1714,9030404E10Rik
1715,Cpn2
1716,Gp5
1717,Apod
1718,Mfi2
1719,Pigz
1720,Bex6
1721,Osta
1722,Muc4
1723,Muc20
1724,Gm933
1725,Muc13
1726,E130310I04Rik
1727,Adcy5
1728,Sema5b
1729,Csta
1730,Stfa2l1
1731,Gm5483
1732,2010005H15Rik
1733,Stfa1
1734,BC100530
1735,Stfa2
1736,Stfa3
1737,Casr
1738,Cd86
1739,Fbxo40
1740,Stxbp5l
1741,Hgd
1742,Fstl1
1743,Nr1i2
1744,Popdc2
1745,Upk1b
1746,Igsf11
1747,Lsamp
1748,Gap43
1749,Zdhhc23
1750,Wdr52
1751,Mir3081
1752,Cd200r1
1753,Cd200r4
1754,Cd200r2
1755,Cd200r3
1756,Ccdc80
1757,Btla
1758,Gm609
1759,Gcet2
1760,BC016579
1761,Tmprss7
1762,Tagln3
1763,Cd96
1764,Gm5485
1765,Morc1
1766,Trat1
1767,Retnlb
1768,Retnla
1769,Retnlg
1770,Myh15
1771,Zpld1
1772,Gpr128
1773,Tmem45a
1774,2310005G13Rik
1775,Col8a1
1776,Gpr15
1777,Olfr172
1778,4930547E14Rik
1779,Epha6
1780,Cadm2
1781,E330011O21Rik
1782,Chodl
1783,Ncam2
1784,Cyyr1
1785,ORF63
1786,Grik1
1787,Cldn17
1788,Cldn8
1789,2310079G19Rik
1790,2310061N02Rik
1791,Krtap13-1
1792,Krtap13
1793,2310034C09Rik
1794,Mrap
1795,Olig2
1796,Olig1
1797,Kcne2
1798,Kcne1
1799,Clic6
1800,1810053B23Rik
1801,Cldn14
1802,Sim2
1803,Kcnj6
1804,Kcnj15
1805,Erg
1806,B3galt5
1807,Igsf5
1808,Itgb2l
1809,Dscam
1810,Fam3b
1811,Tmprss2
1812,Ripk4
1813,Gm9992
1814,Fndc1
1815,Ccr6
1816,Prr18
1817,T2
1818,Gm16702
1819,6530411M01Rik
1820,Plg
1821,Slc22a2
1822,Slc22a1
1823,Mas1
1824,Mrgprh
1825,Acat3
1826,Gpr31c
1827,2700054A10Rik
1828,Smok4a
1829,Tcte2
1830,4930474M22Rik
1831,Has1
1832,Fpr1
1833,Fpr2
1834,Ccdc64b
1835,Cldn6
1836,Cldn9
1837,Kremen2
1838,Prss41
1839,Prss32
1840,Dcpp2
1841,Dcpp3
1842,Sbp
1843,Sbpl
1844,Prss30
1845,Prss22
1846,Prss27
1847,Caskin1
1848,Rab26
1849,Noxo1
1850,Snhg9
1851,Hs3st6
1852,4930528F23Rik
1853,Igfals
1854,Ptx4
1855,Ccdc154
1856,Baiap3
1857,Gm17801
1858,Prss34
1859,Tpsab1
1860,Tpsb2
1861,Tpsg1
1862,Cacna1h
1863,Tekt4
1864,Sox8
1865,2810468N07Rik
1866,Mslnl
1867,Msln
1868,Fbxl16
1869,Nhlrc4
1870,Pdia2
1871,Nkx2-5
1872,Grm4
1873,Pacsin1
1874,Spdef
1875,Clps
1876,Lhfpl5
1877,Mapk13
1878,Pnpla1
1879,4930539E08Rik
1880,1700030A11Rik
1881,Pxt1
1882,Pi16
1883,Fgd2
1884,Tmem217
1885,1700097N02Rik
1886,Glp1r
1887,Umodl1
1888,Tff3
1889,Tff2
1890,Tff1
1891,Tmprss3
1892,Ubash3a
1893,Cbs
1894,Cryaa
1895,Rasal3
1896,A530088E08Rik
1897,Pglyrp2
1898,Cyp4f39
1899,Cyp4f40
1900,Cyp4f15
1901,Zfp811
1902,Cyp4f14
1903,Morc2b
1904,Myo1f
1905,Col11a2
1906,BC051537
1907,H2-Oa
1908,H2-DMb2
1909,H2-Ob
1910,H2-Aa
1911,H2-Eb2
1912,H2-Ea-ps
1913,Btnl2
1914,Btnl1
1915,Btnl4
1916,Btnl5
1917,Btnl6
1918,Prrt1
1919,Tnxb
1920,C4b
1921,Cyp21a1
1922,C4a
1923,Slc44a4
1924,Ly6g6c
1925,Ly6g6e
1926,Apom
1927,Aif1
1928,Ltb
1929,Lta
1930,H2-Q1
1931,H2-Q2
1932,H2-Q10
1933,Cdsn
1934,Dpcr1
1935,Sfta2
1936,Gm11127
1937,H2-Bl
1938,2410017I17Rik
1939,Gm8909
1940,Gm6623
1941,H2-T3
1942,H2-M9
1943,Trim15
1944,Trim40
1945,Trim31
1946,Rnf39
1947,H2-M5
1948,Mog
1949,Olfr98
1950,Olfr99
1951,H2-M2
1952,Olfr110
1953,Olfr111
1954,Crisp3
1955,3110082D06Rik
1956,Gpr115
1957,Gpr111
1958,E130008D07Rik
1959,Gpr110
1960,Gpr116
1961,Mep1a
1962,D730048J04Rik
1963,1700071M16Rik
1964,Tdrd6
1965,Rcan2
1966,Clic5
1967,Tcte1
1968,Tmem151b
1969,Gm7325
1970,Slc22a7
1971,Ttbk1
1972,Gnmt
1973,Ptcra
1974,1700001C19Rik
1975,9830107B12Rik
1976,A530064D06Rik
1977,Trem1
1978,Trem3
1979,Treml2
1980,B430306N03Rik
1981,Trem2
1982,Treml1
1983,Tspo2
1984,Unc5cl
1985,Lrfn2
1986,Kif6
1987,Satb1
1988,Gm20098
1989,Kcnh8
1990,Sult1c2
1991,Slc5a7
1992,St6gal2
1993,Ebi3
1994,Shd
1995,Fsd1
1996,Mir7b
1997,Acsbg2
1998,Acer1
1999,Slc25a41
2000,Tubb4a
2001,Cd70
2002,Tnfsf14
2003,C3
2004,Vav1
2005,Emr1
2006,2610034M16Rik
2007,9130404H23Rik
2008,Lama1
2009,Arhgap28
2010,L3mbtl4
2011,Tmem200c
2012,2410021H03Rik
2013,A330050F15Rik
2014,Fam179a
2015,Alk
2016,Capn13
2017,Galnt14
2018,Srd5a2
2019,Sult6b1
2020,Cyp1b1
2021,Ttc39d
2022,Gm19689
2023,Kcng3
2024,Haao
2025,Abcg5
2026,Abcg8
2027,Slc3a1
2028,Six3os1
2029,Six3
2030,Six2
2031,2010106C02Rik
2032,Atp6v1e2
2033,Epcam
2034,Kcnk12
2035,Gtf2a1l
2036,Lhcgr
2037,Nrxn1
2038,4930480K15Rik
2039,Adcyap1
2040,Mkx
2041,Armc4
2042,Colec12
2043,4930563E18Rik
2044,Lama3
2045,Hrh4
2046,4933424G05Rik
2047,Aqp4
2048,Chst9
2049,Cdh2
2050,Dsc3
2051,Dsc2
2052,Dsc1
2053,Dsg1a
2054,Dsg1b
2055,Dsg4
2056,Dsg3
2057,Dsg2
2058,Ttr
2059,Mep1b
2060,Klhl14
2061,Asxl3
2062,Nol4
2063,Dtna
2064,4930474G06Rik
2065,Rit2
2066,Syt4
2067,Lims2
2068,Gpr17
2069,Myo7b
2070,Proc
2071,Gfra3
2072,2010001M09Rik
2073,Psd2
2074,4930471G03Rik
2075,Slc4a9
2076,E230025N22Rik
2077,Pcdha1
2078,Pcdha2
2079,Pcdha3
2080,Pcdha4
2081,Pcdha5
2082,Pcdha6
2083,Pcdha8
2084,Pcdha9
2085,Pcdha10
2086,Pcdha11
2087,Pcdha12
2088,Pcdhac1
2089,Pcdhac2
2090,Pcdhb2
2091,Pcdhb6
2092,Pcdhb8
2093,Pcdhb15
2094,Pcdhb18
2095,Pcdhgb1
2096,Pcdhgc5
2097,Pcdh12
2098,2900055J20Rik
2099,Kctd16
2100,Sh3rf2
2101,Ppp2r2b
2102,Stk32a
2103,Jakmip2
2104,Spink3
2105,Scgb3a2
2106,Gm94
2107,Spink5
2108,Spink6
2109,Myot
2110,Kcnn2
2111,A330093E20Rik
2112,Ticam2
2113,4833403I15Rik
2114,9130209A04Rik
2115,G630055G22Rik
2116,Zfp474
2117,Prdm6
2118,9330117O12
2119,Megf10
2120,Ctxn3
2121,1700011I03Rik
2122,2210409D07Rik
2123,Adamts19
2124,A730017C20Rik
2125,Cd74
2126,Arsi
2127,Camk2a
2128,Slc6a7
2129,Cdx1
2130,Csf1r
2131,Mir145
2132,Il17b
2133,Htr4
2134,2700046A07Rik
2135,Apcdd1
2136,St8sia3
2137,Onecut2
2138,5330437I02Rik
2139,Grp
2140,Gm9926
2141,Mc4r
2142,Cidea
2143,Slmo1
2144,Mc5r
2145,2310002L13Rik
2146,Dcc
2147,Mro
2148,1700120E14Rik
2149,2010010A06Rik
2150,Katnal2
2151,St8sia5
2152,Siglec15
2153,Slc14a2
2154,Sall3
2155,Galr1
2156,Cndp1
2157,Fam69c
2158,Neto1
2159,Cbln2
2160,Cd226
2161,Dok6
2162,Gal
2163,1700055N04Rik
2164,Aldh3b2
2165,Doc2g
2166,Cabp2
2167,Gpr152
2168,Ptprcap
2169,Tbc1d10c
2170,A930001C03Rik
2171,2010003K11Rik
2172,Ccdc87
2173,Npas4
2174,Cd248
2175,Tmem151a
2176,Fosl1
2177,1700020D05Rik
2178,Ovol1
2179,Kcnk7
2180,Slc22a20
2181,Naaladl1
2182,Gpha2
2183,Slc22a12
2184,Kcnk4
2185,Lgals12
2186,Hrasls5
2187,Slc22a19
2188,Slc22a26
2189,Slc22a27
2190,Slc22a28
2191,Slc22a29
2192,Slc22a30
2193,Slc22a8
2194,Slc22a6
2195,9830166K06Rik
2196,Chrm1
2197,Lrrn4cl
2198,Scgb1a1
2199,Rab3il1
2200,Gm98
2201,Lrrc10b
2202,Cd5
2203,A430093F15Rik
2204,Cd6
2205,Zp1
2206,Ms4a10
2207,Ms4a18
2208,Ms4a8a
2209,Ms4a1
2210,Ms4a4c
2211,Ms4a4b
2212,Ms4a6c
2213,Gm8369
2214,Ms4a6b
2215,Ms4a4d
2216,Ms4a6d
2217,Ms4a2
2218,Ms4a3
2219,Oosp1
2220,Mpeg1
2221,Gm4952
2222,Glyat
2223,Keg1
2224,Trpm6
2225,Rorb
2226,1500015L24Rik
2227,Aldh1a7
2228,Tmc1
2229,Trpm3
2230,Mamdc2
2231,1700028P14Rik
2232,E030010A14Rik
2233,Foxd4
2234,Dmrt3
2235,Kcnv2
2236,Slc1a1
2237,Rln1
2238,Pdcd1lg2
2239,Mbl2
2240,A1cf
2241,Lipf
2242,Lipk
2243,Lipm
2244,Ankrd22
2245,Slc16a12
2246,Htr7
2247,Ankrd1
2248,1500017E21Rik
2249,4931408D14Rik
2250,Cyp26a1
2251,O3far1
2252,Rbp4
2253,Pde6c
2254,Lgi1
2255,Cyp2c55
2256,Cyp2c65
2257,Cyp2c66
2258,Cyp2c29
2259,Cyp2c38
2260,Cyp2c39
2261,Cyp2c67
2262,Cyp2c68
2263,Cyp2c40
2264,Cyp2c69
2265,Cyp2c37
2266,Cyp2c54
2267,Cyp2c50
2268,Cyp2c70
2269,Dntt
2270,Opalin
2271,Tll2
2272,Pik3ap1
2273,Gm19424
2274,4933411K16Rik
2275,Sfrp5
2276,Golga7b
2277,Crtac1
2278,Hpse2
2279,Cnnm1
2280,Nkx2-3
2281,Abcc2
2282,Gm10768
2283,Cpn1
2284,Cyp2c44
2285,Pkd2l1
2286,Scd3
2287,Wnt8b
2288,Sema4g
2289,Pdzd7
2290,Tlx1
2291,Lbx1
2292,Kcnip2
2293,Elovl3
2294,Pitx3
2295,Cyp17a1
2296,Ina
2297,Calhm1
2298,Neurl1a
2299,Col17a1
2300,Ccdc147
2301,Sorcs3
2302,Sorcs1
2303,Ins1
2304,AA387883
2305,Adra2a
2306,Tectb
2307,Habp2
2308,Nrap
2309,9930023K05Rik
2310,Tdrd1
2311,Vwa2
2312,Gm10007
2313,Pnlip
2314,1810018F18Rik
2315,Pnliprp1
2316,Pnliprp2
2317,Emx2os
2318,Emx2
2319,1700080N15Rik
2320,Ucma
2321,A230108P19Rik
2322,5031426D15Rik
2323,Gata3
2324,4930412O13Rik
2325,9230102O04Rik
2326,Itih2
2327,8030442B05Rik
2328,Gm13293
2329,Il2ra
2330,E030013I19Rik
2331,Cubn
2332,Fam23a
2333,Slc39a12
2334,Gm13315
2335,Ptf1a
2336,Gpr158
2337,Myo3a
2338,Gad2
2339,Il1f9
2340,Il1f6
2341,Il1f5
2342,Il1rn
2343,Pax8
2344,Cacna1b
2345,Entpd8
2346,Noxa1
2347,Fam166a
2348,Slc34a3
2349,Gm757
2350,2310002J15Rik
2351,Lrrc26
2352,Grin1
2353,E130003G02Rik
2354,2010317E24Rik
2355,Ptgds
2356,C8g
2357,Gm996
2358,Fcna
2359,Lcn8
2360,Lcn14
2361,Lcn11
2362,Sohlh1
2363,Kcnt1
2364,Lhx3
2365,4932418E24Rik
2366,Card9
2367,Mir126
2368,Lcn4
2369,Abo
2370,Adamts13
2371,Tmem8c
2372,Adamtsl2
2373,Fam163b
2374,Dbh
2375,Col5a1
2376,Fcnb
2377,Ppp1r26
2378,1700007K13Rik
2379,Gbgt1
2380,Cel
2381,Gfi1b
2382,Mir219-2
2383,Prrx2
2384,Ass1
2385,Fibcd1
2386,Aif1l
2387,Lcn2
2388,Pip5kl1
2389,Lmx1b
2390,C130021I20Rik
2391,Nron
2392,D730039F16Rik
2393,Hc
2394,AI182371
2395,Gm13446
2396,Lhx2
2397,Olfml2a
2398,Lrp1b
2399,Kynu
2400,Kif5c
2401,Lypd6b
2402,Lypd6
2403,Tnfaip6
2404,Rprm
2405,Galnt13
2406,Kcnj3
2407,BB557941
2408,Galnt5
2409,Ermn
2410,Acvr1c
2411,Upp2
2412,Dapl1
2413,Itgb6
2414,Gm13582
2415,Tbr1
2416,Slc4a10
2417,Gcg
2418,Fap
2419,Kcnh7
2420,Slc38a11
2421,Scn3a
2422,Scn2a1
2423,Csrnp3
2424,Scn1a
2425,Gm13629
2426,Scn9a
2427,Scn7a
2428,Xirp2
2429,B3galt1
2430,G6pc2
2431,Abcb11
2432,Dhrs9
2433,Lrp2
2434,Myo3b
2435,Sp5
2436,Gad1
2437,Dlx1
2438,Dlx1as
2439,Dlx2
2440,Gm1631
2441,Chrna1
2442,Chn1
2443,Hoxd13
2444,Hoxd12
2445,Hoxd10
2446,Hoxd9
2447,Hoxd8
2448,1700109F18Rik
2449,Hoxd3
2450,Hoxd4
2451,Ttc30a2
2452,Pde11a
2453,Dfnb59
2454,Ttn
2455,Cerkl
2456,Neurod1
2457,Frzb
2458,Zfp804a
2459,Fam171b
2460,Gm13710
2461,Ypel4
2462,Mir130a
2463,Serping1
2464,Smtnl1
2465,Rtn4rl2
2466,Prg2
2467,Prg3
2468,Aplnr
2469,Lrrc55
2470,4833423E24Rik
2471,Olfr1030
2472,Olfr1033
2473,Olfr1034
2474,Agbl2
2475,Rapsn
2476,Sfpi1
2477,Mybpc3
2478,F2
2479,Chrm4
2480,Gyltl1b
2481,Syt13
2482,Gm10804
2483,Alx4
2484,Accsl
2485,Mir670
2486,Lrrc4c
2487,Rag2
2488,Rag1
2489,Pamr1
2490,Slc1a2
2491,Ehf
2492,A930006I01Rik
2493,D430041D05Rik
2494,AI314831
2495,Wt1
2496,0610012H03Rik
2497,Pax6os1
2498,Pax6
2499,Kcna4
2500,Gm13939
2501,1700024P03Rik
2502,Bbox1
2503,Fibin
2504,Slc5a12
2505,Ano3
2506,Muc15
2507,4930533B01Rik
2508,Grem1
2509,Scg5
2510,Gjd2
2511,A530058N18Rik
2512,Actc1
2513,C130080G10Rik
2514,3110099E03Rik
2515,2810405F15Rik
2516,Tmco5
2517,Gm1337
2518,Plcb2
2519,Phgr1
2520,Disp2
2521,Gchfr
2522,Ppp1r14d
2523,Spint1
2524,Rhov
2525,Itpka
2526,Ltk
2527,Tyro3
2528,Pla2g4e
2529,Pla2g4f
2530,4931402G19Rik
2531,Capn3
2532,Tgm5
2533,Mtap1a
2534,Ckmt1
2535,Strc
2536,Frmd5
2537,Mageb3
2538,Patl2
2539,Duox2
2540,Duoxa2
2541,Duoxa1
2542,Duox1
2543,Gm14085
2544,Ctxn2
2545,Slc12a1
2546,Fbn1
2547,Fgf7
2548,Atp8b4
2549,Slc27a2
2550,Astl
2551,Adra2b
2552,Prom2
2553,Mal
2554,Mertk
2555,AI847159
2556,Il1a
2557,F830045P16Rik
2558,Pdyn
2559,Tgm3
2560,Cpxm1
2561,Gfra4
2562,Adam33
2563,Siglec1
2564,Adra1d
2565,5330413P13Rik
2566,Prokr2
2567,1700026D11Rik
2568,Chgb
2569,Lrrn4
2570,Fermt1
2571,Hao1
2572,4930545L23Rik
2573,6330527O06Rik
2574,Pak7
2575,Ankrd5
2576,Snap25
2577,Sptlc3
2578,Flrt3
2579,Otor
2580,C630020P19Rik
2581,Pcsk2
2582,9430032N09Rik
2583,Gm5535
2584,Ovol2
2585,Gm14092
2586,4930529M08Rik
2587,Insm1
2588,Nkx2-2
2589,Nkx2-2as
2590,Pax1
2591,Foxa2
2592,Cst9
2593,9230104L09Rik
2594,Cst10
2595,Tmem90b
2596,Cst7
2597,Snph
2598,Rspo4
2599,Angpt4
2600,Scrt2
2601,Tcf15
2602,Nrsn2
2603,6820408C15Rik
2604,Defb29
2605,Defb45
2606,Defb25
2607,Rem1
2608,Mylk2
2609,Foxs1
2610,Dusp15
2611,Xkr7
2612,BC020535
2613,Hck
2614,Bpifb3
2615,Bpifa1
2616,Bpifb1
2617,Bpifb5
2618,Ggt7
2619,4930471I20Rik
2620,Myh7b
2621,Mmp24
2622,Fam83c
2623,Gdf5
2624,Fer1l4
2625,Sla2
2626,Gm1332
2627,Vstm2l
2628,D630003M21Rik
2629,Snhg11
2630,Arhgap40
2631,Gm14204
2632,Slc32a1
2633,Emilin3
2634,Ptprt
2635,9430021M05Rik
2636,Sgk2
2637,Gdap1l1
2638,R3hdml
2639,0610008F07Rik
2640,Hnf4a
2641,Wisp2
2642,Rims4
2643,Wfdc5
2644,Wfdc12
2645,Wfdc15b
2646,Rbpjl
2647,Wfdc2
2648,Spint3
2649,Wfdc6a
2650,Wfdc8
2651,Wfdc13
2652,Wfdc3
2653,Tnnc2
2654,Mmp9
2655,Cdh22
2656,Ocstamp
2657,Slc13a3
2658,Ptgis
2659,E130018N17Rik
2660,Sall4
2661,A630075F10Rik
2662,Bcas1
2663,1700040N02Rik
2664,Cyp24a1
2665,Dok5
2666,Cbln4
2667,Cass4
2668,Tfap2c
2669,Spo11
2670,Ctcfl
2671,1300015D01Rik
2672,Pck1
2673,Nespas
2674,Tubb1
2675,Zfp831
2676,Edn3
2677,Phactr3
2678,Cdh26
2679,Hrh3
2680,BC066135
2681,Gata5
2682,Gm14318
2683,Gm6307
2684,Slco4a1
2685,Col9a3
2686,Tcfl5
2687,Birc7
2688,Nkain4
2689,Chrna4
2690,Kcnq2
2691,Eef1a2
2692,Ptk6
2693,BC051628
2694,Stmn3
2695,Sox18
2696,Oprl1
2697,Myt1
2698,Hnf4g
2699,1110015O18Rik
2700,2700069I18Rik
2701,Zfhx4
2702,Pmp2
2703,Fabp4
2704,Fabp12
2705,Slc10a5
2706,Chmp4c
2707,Ralyl
2708,Gm6300
2709,Car1
2710,Car3
2711,Car2
2712,A930001A20Rik
2713,Gm9733
2714,Sirpb1a
2715,Sirpb1b
2716,LOC100038947
2717,Gm5150
2718,2610100L16Rik
2719,Bhlhe22
2720,Cyp7b1
2721,Trim55
2722,Cpa3
2723,Cpb1
2724,Agtr1b
2725,Nlgn1
2726,Ghsr
2727,Slc2a2
2728,Arpm1
2729,Cldn11
2730,Slc7a14
2731,Kcnmb2
2732,Usp13
2733,Pex5l
2734,4930419G24Rik
2735,Sox2ot
2736,Sox2
2737,Gm11549
2738,Trpc3
2739,C430002E04Rik
2740,2610316D01Rik
2741,Pcdh10
2742,Pabpc4l
2743,Pcdh18
2744,Gm2447
2745,Stoml3
2746,Frem2
2747,Trpc4
2748,Postn
2749,6030405A18Rik
2750,Ccna1
2751,Mab21l1
2752,Tm4sf4
2753,Gm410
2754,Gm8234
2755,Clrn1
2756,Med12l
2757,Gpr171
2758,Gpr87
2759,P2ry13
2760,P2ry12
2761,C130079G13Rik
2762,Aadacl2
2763,Aadac
2764,Sucnr1
2765,Gpr149
2766,Plch1
2767,Vmn2r1
2768,Veph1
2769,Ptx3
2770,Shox2
2771,Schip1
2772,Il12a
2773,Arl14
2774,1110032A04Rik
2775,Gm6634
2776,Sis
2777,Slitrk3
2778,LOC626082
2779,Bche
2780,Zbbx
2781,Serpini2
2782,Fstl5
2783,Rxfp1
2784,Tmem144
2785,Fam198b
2786,Gria2
2787,Glrb
2788,Tdo2
2789,Accn5
2790,Gucy1a3
2791,Npy2r
2792,Fgg
2793,Fga
2794,Fgb
2795,Sfrp2
2796,Prss48
2797,Cd1d2
2798,Fcrls
2799,Cd5l
2800,Fcrl1
2801,Fcrl5
2802,Ntrk1
2803,Insrr
2804,Sh2d2a
2805,Crabp2
2806,Bcan
2807,Hapln2
2808,Rhbg
2809,Bglap-rs1
2810,Bglap2
2811,Bglap
2812,Rab25
2813,Rxfp4
2814,Pklr
2815,Hcn3
2816,Efna3
2817,Kcnn3
2818,Chrnb2
2819,Creb3l4
2820,S100a14
2821,S100a7a
2822,S100a8
2823,S100a9
2824,Pglyrp4
2825,Pglyrp3
2826,Prr9
2827,Sprr2b
2828,Sprr2f
2829,Sprr2g
2830,Sprr2h
2831,Sprr2i
2832,Sprr2j-ps
2833,Sprr2k
2834,Sprr1b
2835,Sprr3
2836,Sprr1a
2837,Sprr4
2838,Ivl
2839,Lce6a
2840,Kprp
2841,2310050C09Rik
2842,Lce3c
2843,Crct1
2844,Crnn
2845,Rptn
2846,Tchhl1
2847,Them5
2848,Lingo4
2849,BC021767
2850,Selenbp2
2851,Cgn
2852,Tnfaip8l2
2853,Bnipl
2854,Ctss
2855,Car14
2856,Sv2a
2857,Fcgr1
2858,BC107364
2859,Hfe2
2860,Ankrd34a
2861,Gja5
2862,Gm5544
2863,Adam30
2864,Reg4
2865,Hmgcs2
2866,Hsd3b4
2867,Hsd3b5
2868,Hsd3b2
2869,Hsd3b3
2870,Hsd3b6
2871,Hsd3b1
2872,Hao2
2873,Tbx15
2874,Vtcn1
2875,Cd2
2876,Mab21l3
2877,Nhlh2
2878,Casq2
2879,A230001M10Rik
2880,Tshb
2881,Nr1h5
2882,Syt6
2883,Olfml3
2884,Kcnd3
2885,Adora3
2886,I830077J02Rik
2887,Chia
2888,Chi3l3
2889,Chi3l4
2890,BC051070
2891,Cd53
2892,Kcna3
2893,Cym
2894,Kcnc4
2895,Slc6a17
2896,Alx3
2897,Eps8l3
2898,Gstm3
2899,Gnat2
2900,Gpr61
2901,Mybphl
2902,Gm12522
2903,5330417C22Rik
2904,Aknad1
2905,Amy2b
2906,Amy1
2907,Col11a1
2908,Olfm3
2909,Gpr88
2910,4930455H04Rik
2911,1700061I17Rik
2912,4833424O15Rik
2913,Dpyd
2914,4930447N08Rik
2915,Fabp2
2916,Myoz2
2917,Ndst3
2918,Tram1l1
2919,Ndst4
2920,Ugt8a
2921,Arsj
2922,Ank2
2923,Pitx2
2924,Egf
2925,6330410L21Rik
2926,Lrit3
2927,Rrh
2928,Cfi
2929,Agxt2l1
2930,Dkk2
2931,Arhgef38
2932,Cxxc4
2933,Tacr3
2934,4933401H06Rik
2935,Bank1
2936,Emcn
2937,Gm5105
2938,0610031O16Rik
2939,Adh7
2940,Adh1
2941,Adh6a
2942,Adh6-ps1
2943,Adh4
2944,B930007M17Rik
2945,Bmpr1b
2946,Gbp1
2947,Clca2
2948,Clca4
2949,AI747448
2950,Clca6
2951,Clca3
2952,Clca5
2953,Col24a1
2954,Ddah1
2955,Wdr63
2956,Mcoln3
2957,Dnase2b
2958,Uox
2959,Gm1653
2960,Eltd1
2961,Gipc2
2962,AI115009
2963,St6galnac5
2964,Slc44a5
2965,Lhx8
2966,AI606473
2967,4922501L14Rik
2968,Tnni3k
2969,4930570G19Rik
2970,Negr1
2971,Cth
2972,Lrrc7
2973,Rpe65
2974,Sdr16c5
2975,Sdr16c6
2976,Cyp7a1
2977,8430436N08Rik
2978,Clvs1
2979,Gdf6
2980,Esrp1
2981,Cdh17
2982,Slc26a7
2983,Necab1
2984,Calb1
2985,Mmp16
2986,Slc7a13
2987,Ttpa
2988,Nkain3
2989,Pou3f2
2990,Klhl32
2991,Fhl5
2992,Fut9
2993,Gabrr1
2994,Cnr1
2995,1700003M02Rik
2996,Ifnk
2997,Lingo2
2998,Tmem215
2999,4933428C19Rik
3000,Spink4
3001,Aqp7
3002,Aqp3
3003,Ccl19
3004,BC049635
3005,1700022I11Rik
3006,Sit1
3007,Car9
3008,Msmp
3009,Spag8
3010,4930412F15Rik
3011,Hrct1
3012,5430416O09Rik
3013,Ccin
3014,Pax5
3015,Frmpd1
3016,2900093L17Rik
3017,Gm12409
3018,Igfbpl1
3019,1300002K09Rik
3020,Tmod1
3021,Foxe1
3022,Hemgn
3023,Gabbr2
3024,Nr4a3
3025,Tmeff1
3026,E130309F12Rik
3027,Acnat2
3028,Acnat1
3029,Baat
3030,Aldob
3031,Grin3a
3032,Ppp3r2
3033,Tal2
3034,Gm12505
3035,Actl7a
3036,6430704M03Rik
3037,Gm12530
3038,Palm2
3039,D630039A03Rik
3040,Txndc8
3041,Svep1
3042,Musk
3043,Zkscan16
3044,Mup7
3045,Mup15
3046,Mup2
3047,Mup8
3048,Mup9
3049,Mup1
3050,Mup11
3051,Gm2083
3052,Mup12
3053,Mup14
3054,Mup16
3055,Mup17
3056,Mup19
3057,Mup20
3058,Mup3
3059,Mup21
3060,Rnf183
3061,Ambp
3062,Kif12
3063,Orm1
3064,Orm2
3065,Tnfsf15
3066,Dbc1
3067,Rasef
3068,Gm11240
3069,2310002L09Rik
3070,Frmd3
3071,Gm5860
3072,Cer1
3073,Frem1
3074,Bnc2
3075,Sh3gl2
3076,Fam154a
3077,Slc24a2
3078,Ifne
3079,Mir31
3080,Dmrta1
3081,Elavl2
3082,Lrrc19
3083,Tek
3084,Cyp2j13
3085,Cyp2j12
3086,Cyp2j11
3087,Cyp2j8
3088,Cyp2j5
3089,Gm12695
3090,E130114P18Rik
3091,L1td1
3092,A730085A09Rik
3093,Angptl3
3094,Ror1
3095,Ube2u
3096,Dnajc6
3097,Gm12709
3098,Tctex1d1
3099,BB031773
3100,Insl5
3101,Dab1
3102,C8b
3103,C8a
3104,1700024P16Rik
3105,Pcsk9
3106,Bsnd
3107,BC055111
3108,Ttc22
3109,Fam151a
3110,Dio1
3111,Glis1
3112,Dmrtb1
3113,Slc1a7
3114,Podn
3115,Zyg11a
3116,Ttc39a
3117,Elavl4
3118,Agbl4
3119,Slc5a9
3120,Skint8
3121,Skint7
3122,Skint1
3123,Skint4
3124,Skint3
3125,Skint9
3126,Skint2
3127,Skint10
3128,Skint6
3129,Skint5
3130,Skint11
3131,Gm12830
3132,Pdzk1ip1
3133,Cyp4x1
3134,Cyp4a12a
3135,Cyp4a12b
3136,Cyp4a14
3137,Cyp4a10
3138,Cyp4a31
3139,Gm12839
3140,Cyp4a32
3141,4930544O15Rik
3142,Kncn
3143,Tspan1
3144,Zswim5
3145,Gm1661
3146,Klf17
3147,Ccdc24
3148,Mpl
3149,Tie1
3150,2610528J11Rik
3151,Tmem125
3152,Wdr65
3153,Lao1
3154,4930538K18Rik
3155,Cldn19
3156,Rimkla
3157,Guca2a
3158,Guca2b
3159,Edn2
3160,Gm8439
3161,Kcnq4
3162,Rims3
3163,Col9a2
3164,Gm12888
3165,Gm12887
3166,9530002B09Rik
3167,Mfsd2a
3168,Bmp8b
3169,Oxct2b
3170,Hpcal4
3171,Nt5c1a
3172,Heyl
3173,Bmp8a
3174,Rhbdl2
3175,Maneal
3176,Epha10
3177,Grik3
3178,2610028E06Rik
3179,Csf3r
3180,Col8a2
3181,Tekt2
3182,Tfap2e
3183,Dlgap3
3184,Gjb3
3185,Gjb4
3186,Gjb5
3187,Tlr12
3188,Tmem54
3189,Hpca
3190,Zbtb8b
3191,Tssk3
3192,Lck
3193,Fam167b
3194,1700003M07Rik
3195,Hcrtr1
3196,Serinc2
3197,Nkain1
3198,Laptm5
3199,Matn1
3200,Tmem200b
3201,Oprd1
3202,Rps15a-ps4
3203,Ptafr
3204,BC013712
3205,Cd164l2
3206,Fam46b
3207,1810019J16Rik
3208,Nr0b2
3209,Sfn
3210,Lin28a
3211,Aim1l
3212,Cd52
3213,Catsper4
3214,Cnksr1
3215,Slc30a2
3216,Rhd
3217,4930555I21Rik
3218,Grhl3
3219,Il22ra1
3220,Myom3
3221,Cnr2
3222,Htr1d
3223,C1qb
3224,C1qc
3225,C1qa
3226,Epha8
3227,Gm13003
3228,Gm13011
3229,Cela3b
3230,Ldlrad2
3231,Fam43b
3232,Vwa5b1
3233,Ubxn10
3234,Pla2g2c
3235,Pla2g2f
3236,Pla2g5
3237,Pla2g2a
3238,Rnf186
3239,Tas1r2
3240,Pax7
3241,Klhdc7a
3242,Igsf21
3243,Padi3
3244,Gm13031
3245,Fam131c
3246,Clcnka
3247,Clcnkb
3248,Hspb7
3249,Gm694
3250,Agmat
3251,Cela2a
3252,Ctrc
3253,Fhad1
3254,Pdpn
3255,Lrrc38
3256,Gm13102
3257,Pramef12
3258,Gm436
3259,Gm13178
3260,Gm13034
3261,Gm13051
3262,Zfp600
3263,Rex2
3264,Gm13154
3265,2610305D13Rik
3266,Nppb
3267,Nppa
3268,2610109H07Rik
3269,Ptchd2
3270,Masp2
3271,Gm572
3272,Slc2a5
3273,Slc2a7
3274,Slc45a1
3275,1700045H11Rik
3276,Tas1r1
3277,Hes2
3278,Hes3
3279,Ajap1
3280,Ccdc27
3281,Trp73
3282,Megf6
3283,Arhgef16
3284,5930403L14Rik
3285,Ttc34
3286,Mmel1
3287,Hes5
3288,Plch2
3289,Tmem52
3290,Tmem88b
3291,Tnfrsf4
3292,Ttll10
3293,Mir429
3294,9930005F22Rik
3295,Gm8773
3296,Zfp804b
3297,4921511H03Rik
3298,Abcb4
3299,9330182L06Rik
3300,Grm3
3301,Sema3a
3302,Sema3e
3303,Pclo
3304,Gm9758
3305,Speer4e
3306,Speer8-ps1
3307,Gm17019
3308,Mir5109
3309,Cd36
3310,Gnat3
3311,Lrrc17
3312,Gm15421
3313,A930003O13Rik
3314,Lhfpl3
3315,Asb10
3316,4931409K22Rik
3317,Cct8l1
3318,Speer4a
3319,Gm10471
3320,5031410I06Rik
3321,Gm10220
3322,Dpp6
3323,Speer4b
3324,Htr5a
3325,En2
3326,Cnpy1
3327,Shh
3328,9530036O11Rik
3329,Rnf32
3330,Mnx1
3331,Il6
3332,Gm4961
3333,3110082J24Rik
3334,Fam59b
3335,Gpr113
3336,Ccdc164
3337,Otof
3338,1700001C02Rik
3339,Gm9899
3340,Dpysl5
3341,Tcf23
3342,Slc30a3
3343,Trim54
3344,Gckr
3345,Slc5a1
3346,Zfyve28
3347,Hgfac
3348,Dok7
3349,Cpz
3350,Htra3
3351,Psapl1
3352,Ppp2r2c
3353,4933401P06Rik
3354,Jakmip1
3355,Crmp1
3356,Stk32b
3357,Cytl1
3358,Drd5
3359,Clnk
3360,Nkx3-2
3361,C1qtnf7
3362,Fgfbp1
3363,Prom1
3364,Sod3
3365,Lgi2
3366,8030423F21Rik
3367,5033403H07Rik
3368,Slc34a2
3369,Sel1l3
3370,Cckar
3371,Gm17384
3372,3110047P20Rik
3373,0610040J01Rik
3374,1700027F09Rik
3375,C030018K13Rik
3376,Gm3716
3377,Tlr1
3378,Tlr6
3379,Klb
3380,Rhoh
3381,Chrna9
3382,9130230L23Rik
3383,Shisa3
3384,Kctd8
3385,Yipf7
3386,Gabrg1
3387,Gabra2
3388,Cox7b2
3389,Gabra4
3390,Gabrb1
3391,Gm5868
3392,Cnga1
3393,Txk
3394,Slc10a4
3395,Cwh43
3396,Lrrc66
3397,Gsx2
3398,Pdgfra
3399,Kdr
3400,Nmu
3401,1700023E05Rik
3402,Spink2
3403,Lphn3
3404,Tecrl
3405,Epha5
3406,Gnrhr
3407,Tmprss11d
3408,Tmprss11a
3409,Tmprss11g
3410,Tmprss11f
3411,Tmprss11bnl
3412,Tmprss11e
3413,Ugt2b34
3414,Ugt2b1
3415,Ugt2b35
3416,Ugt2b36
3417,Ugt2b5
3418,Ugt2b37
3419,Ugt2a3
3420,Ugt2b38
3421,Sult1b1
3422,Sult1d1
3423,Sult1e1
3424,Csn2
3425,Csn3
3426,Igj
3427,Slc4a4
3428,Gc
3429,Npffr2
3430,Alb
3431,Afp
3432,Afm
3433,5830473C10Rik
3434,Rassf6
3435,Cxcl5
3436,Ppbp
3437,Cxcl3
3438,Cxcl15
3439,Cxcl1
3440,Epgn
3441,Ereg
3442,Areg
3443,Gm19619
3444,Gm1045
3445,Cxcl9
3446,Sowahb
3447,Cxcl13
3448,Mir703
3449,Bmp3
3450,Prkg2
3451,A930011G23Rik
3452,Nkx6-1
3453,Mapk10
3454,Slc10a6
3455,1700016H13Rik
3456,Hsd17b13
3457,Sparcl1
3458,Dmp1
3459,Ibsp
3460,Spp1
3461,Abcg3
3462,Gbp8
3463,Hfm1
3464,4930428O21Rik
3465,Gfi1
3466,Cplx1
3467,Slc26a1
3468,Tmed11
3469,P2rx2
3470,Galnt9
3471,C130026L21Rik
3472,E130006D01Rik
3473,Cryba4
3474,Crybb1
3475,Gm6583
3476,Asphd2
3477,Sez6l
3478,Gm6588
3479,Myo18b
3480,Sgsm1
3481,Cmklr1
3482,Tmem119
3483,Selplg
3484,Dao
3485,Svop
3486,4930519G04Rik
3487,Hnf1a
3488,Msi1
3489,Pla2g1b
3490,Ccdc60
3491,2410137F16Rik
3492,Srrm4
3493,Ksr2
3494,Nos1
3495,Hrk
3496,G630008E18
3497,LOC433944
3498,Tbx5
3499,Sds
3500,Ccdc42b
3501,Rasal1
3502,Oas1e
3503,Oas1f
3504,Oas1d
3505,Rph3a
3506,Adam1b
3507,Myl2
3508,Hpd
3509,Lrrc43
3510,Gpr81
3511,Tmem132b
3512,Tmem132d
3513,Rimbp2
3514,Caln1
3515,Wbscr17
3516,4930563F08Rik
3517,Ncf1
3518,Eln
3519,Cldn13
3520,Cldn4
3521,Cldn3
3522,Wbscr25
3523,Mlxipl
3524,Fkbp6
3525,Trim50
3526,Ccl24
3527,Srrm3
3528,Upk3b
3529,2310043J07Rik
3530,Myl10
3531,Emid2
3532,Cldn15
3533,Ache
3534,Zan
3535,Actl6b
3536,Tfr2
3537,Pcolce
3538,Lrch4
3539,Pilra
3540,Pilrb1
3541,Cyp3a13
3542,Gjc3
3543,Azgp1
3544,BC055004
3545,Gal3st4
3546,Gm5294
3547,Prkar1b
3548,Cyp2w1
3549,C130050O18Rik
3550,Gpr30
3551,Uncx
3552,Tmem184a
3553,Grifin
3554,Amz1
3555,Card11
3556,Radil
3557,Mmd2
3558,Slc29a4
3559,Gm3925
3560,Grid2ip
3561,Bhlha15
3562,Tmem130
3563,Cyp3a57
3564,Cyp3a16
3565,Cyp3a41a
3566,Cyp3a44
3567,Cyp3a11
3568,Cyp3a25
3569,Cyp3a59
3570,Wasf3
3571,Gpr12
3572,Gsx1
3573,2210019I11Rik
3574,Pdx1
3575,Cdx2
3576,Prhoxnb
3577,Flt3
3578,D5Ertd605e
3579,Flt1
3580,Rxfp2
3581,Kl
3582,Hepacam2
3583,Calcr
3584,Tfpi2
3585,Col1a2
3586,Pon1
3587,Dync1i1
3588,Dlx6as1
3589,Dlx5
3590,Tac1
3591,Nxph1
3592,Thsd7a
3593,Vwde
3594,Gpr85
3595,Ppp1r3a
3596,Tfec
3597,Wnt2
3598,Asz1
3599,Cftr
3600,Cttnbp2
3601,Kcnd2
3602,Wnt16
3603,Ptprz1
3604,Aass
3605,Slc13a1
3606,Iqub
3607,Lmod2
3608,Hyal6
3609,Hyal5
3610,Tmem229a
3611,Gpr37
3612,Grm8
3613,Pax4
3614,Flnc
3615,1700025E21Rik
3616,Cpa2
3617,Cpa4
3618,Cpa1
3619,Klf14
3620,B230378P21Rik
3621,Lrguk
3622,Akr1b7
3623,2010107G12Rik
3624,Fam180a
3625,9330158H04Rik
3626,Chrm2
3627,Ptn
3628,Dgki
3629,Akr1d1
3630,Tmem213
3631,Clec2l
3632,Tbxas1
3633,1700025N23Rik
3634,Gm5567
3635,Wee2
3636,Clec5a
3637,Tas2r138
3638,2210010C04Rik
3639,Try4
3640,Try5
3641,Try10
3642,Prss3
3643,Gm5771
3644,Prss2
3645,Trpv6
3646,Kel
3647,Sval1
3648,Sval3
3649,Tmem139
3650,Fam131b
3651,Olfr457
3652,Olfr456
3653,Nobox
3654,Cntnap2
3655,Sspo
3656,Rarres2
3657,Gm5111
3658,Gimap7
3659,Gimap3
3660,Abp1
3661,1600015I10Rik
3662,Stk31
3663,Npy
3664,C530044C16Rik
3665,Hoxa1
3666,Hoxa2
3667,2700086A05Rik
3668,Hoxa6
3669,Mira
3670,Hoxa9
3671,Mir196b
3672,Hoxa10
3673,Hoxa11
3674,Hoxa11as
3675,Hoxa13
3676,Evx1
3677,Cpvl
3678,9130019P16Rik
3679,Scrn1
3680,Crhr2
3681,Inmt
3682,Aqp1
3683,6430584L05
3684,Adcyap1r1
3685,Neurod6
3686,Ccdc129
3687,Ppp1r17
3688,Pde1c
3689,Nap1l5
3690,A530053G22Rik
3691,Snca
3692,Mmrn1
3693,A730020E08Rik
3694,Fam190a
3695,Grid2
3696,Atoh1
3697,Hpgds
3698,Vmn1r32
3699,Tacstd2
3700,Fabp1
3701,Smyd1
3702,Cd8b1
3703,Cd8a
3704,9130221F21Rik
3705,4933431G14Rik
3706,Dnahc6
3707,Ctnna2
3708,Lrrtm1
3709,6330415B21Rik
3710,Reg3b
3711,Reg3d
3712,Reg3a
3713,Reg2
3714,Reg1
3715,Reg3g
3716,Gm20594
3717,Lrrtm4
3718,2310069B03Rik
3719,D6Mm5e
3720,Lbx2
3721,Actg2
3722,Clec4f
3723,Cd207
3724,Vax2
3725,Atp6v1b1
3726,Npm3-ps1
3727,Emx1
3728,Fbxo41
3729,Cml3
3730,Gm11128
3731,Cml5
3732,Nat8
3733,Cml2
3734,Add2
3735,Asprv1
3736,D6Ertd527e
3737,Gkn1
3738,Gkn3
3739,Bmp10
3740,Prokr1
3741,1810020O05Rik
3742,Ccdc48
3743,Gp9
3744,Kbtbd12
3745,Gm15612
3746,Gm1965
3747,Chst13
3748,Uroc1
3749,Aldh1l1
3750,Fbln2
3751,Wnt7a
3752,Fgd5
3753,Trh
3754,Fam19a1
3755,Fam19a4
3756,Gm765
3757,Prok2
3758,Gxylt2
3759,Cntn3
3760,Cntn6
3761,Cntn4
3762,Il5ra
3763,Lrrn1
3764,Grm7
3765,D630042P16Rik
3766,Cav3
3767,Oxtr
3768,Lhfpl4
3769,Cidec
3770,Il17re
3771,Ghrl
3772,Atp2b2
3773,Slc6a11
3774,Slc6a1
3775,Hrh1
3776,Syn2
3777,Timp4
3778,2510049J12Rik
3779,H1foo
3780,Alox5
3781,Tmem72
3782,4931430N09Rik
3783,Cacna2d4
3784,Lrtm2
3785,Ninj2
3786,B4galnt3
3787,Cecr6
3788,Slc25a18
3789,Slc6a12
3790,Iqsec3
3791,A2m
3792,Mug1
3793,Mug2
3794,Gm10319
3795,Mug-ps1
3796,Klrg1
3797,Rimklb
3798,Mfap5
3799,Gdf3
3800,C3ar1
3801,Clec4a3
3802,Clec4a4
3803,Clec4a2
3804,Clec4b2
3805,Clec4e
3806,C1s
3807,C1rb
3808,Gm5077
3809,Gnb3
3810,Gpr162
3811,Cd4
3812,Lpar5
3813,4930417O13Rik
3814,Kcna5
3815,Kcna1
3816,Kcna6
3817,Dyrk4
3818,Prmt8
3819,Tspan11
3820,4933413G19Rik
3821,Pzp
3822,BC048546
3823,Clec2h
3824,4930431A04Rik
3825,Klrb1c
3826,BC035044
3827,Clec2i
3828,Clec2g
3829,Clec2e
3830,Cd69
3831,4922502D21Rik
3832,Clec12a
3833,Clec12b
3834,Clec1b
3835,Clec9a
3836,Clec7a
3837,D630042F21Rik
3838,Klrd1
3839,Klrk1
3840,Klrc3
3841,Klrc2
3842,Klrc1
3843,Klri1
3844,Klri2
3845,Klra17
3846,Klra5
3847,Klra6
3848,Klra19
3849,Klra18
3850,Klra4
3851,Klra8
3852,Klra14
3853,Klra9
3854,Klra7
3855,Klra10
3856,Klra13-ps
3857,Klra23
3858,Klra3
3859,Klra1
3860,Klra2
3861,Styk1
3862,Kap
3863,Bcl2l14
3864,Gprc5d
3865,Gm19434
3866,Gsg1
3867,Pbp2
3868,Grin2b
3869,Gucy2c
3870,C030030A07Rik
3871,Mgp
3872,Ptpro
3873,Slc15a5
3874,Lmo3
3875,Rergl
3876,Pik3c2g
3877,Pde3a
3878,Gm10400
3879,Slco1c1
3880,Slco1b2
3881,Slco1a4
3882,Slco1a1
3883,Slco1a6
3884,Slco1a5
3885,Iapp
3886,Gys2
3887,Abcc9
3888,5330439B14Rik
3889,St8sia1
3890,Ifltd1
3891,4930479D17Rik
3892,Rep15
3893,Pthlh
3894,1700049E15Rik
3895,AU018091
3896,D7Ertd143e
3897,Nlrp12
3898,Cacng7
3899,Cacng8
3900,Tarm1
3901,Pira2
3902,Pira7
3903,Lilra6
3904,Lair1
3905,Ttyh1
3906,Lilra5
3907,Pira6
3908,Ncr1
3909,Gp6
3910,Tnni3
3911,Syt5
3912,Ptprh
3913,Tmem150b
3914,Shisa7
3915,Sbk2
3916,Gm1078
3917,Rasl2-9-ps
3918,Gm6792
3919,Zim1
3920,Peg3
3921,Usp29
3922,Slc27a5
3923,Sult2a5
3924,Sult2a2
3925,Sult2a1
3926,2810007J24Rik
3927,Sult2a7
3928,Crxos1
3929,Slc8a2
3930,Gpr77
3931,C5ar1
3932,Ceacam9
3933,Gng8
3934,Pnmal2
3935,Pnmal1
3936,Psg16
3937,Ceacam12
3938,Igfl3
3939,Mill1
3940,Psg18
3941,Psg28
3942,Psg26
3943,Psg22
3944,Psg17
3945,Nanos2
3946,Foxa3
3947,Gipr
3948,Ckm
3949,Nkpd1
3950,Apoc2
3951,Apoc4
3952,Apoc1
3953,Cblc
3954,Ceacam19
3955,2210010C17Rik
3956,Ceacam20
3957,Nlrp9b
3958,1700008P20Rik
3959,Lypd5
3960,Irgc1
3961,2310033E01Rik
3962,Lypd3
3963,Gm4598
3964,Cd177
3965,Ceacam10
3966,Cd79a
3967,Atp1a3
3968,D930028M14Rik
3969,Tmem145
3970,Cnfn
3971,Gm7092
3972,Cyp2b10
3973,Cyp2b13
3974,Cyp2b9
3975,Cyp2a4
3976,Cyp2b19
3977,Cyp2g1
3978,Cyp2a5
3979,Cyp2a22
3980,Cyp2a12
3981,Cyp2f2
3982,Mia1
3983,Ttc9b
3984,Fcgbp
3985,9530053A07Rik
3986,Dll3
3987,Sycn
3988,Nccrp1
3989,C330005M16Rik
3990,Lgals4
3991,Lgals7
3992,Dpf1
3993,Clip3
3994,AI428936
3995,Tyrobp
3996,Aplp1
3997,Kirrel2
3998,Nphs1
3999,Prodh2
4000,Upk1a
4001,2200002J24Rik
4002,Atp4a
4003,Dmkn
4004,Krtdap
4005,Ffar2
4006,Ffar3
4007,Ffar1
4008,Cd22
4009,Mag
4010,Hamp2
4011,Hamp
4012,Fam187b
4013,Fxyd1
4014,Fxyd3
4015,Hpn
4016,Gm5325
4017,Chst8
4018,Slc7a10
4019,Slc7a9
4020,Tdrd12
4021,Rgs9bp
4022,Zfp536
4023,A230077H06Rik
4024,Vstm2b
4025,Vmn2r57
4026,Siglec5
4027,Siglecg
4028,Nkg7
4029,Cd33
4030,Ceacam18
4031,Siglece
4032,Klk14
4033,Klk13
4034,Klk12
4035,Klk11
4036,Klk10
4037,Klk7
4038,Klk6
4039,Klk5
4040,Klk15
4041,Klk1b9
4042,Klk1b11
4043,Klk1b27
4044,Klk1b16
4045,Klk1b24
4046,Klk1b3
4047,Klk1b4
4048,Klk1b5
4049,Klk1
4050,Acpt
4051,Lrrc4b
4052,Aspdh
4053,Spib
4054,Napsa
4055,Myh14
4056,Slc17a7
4057,Cd37
4058,Hrc
4059,Lin7b
4060,Lhb
4061,0610005C13Rik
4062,Fgf21
4063,Fut1
4064,Izumo1
4065,Fut2
4066,Sec1
4067,Ntn5
4068,Fam83e
4069,Spaca4
4070,Kcnj14
4071,Abcc6
4072,Kcnj11
4073,Abcc8
4074,Ush1c
4075,Myod1
4076,Tph1
4077,Saa3
4078,Saa4
4079,Saa1
4080,Saa2
4081,Gm9999
4082,Mrgpra2a
4083,Mrgpra2b
4084,Mrgprb1
4085,Mrgprb2
4086,Mrgprb3
4087,Csrp3
4088,Dbx1
4089,Nell1
4090,Ano5
4091,Slc17a6
4092,Luzp2
4093,Siglech
4094,Gabrg3
4095,Gabra5
4096,Gabrb3
4097,Snrpn
4098,B230209E15Rik
4099,A230057D06Rik
4100,Mir344c
4101,A330076H08Rik
4102,Ndn
4103,Chrna7
4104,Otud7a
4105,Apba2
4106,Fam189a1
4107,1810008I18Rik
4108,Lass3
4109,Gm16157
4110,Fam169b
4111,A730056A06Rik
4112,St8sia2
4113,Sv2b
4114,Agbl1
4115,E430016F16Rik
4116,Mir7-2
4117,Acan
4118,Hapln3
4119,Rlbp1
4120,AI854517
4121,Rhcg
4122,Plin1
4123,Mesp1
4124,Mesp2
4125,LOC100859962
4126,Slc28a1
4127,Ap3b2
4128,Bnc1
4129,LOC434205
4130,Sh3gl3
4131,Adamtsl3
4132,4933406J10Rik
4133,1700026D08Rik
4134,9930013L23Rik
4135,Arnt2
4136,Gm2115
4137,Folh1
4138,Nox4
4139,Grm5
4140,Ccdc81
4141,E230029C05Rik
4142,Ccdc83
4143,Odz4
4144,Mir708
4145,Gm15412
4146,Gm15413
4147,Thrsp
4148,Omp
4149,B3gnt6
4150,Gucy2d
4151,Mogat2
4152,Slco2b1
4153,Xrra1
4154,Chrdl2
4155,Kcne3
4156,Plekhb1
4157,P2ry6
4158,Art2b
4159,Folr1
4160,Art1
4161,Chrna10
4162,Olfr544
4163,Olfr550
4164,Olfr558
4165,Olfr78
4166,Hbb-b2
4167,Hbb-b1
4168,4931431F19Rik
4169,E030002O03Rik
4170,Trim30e-ps1
4171,Olfr658
4172,Cnga4
4173,Cckbr
4174,Hpx
4175,Gm8979
4176,Gm8989
4177,Gm4759
4178,Syt9
4179,Olfml1
4180,Nlrp10
4181,Tub
4182,Stk33
4183,Trim66
4184,BC051019
4185,Scube2
4186,1600010M07Rik
4187,Dkk3
4188,Micalcl
4189,Rassf10
4190,Pth
4191,4933406I18Rik
4192,Calca
4193,Calcb
4194,Insc
4195,4930583K01Rik
4196,Tmc7
4197,Tmc5
4198,Gp2
4199,Umod
4200,Pdilt
4201,Acsm5
4202,Acsm2
4203,Acsm1
4204,Acsm3
4205,Anks4b
4206,Abca14
4207,E130201H02Rik
4208,Vwa3a
4209,Igsf6
4210,Otoa
4211,Hs3st2
4212,Scnn1g
4213,Scnn1b
4214,Ern2
4215,2010110P09Rik
4216,Cacng3
4217,Slc5a11
4218,Aqp8
4219,Zkscan2
4220,Hs3st4
4221,3100003L05Rik
4222,4933440M02Rik
4223,Il21r
4224,Gsg1l
4225,Lat
4226,Cd19
4227,Il27
4228,Coro1a
4229,Fam57b
4230,Asphd1
4231,Sez6l2
4232,Zg16
4233,AI467606
4234,Qprt
4235,Spn
4236,Ctf2
4237,Prss53
4238,Prss8
4239,Itgam
4240,Itgad
4241,Cox6a2
4242,Slc5a2
4243,Ppapdc1a
4244,Btbd16
4245,Dmbt1
4246,Cuzd1
4247,Hmx2
4248,Gpr26
4249,Fank1
4250,Adam12
4251,D7Ertd443e
4252,Clrn3
4253,Gm6249
4254,Ebf3
4255,Gm10578
4256,Jakmip3
4257,Dpysl4
4258,Nkx6-2
4259,E030019B06Rik
4260,Gpr123
4261,Kndc1
4262,Msx3
4263,Caly
4264,Prap1
4265,Sprn
4266,5830411N06Rik
4267,Cyp2e1
4268,Zfp941
4269,1190003J15Rik
4270,C330022C24Rik
4271,Cox8b
4272,BC024386
4273,Nlrp6
4274,Ifitm6
4275,B4galnt4
4276,Ano9
4277,1600016N20Rik
4278,Cdhr5
4279,Sct
4280,Drd4
4281,B230206H07Rik
4282,Cend1
4283,Muc5b
4284,Syt8
4285,Nctc1
4286,H19
4287,Igf2
4288,Ins2
4289,Th
4290,Ascl2
4291,Tspan32
4292,Trpm5
4293,Kcnq1
4294,4933417O13Rik
4295,Mrgprg
4296,Fgf3
4297,Fgf15
4298,1810010D01Rik
4299,Mrgprf
4300,A430078G23Rik
4301,C330021F23Rik
4302,Pcp2
4303,Retn
4304,1810033B17Rik
4305,Fcer2a
4306,Clec4g
4307,Cd209e
4308,Cd209b
4309,Cd209c
4310,Cd209f
4311,Cd209g
4312,Lrrc8e
4313,Slc10a2
4314,Fam155a
4315,Myo16
4316,9530052E02Rik
4317,Gm5607
4318,Sox1
4319,Spaca7
4320,F7
4321,F10
4322,Proz
4323,Adprhl1
4324,Fam70b
4325,Dlgap2
4326,Myom2
4327,Csmd1
4328,Defb37
4329,Defb14
4330,Defb4
4331,Defb6
4332,Defa24
4333,Defb1
4334,Atp7b
4335,Nek5
4336,Dkk4
4337,Nkx6-3
4338,Ido2
4339,Adam18
4340,Adam3
4341,Adam5
4342,5430421F17Rik
4343,Kcnu1
4344,2310008N11Rik
4345,Got1l1
4346,Adrb3
4347,Chrna6
4348,Unc5d
4349,Dusp26
4350,B930018H19
4351,Cldn23
4352,Sgcz
4353,Slc7a2
4354,Fgl1
4355,AY512931
4356,Mtnr1a
4357,Gm6329
4358,F11
4359,Klkb1
4360,D330022K07Rik
4361,Enpp6
4362,Asb5
4363,Spata4
4364,Wdr17
4365,Gpm6a
4366,Hand2
4367,Scrg1
4368,Galntl6
4369,Aadat
4370,Spock3
4371,Gm4975
4372,Tll1
4373,Cpe
4374,Trim75
4375,Gm10664
4376,BC030870
4377,March1
4378,Npy5r
4379,Nat1
4380,Tm6sf2
4381,Hapln4
4382,Ncan
4383,Tmem59l
4384,Crlf1
4385,Lrrc25
4386,Gm3336
4387,Il12rb1
4388,Ushbp1
4389,Nwd1
4390,Isx
4391,Rasd2
4392,Ttc29
4393,Hhip
4394,Gypa
4395,Ucp1
4396,Clgn
4397,Mir1199
4398,Rln3
4399,Rtbdn
4400,Best2
4401,Mylk3
4402,Abcc12
4403,Cbln1
4404,Sall1
4405,Irx5
4406,Irx6
4407,Lpcat2
4408,Capns2
4409,Slc6a2
4410,Ces1a
4411,Ces1b
4412,Ces1c
4413,Ces1e
4414,Ces1f
4415,Ces1g
4416,Ces5a
4417,Gnao1
4418,4930488L21Rik
4419,Mt4
4420,Slc12a3
4421,Pllp
4422,Ccl22
4423,Ccdc135
4424,Ccdc113
4425,Cdh8
4426,Cdh5
4427,Cdh16
4428,Ces2a
4429,Ces2b
4430,Ces2c
4431,Ces2e
4432,Ces2f
4433,Ces3a
4434,Ces3b
4435,Ces4a
4436,Hsd11b2
4437,Rltpr
4438,4933405L10Rik
4439,Ctrl
4440,Lcat
4441,Cdh3
4442,1110028F18Rik
4443,Cdh1
4444,Tmed6
4445,Hp
4446,Marveld3
4447,Tat
4448,Chst4
4449,Calb2
4450,Hydin
4451,Fa2h
4452,Ctrb1
4453,Chst5
4454,Cntnap4
4455,Adamts18
4456,Vat1l
4457,Clec3a
4458,Pkd1l2
4459,Bcmo1
4460,Hsd17b2
4461,Cdh13
4462,Necab2
4463,Slc38a8
4464,Lrrc50
4465,Kcng4
4466,Wfdc1
4467,Atp2c2
4468,Fam92b
4469,1110050K14Rik
4470,Foxf1a
4471,Foxl1
4472,Jph3
4473,BC048644
4474,Car5a
4475,Trhr2
4476,Il17c
4477,Snai3
4478,Cdh15
4479,Sult5a1
4480,Dpep1
4481,Spire2
4482,Acta1
4483,Pgbd5
4484,Agt
4485,Capn9
4486,Trim67
4487,Disc1
4488,Pcnxl2
4489,BC021891
4490,Slc35f3
4491,Gria4
4492,Ddi1
4493,Mmp13
4494,Mmp3
4495,Mmp10
4496,Mmp8
4497,Mmp27
4498,Mmp7
4499,Trpc6
4500,Gm16833
4501,Cntn5
4502,Piwil4
4503,1700012B09Rik
4504,Gpr83
4505,Folr4
4506,Hephl1
4507,2200002K05Rik
4508,Ccdc67
4509,Fat3
4510,Naalad2
4511,Col5a3
4512,S1pr5
4513,Ap1m2
4514,Gm6484
4515,Elavl3
4516,Zfp872
4517,1810064F22Rik
4518,Gm6607
4519,Tbx20
4520,B3gat1
4521,Glb1l2
4522,Glb1l3
4523,Gm1110
4524,Igsf9b
4525,AI414108
4526,Opcml
4527,Ntm
4528,Adamts8
4529,Tmem45b
4530,Barx2
4531,Kcnj5
4532,Kcnj1
4533,7630403G23Rik
4534,Kirrel3
4535,Ddx25
4536,A630095E13Rik
4537,Fez1
4538,Slc37a2
4539,Hepacam
4540,Robo4
4541,Vsig2
4542,AW551984
4543,Scn3b
4544,1700110K17Rik
4545,4931429I11Rik
4546,1700063D05Rik
4547,3110039I08Rik
4548,Mir100
4549,2610203C20Rik
4550,Mir125b-1
4551,Grik4
4552,Pou2f3
4553,Trim29
4554,Ccdc153
4555,Pdzd3
4556,Foxr1
4557,Upk2
4558,Cxcr5
4559,Treh
4560,Ttc36
4561,Cd3g
4562,Cd3d
4563,Cd3e
4564,Scn4b
4565,Tmprss4
4566,BC049352
4567,Il10ra
4568,Tmprss13
4569,Fxyd2
4570,Dscaml1
4571,Apoa1
4572,Apoc3
4573,Apoa4
4574,Apoa5
4575,2900052N01Rik
4576,Gm4791
4577,Gm10677
4578,Nnmt
4579,Htr3a
4580,Tmprss5
4581,Drd2
4582,Ncam1
4583,Gm11149
4584,1600029D21Rik
4585,Bco2
4586,Tex12
4587,2310030G06Rik
4588,Pou2af1
4589,1810046K07Rik
4590,9230115E21Rik
4591,AI593442
4592,Exph5
4593,Rab39
4594,Sln
4595,Elmod1
4596,Tnfaip8l3
4597,Acsbg1
4598,Crabp1
4599,Chrnb4
4600,AI118078
4601,Isl2
4602,Lingo1
4603,Odf3l1
4604,Cplx3
4605,Cyp1a2
4606,Cyp1a1
4607,Cyp11a1
4608,Islr
4609,Loxl1
4610,Tbc1d21
4611,4930461G14Rik
4612,Celf6
4613,Gramd2
4614,Nr2e3
4615,9230112J17Rik
4616,Larp6
4617,I730028E13Rik
4618,A730043L09
4619,Itga11
4620,Iqch
4621,Lctl
4622,Megf11
4623,Cilp
4624,Ostb
4625,Snx22
4626,C2cd4b
4627,C2cd4a
4628,4930502A04Rik
4629,Mir3109
4630,Gcnt3
4631,Fam81a
4632,Lipc
4633,Aqp9
4634,Aldh1a2
4635,Pygo1
4636,2410004A20Rik
4637,Unc13c
4638,Wdr72
4639,Gm16551
4640,Onecut1
4641,Myo5c
4642,Tmod2
4643,Scg3
4644,Bmp5
4645,Fam83b
4646,Tinag
4647,Gsta1
4648,Gm3776
4649,Gm10639
4650,Gsta2
4651,Dppa5a
4652,Ooep
4653,Cd109
4654,Col12a1
4655,Htr1b
4656,D430036J16Rik
4657,Mei4
4658,Elovl4
4659,Prss35
4660,Snap91
4661,Ripply2
4662,Mrap2
4663,Tbx18
4664,Bcl2a1a
4665,AF529169
4666,Rasgrf1
4667,Zic1
4668,Zic4
4669,Plscr2
4670,1700057G04Rik
4671,Paqr9
4672,Pcolce2
4673,Pls1
4674,Clstn2
4675,Rbp2
4676,Foxl2os
4677,Foxl2
4678,Gm1123
4679,Esyt3
4680,Txndc6
4681,A4gnt
4682,Cldn18
4683,Il20rb
4684,Ephb1
4685,Ky
4686,1300017J02Rik
4687,5830418P13Rik
4688,Bfsp2
4689,4932413F04Rik
4690,Ccrl1
4691,Acpp
4692,Cpne4
4693,Col6a6
4694,Col6a5
4695,Col6a4
4696,Tlr9
4697,Gpr62
4698,Grm2
4699,Zmynd10
4700,Slc38a3
4701,Camkv
4702,Mst1
4703,Bsn
4704,Col7a1
4705,Ucn2
4706,Fbxw21
4707,Fbxw13
4708,Fbxw22
4709,Fbxw15
4710,Fbxw24
4711,Spink8
4712,Camp
4713,Cspg5
4714,Ngp
4715,Pth1r
4716,Myl3
4717,Prss45
4718,Prss50
4719,Gm590
4720,Rtp3
4721,Ltf
4722,Trank1
4723,Dclk3
4724,Arpp21
4725,2900079G21Rik
4726,Susd5
4727,Ccr4
4728,Trim71
4729,Gadl1
4730,Mir26a-1
4731,Acaa1b
4732,Slc22a13
4733,Scn10a
4734,Cx3cr1
4735,Ccr8
4736,Mobp
4737,Myrip
4738,Entpd3
4739,Cck
4740,Lyzl4
4741,Kbtbd5
4742,Hhatl
4743,Ccdc13
4744,Cyp8b1
4745,Fam198a
4746,9530059O14Rik
4747,Clec3b
4748,Cdcp1
4749,Slc6a20a
4750,Ccr9
4751,Ccr1
4752,Ccr1l1
4753,Ccr5
4754,Nudt11
4755,Nudt10
4756,Bmp15
4757,Foxp3
4758,Cacna1f
4759,Kcnd1
4760,Pcsk1n
4761,Gata1
4762,Glod5
4763,Slc38a5
4764,Gm6592
4765,1700012L04Rik
4766,Cybb
4767,Sytl5
4768,Srpx
4769,Otc
4770,2010308F09Rik
4771,Gpr34
4772,Ndp
4773,Efhc2
4774,4930578C19Rik
4775,Mir221
4776,Rgn
4777,Timp1
4778,Gm6938
4779,Agtr2
4780,Slc6a14
4781,Zcchc12
4782,Rhox5
4783,6030498E09Rik
4784,Sh2d1a
4785,Odz1
4786,Dcaf12l2
4787,Dcaf12l1
4788,Smarca1
4789,Sash3
4790,Rab33a
4791,Gpr119
4792,Gm595
4793,Arhgap36
4794,Igsf1
4795,Hs6st2
4796,A630012P03Rik
4797,Ccdc160
4798,4930502E18Rik
4799,Zfp36l3
4800,Ncrna00086
4801,Gm648
4802,Gm14718
4803,Cd40lg
4804,Gpr101
4805,Zic3
4806,F9
4807,Mcf2
4808,Sox3
4809,C230004F18Rik
4810,Cdr1
4811,Ldoc1
4812,3830417A13Rik
4813,Slitrk4
4814,Slitrk2
4815,Fmr1nb
4816,Gpr50
4817,Prrg3
4818,Cnga2
4819,Gabra3
4820,Gabrq
4821,Pnma3
4822,Xlr4c
4823,Zfp92
4824,Trex2
4825,Bgn
4826,Atp2b3
4827,Plxnb3
4828,Avpr2
4829,Opn1mw
4830,Gm5640
4831,Rab39b
4832,Pbsn
4833,Gm7173
4834,5430427O19Rik
4835,Il1rapl1
4836,Arx
4837,Pcyt1b
4838,F630028O10Rik
4839,Vsig4
4840,Gpr165
4841,Gm14812
4842,P2ry4
4843,Arr3
4844,Gdpd2
4845,Slc7a3
4846,Nlgn3
4847,Gjb1
4848,Cxcr3
4849,Dmrtc1a
4850,1700018G05Rik
4851,Gm5126
4852,Nap1l2
4853,Cdx4
4854,Gm6222
4855,C77370
4856,Magee2
4857,5330434G04Rik
4858,Fgf16
4859,Tlr13
4860,Fndc3c1
4861,Cysltr1
4862,Gm5127
4863,Zcchc5
4864,P2ry10
4865,Gpr174
4866,Fam46d
4867,Pou3f4
4868,Rps6ka6
4869,2010106E10Rik
4870,Pof1b
4871,Dach2
4872,Klhl4
4873,Pabpc5
4874,Pcdh11x
4875,Tnmd
4876,Srpx2
4877,Sytl4
4878,Nox1
4879,Taf7l
4880,Btk
4881,Tceal6
4882,Nxf7
4883,Arxes1
4884,Bex2
4885,Plp1
4886,Rab9b
4887,Tmsb15b2
4888,Zcchc18
4889,Il1rapl2
4890,Nrk
4891,Serpina7
4892,Mum1l1
4893,Trap1a
4894,D330045A20Rik
4895,Cldn2
4896,Nup62cl
4897,Vsig1
4898,Gucy2f
4899,Kcne1l
4900,Rgag1
4901,Chrdl1
4902,Pak3
4903,Dcx
4904,Trpc5
4905,Zcchc16
4906,Lhfpl1
4907,Htr2c
4908,Il13ra2
4909,Lrch2
4910,Alas2
4911,Tro
4912,Gpr173
4913,Usp51
4914,Ptchd1
4915,Gm6568
4916,Smpx
4917,Klhl34
4918,Cnksr2
4919,Mtap7d2
4920,Map3k15
4921,S100g
4922,Grpr
4923,1700045I19Rik
4924,Tmem27
4925,Ace2
4926,Asb11
4927,Asb9
4928,Glra2
4929,Tlr8
4930,Tlr7
4931,Frmpd4
4932,4933400A11Rik
4933,Spry3
4934,Ube1y1
4935,ERCC-00041
4936,ERCC-00085
4937,ERCC-00117
4938,ERCC-00143
