,proba_de,proba_not_de,bayes_factor,scale1,scale2,pseudocounts,delta,lfc_mean,lfc_median,lfc_std,lfc_min,lfc_max,raw_mean1,raw_mean2,non_zeros_proportion1,non_zeros_proportion2,raw_normalized_mean1,raw_normalized_mean2,is_de_fdr_0.05,comparison,group1,group2
Hmgb2,0.9976,0.0023999999999999577,6.029879500378016,0.032547634,0.0017437758,0.0,0.25,4.2077546,4.2853127,1.345736,-1.2897186,8.444899,60.34688,3.285888,0.9983713355048863,0.8068260057048139,295.4503,15.198386,True,TAC-TECs vs Rest,TAC-TECs,Rest
Stmn1,0.9972,0.0028000000000000247,5.875328373074121,0.013159645,0.00065863586,0.0,0.25,4.8249803,4.897155,1.614971,-1.6297107,10.087244,22.371317,0.93447644,0.9967426710097723,0.34100521294386293,110.236694,4.840579,True,TAC-TECs vs Rest,TAC-TECs,Rest
Tubb5,0.9952,0.0048000000000000265,5.334325730788133,0.012354112,0.0010437113,0.0,0.25,3.9767375,4.011689,1.4777626,-1.8896275,8.511389,26.903887,1.8725616,0.9951140065146583,0.6092259270188446,126.22623,9.588837,True,TAC-TECs vs Rest,TAC-TECs,Rest
Birc5,0.9932,0.006800000000000028,4.984007980933258,0.0021501586,5.892581e-05,0.0,0.25,5.7692537,5.9233665,2.4622376,-3.928176,13.621172,3.7573218,0.043867443,0.7785016286644953,0.03058916101111415,17.3364,0.18864022,True,TAC-TECs vs Rest,TAC-TECs,Rest
Pclaf,0.9932,0.006800000000000028,4.984007980933258,0.00417403,0.00012889347,0.0,0.25,5.4374285,5.5058465,2.356057,-2.9154043,13.562731,9.71662,0.10160306,0.8778501628664498,0.0539982295662431,45.168934,0.48232627,True,TAC-TECs vs Rest,TAC-TECs,Rest
Ccna2,0.9922,0.007800000000000029,4.845799694199552,0.0012661822,5.319873e-05,0.0,0.25,5.094951,5.100517,2.2694983,-4.139056,13.679255,2.9755645,0.02586795,0.7573289902280133,0.01927805645716529,13.626425,0.11905984,True,TAC-TECs vs Rest,TAC-TECs,Rest
Hist1h3c,0.9918,0.008199999999999985,4.795386110356055,0.0018534721,3.1239542e-05,0.0,0.25,5.925381,5.9917274,2.6678715,-3.950014,15.20651,3.8680737,0.03422833,0.5276872964169382,0.021343562506147256,15.785705,0.16243331,True,TAC-TECs vs Rest,TAC-TECs,Rest
Hist2h2ac,0.9916,0.008399999999999963,4.771086913921002,0.0009848562,4.3606116e-05,0.0,0.25,4.3947396,4.379994,1.993933,-2.3946962,11.967475,1.9983689,0.06658819,0.47231270358306204,0.0570473099242641,8.330316,0.31893855,True,TAC-TECs vs Rest,TAC-TECs,Rest
Cdca8,0.9914,0.008600000000000052,4.74735472962373,0.0017370828,9.295651e-05,0.0,0.25,4.6727705,4.7434406,2.08651,-3.996892,12.014309,3.7996674,0.07327634,0.8127035830618895,0.04858857086652843,18.482111,0.33241794,True,TAC-TECs vs Rest,TAC-TECs,Rest
Cks2,0.9914,0.008600000000000052,4.74735472962373,0.003539328,0.00032320747,0.0,0.25,3.4835901,3.546835,1.4992696,-4.6673355,8.432954,6.335507,0.56426775,0.915309446254072,0.2904494934592496,31.799145,2.431749,True,TAC-TECs vs Rest,TAC-TECs,Rest
Dut,0.9912,0.00880000000000003,4.724163482556559,0.004222094,0.00033502196,0.0,0.25,3.9630136,4.003396,1.7100402,-2.1220875,10.934612,8.530945,0.43395108,0.9495114006514661,0.2511065210976828,41.302235,2.2520492,True,TAC-TECs vs Rest,TAC-TECs,Rest
Mki67,0.9908,0.009199999999999986,4.679308136697134,0.0060657114,0.00033707233,0.0,0.25,4.496996,4.480246,2.0187902,-2.9213166,15.0983925,14.708472,0.3354971,0.9446254071661241,0.14271663224156625,69.15593,1.4560887,True,TAC-TECs vs Rest,TAC-TECs,Rest
Hist1h2ae,0.9906,0.009399999999999964,4.6576000771438535,0.0037819515,0.000106953325,0.0,0.25,4.8020983,4.744755,2.2562401,-3.2313757,11.603443,9.037471,0.17615886,0.6449511400651468,0.12638929871151602,37.382824,0.8370178,True,TAC-TECs vs Rest,TAC-TECs,Rest
Hist1h2ap,0.989,0.01100000000000001,4.498798159845069,0.0047022356,0.00014029416,0.0,0.25,4.3605785,4.2269535,2.289584,-4.1371765,11.772129,11.252458,0.22278158,0.711726384364821,0.15088029900659136,48.496853,1.0635496,True,TAC-TECs vs Rest,TAC-TECs,Rest
Ube2c,0.9884,0.011600000000000055,4.445081524050899,0.0024886548,6.2759485e-05,0.0,0.25,5.2305965,5.422248,2.6553805,-6.1195784,13.377586,5.2931604,0.0629489,0.693811074918567,0.04003147437788886,22.682938,0.29135853,True,TAC-TECs vs Rest,TAC-TECs,Rest
Hist1h1b,0.9882,0.011800000000000033,4.427784737602169,0.007890885,0.00015845694,0.0,0.25,4.9309154,4.8224707,2.6123848,-5.0698442,12.986584,20.758982,0.19858444,0.7198697068403911,0.0853742500245882,87.70842,0.8807735,True,TAC-TECs vs Rest,TAC-TECs,Rest
Mcm7,0.9876,0.012399999999999967,4.3775804885343055,0.002360649,0.00021611356,0.0,0.25,3.4330835,3.4045644,1.6134413,-2.731142,9.42712,5.2377844,0.3589045,0.8615635179153097,0.23733648077113442,27.36793,1.8000356,True,TAC-TECs vs Rest,TAC-TECs,Rest
Hist1h1e,0.9874,0.012599999999999945,4.361377628344464,0.0031380253,0.00027973624,0.0,0.25,3.3427176,3.2675986,1.623258,-2.2697515,9.101363,8.835517,0.51784545,0.7459283387622152,0.31405527687618967,37.43663,2.6125953,True,TAC-TECs vs Rest,TAC-TECs,Rest
Cdk1,0.9874,0.012599999999999945,4.361377628344464,0.0023549302,0.00016701779,0.0,0.25,4.231227,4.3088923,1.9640603,-3.63138,11.020903,5.187296,0.14133959,0.8143322475570035,0.08655453919543504,23.342024,0.68922895,True,TAC-TECs vs Rest,TAC-TECs,Rest
Top2a,0.9872,0.012800000000000034,4.345426711105514,0.009006317,0.0003853124,0.0,0.25,4.710461,4.7684784,2.2150366,-3.1681094,11.316072,19.750822,0.45549133,0.8859934853420198,0.1829448214812683,86.00451,2.1341608,True,TAC-TECs vs Rest,TAC-TECs,Rest
Uhrf1,0.985,0.015000000000000013,4.184590783555717,0.001423765,0.00013068249,0.0,0.25,3.6842675,3.6619635,1.8975867,-3.6436043,10.332665,3.4364734,0.18127346,0.7899022801302934,0.12107799744270505,17.94224,0.8344702,True,TAC-TECs vs Rest,TAC-TECs,Rest
Ccdc34,0.9846,0.01539999999999997,4.157867318710489,0.0017920586,0.00038160165,0.0,0.25,2.5001647,2.523171,1.1083143,-3.743987,6.0983763,4.180778,0.73441917,0.921824104234528,0.3535949640995643,20.190792,3.293236,True,TAC-TECs vs Rest,TAC-TECs,Rest
Pbk,0.9846,0.01539999999999997,4.157867318710489,0.0016092657,8.101496e-05,0.0,0.25,4.7397923,4.7513843,2.5731483,-4.2946405,15.660425,3.3322403,0.025671247,0.701954397394137,0.015442116651913064,14.919704,0.11212875,True,TAC-TECs vs Rest,TAC-TECs,Rest
Smc2,0.9834,0.016599999999999948,4.0816126673746895,0.0024197395,0.00030117112,0.0,0.25,3.316909,3.3646207,1.6465048,-2.4439754,8.681966,5.6237803,0.44840866,0.9185667752443,0.250811448804971,26.88232,2.0540407,True,TAC-TECs vs Rest,TAC-TECs,Rest
Tpx2,0.983,0.017000000000000015,4.057395198028768,0.002620175,0.00024227407,0.0,0.25,3.986333,3.9527993,2.2891521,-4.397456,14.197866,5.0016203,0.20065002,0.8566775244299677,0.1039638044654259,25.155636,0.8844713,True,TAC-TECs vs Rest,TAC-TECs,Rest
Aspm,0.983,0.017000000000000015,4.057395198028768,0.0022129917,0.00025445098,0.0,0.25,3.824797,3.7297144,2.1408932,-2.9715157,11.345391,5.198693,0.25081277,0.8583061889250817,0.12215992918264798,25.373919,1.2231318,True,TAC-TECs vs Rest,TAC-TECs,Rest
Cdc20,0.9824,0.01759999999999995,4.0220990973462705,0.0014890435,8.5512234e-05,0.0,0.25,4.3010006,4.408654,2.5044851,-4.784478,12.178076,2.4657936,0.04455592,0.6156351791530946,0.02675322120586193,12.34063,0.19321707,True,TAC-TECs vs Rest,TAC-TECs,Rest
Nusap1,0.9822,0.017800000000000038,4.010595944690734,0.0033649395,0.0001581797,0.0,0.25,4.4984264,4.582319,2.6852145,-5.0777035,13.177747,7.547232,0.08252193,0.7540716612377852,0.04790006885020111,33.243782,0.3592219,True,TAC-TECs vs Rest,TAC-TECs,Rest
Hells,0.978,0.02200000000000002,3.794466772356098,0.0017454505,0.00018258569,0.0,0.25,3.783651,3.6564698,2.4004714,-3.7173939,13.602842,3.6221437,0.13602816,0.7345276872964172,0.07730894069046815,19.191154,0.6845973,True,TAC-TECs vs Rest,TAC-TECs,Rest
Hmmr,0.9772,0.022800000000000042,3.757930375060113,0.0026966927,0.00020832256,0.0,0.25,3.8815594,3.8938694,2.531022,-4.0168495,13.497959,5.5276856,0.06983377,0.7475570032573292,0.028425297531228282,28.470793,0.30872038,True,TAC-TECs vs Rest,TAC-TECs,Rest
Mdk,0.9766,0.023399999999999976,3.731340712153176,0.0072724237,0.0012936466,0.0,0.25,3.1525257,3.2754893,1.6046276,-3.5875463,8.930724,14.482081,1.9108521,0.9837133550488603,0.40700304908039125,73.605064,10.653018,True,TAC-TECs vs Rest,TAC-TECs,Rest
Taf1d,0.9764,0.023599999999999954,3.722625213000223,0.0042423545,0.0009878215,0.0,0.25,2.313611,2.311057,1.1655576,-1.6084781,6.5533943,8.7801285,2.0619905,0.9739413680781762,0.6974525425396582,45.717228,10.11376,True,TAC-TECs vs Rest,TAC-TECs,Rest
Tpm2,0.9764,0.023599999999999954,3.722625213000223,0.0066798017,0.0015630624,0.0,0.25,2.9438212,3.0981119,1.8693318,-4.0621367,9.336959,11.377848,2.4885385,0.9820846905537463,0.5338841349464442,58.506813,13.181029,True,TAC-TECs vs Rest,TAC-TECs,Rest
Lockd,0.9748,0.0252,3.65538794066687,0.001343685,0.00019964344,0.0,0.25,3.5075223,3.3689408,2.4312725,-4.2611275,13.962623,2.327356,0.20084685,0.7312703583061891,0.08940690469164823,11.428226,0.94517213,True,TAC-TECs vs Rest,TAC-TECs,Rest
Ppa1,0.973,0.027000000000000024,3.5845468560888656,0.0024722123,0.00053685723,0.0,0.25,2.451343,2.444555,1.3363574,-2.6874132,7.5657444,3.6009686,1.0984226,0.931596091205212,0.4400511458641074,18.466305,4.5879755,True,TAC-TECs vs Rest,TAC-TECs,Rest
Hist1h1a,0.9728,0.027200000000000002,3.5769611805425647,0.0009894312,5.0700895e-05,0.0,0.25,4.0157375,4.0051794,2.9148405,-6.1958084,13.561302,2.2898993,0.046818182,0.4364820846905539,0.03304809678371173,9.536655,0.217816,True,TAC-TECs vs Rest,TAC-TECs,Rest
Rrm2,0.9726,0.02739999999999998,3.569429529893944,0.0014968573,0.00013840907,0.0,0.25,3.834059,3.7875118,2.5202591,-5.353465,12.542552,2.6237733,0.06383406,0.6205211726384366,0.038064325759810794,12.537545,0.2573689,True,TAC-TECs vs Rest,TAC-TECs,Rest
Ccnd2,0.972,0.028000000000000025,3.5471509474305067,0.017211517,0.0032175842,0.0,0.25,3.0709732,3.0546677,1.8892852,-3.65974,11.964686,35.61725,6.882708,0.9804560260586322,0.6352906462083826,190.99266,34.54036,True,TAC-TECs vs Rest,TAC-TECs,Rest
Hes6,0.9716,0.02839999999999998,3.532554710140545,0.0038968232,0.00074698066,0.0,0.25,2.9962132,3.0945168,1.8549751,-4.3612747,9.633547,6.789908,1.2434999,0.928338762214984,0.4182157962034378,36.11459,6.792684,True,TAC-TECs vs Rest,TAC-TECs,Rest
Kif14,0.971,0.029000000000000026,3.5110303037759842,0.00022407249,9.0630136e-05,0.0,0.25,3.8629925,3.9107342,3.8691676,-11.185966,16.798618,0.46416986,0.018491179,0.3029315960912053,0.006393233008753816,2.1690686,0.09627811,True,TAC-TECs vs Rest,TAC-TECs,Rest
Tmem158,0.9708,0.029200000000000004,3.5039514324132983,0.0051921923,0.0009720327,0.0,0.25,2.9481423,3.072238,1.8227673,-4.625026,10.19401,9.263844,1.6666243,0.9446254071661241,0.4484115274909403,49.393623,9.008857,True,TAC-TECs vs Rest,TAC-TECs,Rest
Ascl1,0.9708,0.029200000000000004,3.5039514324132983,0.008438831,0.0021432855,0.0,0.25,3.255588,3.3602726,2.3205273,-4.534365,13.263679,15.6335535,3.219868,0.9413680781758961,0.43592013376614286,79.68861,18.47799,True,TAC-TECs vs Rest,TAC-TECs,Rest
Cenpe,0.9696,0.030399999999999983,3.4624406882690915,0.0025004928,0.00033782705,0.0,0.25,3.492759,3.5266438,2.475057,-6.417135,11.950924,4.1433177,0.15245403,0.7280130293159611,0.05429330185895481,20.266336,0.6591696,True,TAC-TECs vs Rest,TAC-TECs,Rest
Vim,0.9696,0.030399999999999983,3.4624406882690915,0.006093591,0.0012031489,0.0,0.25,3.287963,3.1357458,2.0158172,-2.4043212,10.148506,11.413678,1.9400651,0.9820846905537463,0.3848726271270099,57.961403,9.948415,True,TAC-TECs vs Rest,TAC-TECs,Rest
Prc1,0.9692,0.03080000000000005,3.4489559846053557,0.0016601883,0.000179507,0.0,0.25,3.2414885,3.3223166,2.3784492,-4.886219,11.540795,4.1237726,0.17438836,0.6628664495114008,0.09304612963509265,17.536806,0.79556733,True,TAC-TECs vs Rest,TAC-TECs,Rest
Hist1h4d,0.9686,0.031399999999999983,3.429043528907814,0.0024288457,0.00027248194,0.0,0.25,2.8717988,2.8428674,1.7109233,-3.3829079,9.288876,5.4706855,0.5001413,0.708469055374593,0.33923477918759243,23.575874,2.411083,True,TAC-TECs vs Rest,TAC-TECs,Rest
Ccnb2,0.9676,0.032399999999999984,3.3966600576305104,0.0016940964,0.00024020347,0.0,0.25,3.9545934,3.728609,3.0498235,-5.3727436,16.43977,2.6677482,0.07927611,0.703583061889251,0.03334316907642344,14.082927,0.3992391,True,TAC-TECs vs Rest,TAC-TECs,Rest
Cenpf,0.9676,0.032399999999999984,3.3966600576305104,0.0035135094,0.00050053594,0.0,0.25,2.90918,3.0072813,2.1266644,-4.9960575,9.638935,6.8159633,0.28464672,0.8061889250814335,0.0882266155208014,32.59946,1.2521021,True,TAC-TECs vs Rest,TAC-TECs,Rest
Ckap2l,0.9676,0.032399999999999984,3.3966600576305104,0.0010823855,0.00016294596,0.0,0.25,3.1539023,3.1567292,2.1054761,-6.7410593,10.157451,2.097716,0.08163662,0.6514657980456028,0.04160519327235131,9.752084,0.33781484,True,TAC-TECs vs Rest,TAC-TECs,Rest
Ccne2,0.9674,0.03259999999999996,3.390299475604788,0.0011993804,0.00012415447,0.0,0.25,3.3892224,3.3860111,2.7046864,-7.8330374,16.4458,2.6074896,0.10435706,0.4364820846905539,0.062161896331267064,12.963334,0.47703016,True,TAC-TECs vs Rest,TAC-TECs,Rest
Hmgb3,0.9672,0.03280000000000005,3.3839764893716042,0.0015089929,0.00032924616,0.0,0.25,2.569802,2.516029,1.505828,-3.256773,9.373123,3.3566704,0.39067426,0.8990228013029319,0.21943542834662152,17.294706,1.9817041,True,TAC-TECs vs Rest,TAC-TECs,Rest
Mns1,0.9668,0.03320000000000001,3.371441482045512,0.0009325014,0.00021810684,0.0,0.25,2.7069323,2.6668034,1.8638356,-4.52707,9.561416,1.9576496,0.2019285,0.7345276872964172,0.08999704927707165,9.640945,0.8763085,True,TAC-TECs vs Rest,TAC-TECs,Rest
Gja1,0.9654,0.034599999999999964,3.3286885625038165,0.0026070334,0.0006079539,0.0,0.25,2.5318587,2.4431925,1.551032,-2.7268744,7.3533983,5.5016274,1.195406,0.929967426710098,0.37405330972757905,29.00755,5.509706,True,TAC-TECs vs Rest,TAC-TECs,Rest
Knl1,0.9642,0.035800000000000054,3.293350579606588,0.0010388439,0.00019314745,0.0,0.25,3.4887915,3.331791,2.573273,-4.1370096,14.341054,2.485336,0.068161756,0.6824104234527689,0.02960558670207512,11.262025,0.31139567,True,TAC-TECs vs Rest,TAC-TECs,Rest
Krt5,0.962,0.038000000000000034,3.23142803817647,0.0047097313,0.0017806408,0.0,0.25,2.6371622,2.9652767,2.7209628,-6.5898147,9.186771,9.939747,4.515731,0.7719869706840393,0.4039539687223698,49.2801,19.165773,True,TAC-TECs vs Rest,TAC-TECs,Rest
Hist1h1d,0.959,0.041000000000000036,3.152318774704249,0.0011214678,0.00015282567,0.0,0.25,2.7498853,2.7038999,1.9767917,-4.8284397,11.455859,2.5374556,0.13435596,0.5602605863192184,0.09894757548932684,11.087939,0.6713865,True,TAC-TECs vs Rest,TAC-TECs,Rest
Ckap2,0.9586,0.04139999999999999,3.1421927747802774,0.0013966478,0.00025750257,0.0,0.25,2.8391366,2.7926526,2.2807565,-4.3979254,11.145793,2.3550434,0.15491316,0.6742671009771989,0.06865348677092467,11.728506,0.69796675,True,TAC-TECs vs Rest,TAC-TECs,Rest
E2f7,0.958,0.04200000000000004,3.127177932030695,0.00034452273,0.00015840643,0.0,0.25,2.501238,2.5467548,2.5783832,-7.412941,12.251766,0.81270206,0.095800094,0.457654723127036,0.03363824136913515,4.214208,0.4624499,True,TAC-TECs vs Rest,TAC-TECs,Rest
Atad2,0.9572,0.04279999999999995,3.1074740302487736,0.0012411874,0.0002633812,0.0,0.25,2.4123304,2.3634415,1.7422321,-4.0154734,8.5887785,3.180773,0.31710342,0.7622149837133553,0.1920920625553326,15.864413,1.484635,True,TAC-TECs vs Rest,TAC-TECs,Rest
Melk,0.9572,0.04279999999999995,3.1074740302487736,0.001117981,0.0002469519,0.0,0.25,2.6962824,2.59243,2.0981936,-3.8091383,10.327358,2.3273554,0.18717481,0.7312703583061891,0.0948165633913629,10.978823,0.80723035,True,TAC-TECs vs Rest,TAC-TECs,Rest
Kif20b,0.9568,0.043200000000000016,3.0977536669163523,0.0011284325,0.00029645144,0.0,0.25,2.6646538,2.6851296,2.247878,-4.9443183,11.48891,2.6107438,0.20183007,0.697068403908795,0.08143995278843208,12.210413,0.926272,True,TAC-TECs vs Rest,TAC-TECs,Rest
Anln,0.9568,0.043200000000000016,3.0977536669163523,0.0011158747,0.000265518,0.0,0.25,2.4696581,2.582746,2.2673697,-5.1538744,10.169325,2.5553699,0.087833166,0.711726384364821,0.03885118520704202,12.0192995,0.42284453,True,TAC-TECs vs Rest,TAC-TECs,Rest
Krt17,0.955,0.04500000000000004,3.0550486389594163,0.027370807,0.0077073434,0.0,0.25,2.4304495,2.267891,1.8827851,-3.095221,9.762464,52.747562,21.325106,0.9983713355048863,0.8702665486378404,277.57568,88.04509,True,TAC-TECs vs Rest,TAC-TECs,Rest
Sfrp5,0.9518,0.04820000000000002,2.982995710668006,0.00025138722,0.00014662227,0.0,0.25,2.4616683,2.4721222,2.8995085,-8.556481,13.352172,0.31107506,0.11183228,0.17915309446254077,0.04239205271958253,1.67098,0.6096602,True,TAC-TECs vs Rest,TAC-TECs,Rest
Gbp5,0.951,0.049000000000000044,2.9656935708683982,0.0011251608,0.0003046369,0.0,0.25,2.4747624,2.4158921,1.8170635,-4.634953,9.90775,2.3631854,0.42716506,0.7231270358306191,0.19238713484804434,11.129026,2.0699117,True,TAC-TECs vs Rest,TAC-TECs,Rest
Fancd2,0.95,0.050000000000000044,2.9444387896927755,0.00012847826,0.00017286894,0.0,0.25,1.271532,1.149818,2.9679801,-7.3798103,10.819546,0.19869721,0.14733943,0.1661237785016287,0.05026064719189478,0.9061563,0.6518856,True,TAC-TECs vs Rest,TAC-TECs,Rest
Lig1,0.9496,0.0504,2.936049480336206,0.0015158991,0.0002877905,0.0,0.25,2.2745821,2.2596917,1.7273536,-3.9729738,8.277152,3.9006453,0.4470318,0.7166123778501631,0.2458935772597752,18.999815,2.040766,True,TAC-TECs vs Rest,TAC-TECs,Rest
Parp1,0.9488,0.05120000000000002,2.9194583114251467,0.001441818,0.00045089665,0.0,0.25,1.898117,1.9383521,1.4506414,-3.526451,6.716339,2.7980366,0.7300913,0.8371335504885996,0.3553653978558348,14.770464,3.8036387,True,TAC-TECs vs Rest,TAC-TECs,Rest
Lgals1,0.9484,0.05159999999999998,2.911254498449377,0.002037644,0.00054576615,0.0,0.25,2.506963,2.4975915,2.1049669,-5.2847357,10.64069,3.2931516,0.61463034,0.698697068403909,0.19287892200256393,16.258593,3.0673401,True,TAC-TECs vs Rest,TAC-TECs,Rest
Kif11,0.9482,0.05179999999999996,2.907175118698705,0.0010105626,0.00029668317,0.0,0.25,2.4523544,2.3840384,2.5062242,-6.313936,12.501086,2.2068372,0.10258674,0.6091205211726386,0.042195337857774726,9.739562,0.45285845,True,TAC-TECs vs Rest,TAC-TECs,Rest
Madcam1,0.9482,0.05179999999999996,2.907175118698705,0.00027811286,0.00027551598,0.0,0.25,1.7001249,1.7360029,3.4014251,-9.551516,12.441514,0.51140094,0.49454024,0.2622149837133551,0.10111143896921271,2.4797163,2.1786332,True,TAC-TECs vs Rest,TAC-TECs,Rest
Krt14,0.9464,0.05359999999999998,2.871116068586631,0.0038101147,0.0015108467,0.0,0.25,2.0583885,2.0928366,1.7284204,-4.8324146,7.698882,6.3110757,3.15605,0.921824104234528,0.5572932035015764,32.05184,13.886368,True,TAC-TECs vs Rest,TAC-TECs,Rest
Hmbs,0.9462,0.05379999999999996,2.867180320724311,0.00078427367,0.00025517915,0.0,0.25,1.7345109,1.7016873,1.2123853,-2.7675533,7.4761696,1.3420163,0.45794708,0.6319218241042347,0.32143208419398345,7.246906,2.1356838,True,TAC-TECs vs Rest,TAC-TECs,Rest
Ybx3,0.9462,0.05379999999999996,2.867180320724311,0.0021867168,0.00069343124,0.0,0.25,2.1146874,2.1434107,1.4950906,-3.200612,7.2010765,4.5846853,1.6818621,0.916938110749186,0.49827874495922625,23.707779,6.5314837,True,TAC-TECs vs Rest,TAC-TECs,Rest
Cngb1,0.9458,0.054200000000000026,2.859350047835406,0.00019820614,0.00014153488,0.0,0.25,0.59093446,0.5124421,3.5055833,-9.26363,11.302559,0.3550491,0.15825729,0.15309446254071665,0.06452247467296074,1.7025533,0.7650001,True,TAC-TECs vs Rest,TAC-TECs,Rest
Ccnd1,0.945,0.05500000000000005,2.843851571025116,0.0020989794,0.00061251933,0.0,0.25,1.9098951,1.9878049,1.5400646,-5.0243936,8.256437,4.6644897,0.94559234,0.8078175895765475,0.3071702567129155,22.902025,4.5867233,True,TAC-TECs vs Rest,TAC-TECs,Rest
Zfp711,0.9448,0.05520000000000003,2.840010141024949,0.0007882377,0.00032952803,0.0,0.25,1.941252,1.9878755,2.2050893,-4.9657764,8.591453,1.1530926,0.43877047,0.4397394136807819,0.16307662043867707,5.6913185,2.257033,True,TAC-TECs vs Rest,TAC-TECs,Rest
Adh5,0.9444,0.05559999999999998,2.8323664346874557,0.0012620162,0.00044883328,0.0,0.25,1.7367902,1.6962471,1.2900027,-3.9842224,7.166156,2.2459214,0.83492965,0.8631921824104237,0.4695583751352825,11.303294,4.1315975,True,TAC-TECs vs Rest,TAC-TECs,Rest
Ccdc18,0.944,0.05600000000000005,2.8247743074321585,0.0003892686,0.00015002508,0.0,0.25,1.9920361,2.0141401,1.8618068,-5.6472654,8.304557,0.79478705,0.13425769,0.46742671009772,0.07012884823448322,4.0474977,0.59102905,True,TAC-TECs vs Rest,TAC-TECs,Rest
Mcm10,0.9436,0.056400000000000006,2.817233022322269,0.0002077286,0.00013100765,0.0,0.25,2.1643045,2.0778775,2.939577,-7.662524,12.480365,0.47068444,0.051047508,0.29804560260586327,0.023507425986033125,2.3179688,0.23784494,True,TAC-TECs vs Rest,TAC-TECs,Rest
Stil,0.9432,0.05679999999999996,2.809741858041939,0.00025414355,0.00011086979,0.0,0.25,2.6074078,2.4139233,2.6240077,-6.3274193,13.502619,0.47068456,0.055965435,0.3094462540716613,0.02488443001868777,2.181856,0.23705973,True,TAC-TECs vs Rest,TAC-TECs,Rest
Ttn,0.943,0.05700000000000005,2.806014849964779,0.0036934863,0.0012114153,0.0,0.25,2.0259595,2.1191258,1.9738529,-4.593174,8.71283,7.397394,2.3787706,0.7540716612377852,0.37808596439463965,39.13676,11.863063,True,TAC-TECs vs Rest,TAC-TECs,Rest
Lrat,0.9426,0.05740000000000001,2.798597547557051,0.00017805262,0.0001298987,0.0,0.25,0.98742557,0.85997915,3.5395944,-9.448683,13.549066,0.37622184,0.15176564,0.21661237785016293,0.06550604898199977,1.9747595,0.7342402,True,TAC-TECs vs Rest,TAC-TECs,Rest
Tagln,0.942,0.05800000000000005,2.7875621022318757,0.00070677884,0.00067748025,0.0,0.25,1.5937656,1.7651296,2.8366647,-10.152923,10.613325,0.7605861,0.8716391,0.19869706840390886,0.13337267630569413,3.6850092,4.9609694,True,TAC-TECs vs Rest,TAC-TECs,Rest
Tceal9,0.9418,0.05820000000000003,2.7839074218687356,0.0025148173,0.0009369774,0.0,0.25,1.9105221,1.9447322,1.5288092,-3.4340248,7.1764603,5.2198668,1.5232174,0.92671009771987,0.45077210583263433,25.555912,7.184706,True,TAC-TECs vs Rest,TAC-TECs,Rest
Ifi27l2a,0.9398,0.06020000000000003,2.747994578881558,0.007382875,0.004254499,0.0,0.25,1.5223722,1.6315196,2.063739,-6.3715434,7.9005547,13.157991,7.1230745,0.9429967426710101,0.6326349955739768,65.185555,34.36597,True,TAC-TECs vs Rest,TAC-TECs,Rest
Pdyn,0.9396,0.06040000000000001,2.744464992923915,0.00021151545,0.00016807379,0.0,0.25,0.9042811,0.87451696,3.181557,-9.131028,10.542791,0.364821,0.19189598,0.1612377850162867,0.07376807317792763,1.6850138,0.886191,True,TAC-TECs vs Rest,TAC-TECs,Rest
Ctsl,0.939,0.061000000000000054,2.7339414617501654,0.0047383215,0.002846918,0.0,0.25,1.5921288,1.7135713,1.8476582,-5.942115,7.542074,7.019544,6.7072453,0.925081433224756,0.6027343365791861,34.71722,26.903625,True,TAC-TECs vs Rest,TAC-TECs,Rest
Kif15,0.939,0.061000000000000054,2.7339414617501654,0.00050816376,0.00018375044,0.0,0.25,2.3155916,2.155161,2.538984,-4.707567,11.38114,1.2719843,0.06491598,0.5504885993485343,0.029113799547555604,5.7689266,0.30163956,True,TAC-TECs vs Rest,TAC-TECs,Rest
Tbc1d4,0.939,0.061000000000000054,2.7339414617501654,0.0030798125,0.0014284748,0.0,0.25,1.7143925,1.8038566,2.5407321,-6.519777,9.538982,6.1107464,3.0706458,0.5993485342019546,0.46709943936268455,32.29792,15.079023,True,TAC-TECs vs Rest,TAC-TECs,Rest
Slfn9,0.9388,0.06120000000000003,2.7304551217118043,0.0007933928,0.00021265635,0.0,0.25,2.2031739,2.1054854,2.4855027,-5.1234446,11.021082,1.8257306,0.19937132,0.45602605863192197,0.1104553949050835,9.17281,0.99282,True,TAC-TECs vs Rest,TAC-TECs,Rest
Stmn2,0.9382,0.061799999999999966,2.7200596302771367,0.00039297153,0.00017559712,0.0,0.25,1.9616457,1.9433398,2.2816935,-5.902875,9.195291,0.4267102,0.21618994,0.10912052117263847,0.054981803875282134,2.2168283,1.1846507,True,TAC-TECs vs Rest,TAC-TECs,Rest
Ncapg,0.9378,0.06220000000000003,2.713181556801915,0.00064510095,0.0002931075,0.0,0.25,2.092744,2.1446443,2.203693,-5.00517,9.760317,1.2475533,0.17507647,0.5798045602605865,0.057834169371495325,5.7878976,0.8625501,True,TAC-TECs vs Rest,TAC-TECs,Rest
Crhbp,0.9378,0.06220000000000003,2.713181556801915,0.00045998459,0.0004633449,0.0,0.25,0.98986435,0.96671724,2.8553402,-7.107395,10.316644,0.69218224,0.85973436,0.26872964169381114,0.19228877741714043,3.3551545,4.0693407,True,TAC-TECs vs Rest,TAC-TECs,Rest
Prr11,0.9372,0.06279999999999997,2.702941484593913,0.00038163844,0.00016774709,0.0,0.25,2.012967,1.9673204,1.9723692,-4.5807047,9.635019,0.819217,0.1463557,0.465798045602606,0.08566932231729991,3.87973,0.7105803,True,TAC-TECs vs Rest,TAC-TECs,Rest
Fgf21,0.9372,0.06279999999999997,2.702941484593913,0.0037531047,0.0018885136,0.0,0.25,2.0220442,1.9382606,2.5466251,-5.3709,10.927772,6.355049,3.9111342,0.8485342019543977,0.46532900560641405,33.200493,19.352898,True,TAC-TECs vs Rest,TAC-TECs,Rest
Cr2,0.9368,0.06320000000000003,2.6961653635774967,0.0003916062,0.00020951436,0.0,0.25,1.6968213,1.6369162,2.4259093,-7.70269,12.036355,0.6596089,0.36638063,0.2996742671009773,0.09599685256220974,3.168256,1.4273907,True,TAC-TECs vs Rest,TAC-TECs,Rest
Echdc1,0.9366,0.06340000000000001,2.6927922882544832,0.00085344363,0.00033270853,0.0,0.25,1.505708,1.5004363,1.1598846,-3.7535295,6.5891,1.7768673,0.703728,0.7361563517915312,0.4140847841054733,9.2021885,3.1304173,True,TAC-TECs vs Rest,TAC-TECs,Rest
Ccnb1,0.936,0.06399999999999995,2.682732247551694,0.00091454736,0.0005417172,0.0,0.25,1.3764817,1.3863015,2.7564547,-7.3902807,11.996869,2.114003,0.195338,0.6286644951140067,0.035310317694501506,10.34564,0.88537836,True,TAC-TECs vs Rest,TAC-TECs,Rest
Calca,0.9346,0.06540000000000001,2.65959622959775,0.0004864341,0.0008420558,0.0,0.25,0.031527046,-0.09912634,2.730796,-7.8383646,8.162686,0.964169,2.6676633,0.18241042345276878,0.21540277367956093,4.2487926,11.010256,True,TAC-TECs vs Rest,TAC-TECs,Rest
Olfm4,0.9342,0.06579999999999997,2.6530705684654103,0.0018179709,0.0006528626,0.0,0.25,1.5850995,1.6301293,1.799601,-5.838025,9.312944,3.6433156,1.2112432,0.7833876221498374,0.37179108881678896,18.774632,5.2360663,True,TAC-TECs vs Rest,TAC-TECs,Rest
Gm29461,0.934,0.06599999999999995,2.6498215553939164,0.001020771,0.001357311,0.0,0.25,0.44648722,0.08185482,2.9890363,-7.834368,10.256497,1.5732877,3.1314263,0.3778501628664496,0.4806727648274251,7.5593085,13.958052,True,TAC-TECs vs Rest,TAC-TECs,Rest
Col5a2,0.934,0.06599999999999995,2.6498215553939164,0.00020423961,0.0001727707,0.0,0.25,0.9356237,0.8844042,2.65955,-6.653802,9.602583,0.45602623,0.26359832,0.1612377850162867,0.08016130618668134,2.0428534,1.2850004,True,TAC-TECs vs Rest,TAC-TECs,Rest
Mafa,0.9336,0.06640000000000001,2.643350884598785,0.00090853235,0.00028916527,0.0,0.25,2.1038985,1.9877682,2.1575816,-5.736348,11.809288,1.4446225,0.34887347,0.5586319218241044,0.17035507032556693,8.074048,1.7573701,True,TAC-TECs vs Rest,TAC-TECs,Rest
Igkc,0.9334,0.06659999999999999,2.6401291165327536,0.0010053487,0.00040273296,0.0,0.25,1.6805178,1.7587233,1.9625725,-6.4415054,8.326194,1.2540699,2.0388384,0.34364820846905547,0.18127274515590172,6.528023,4.930021,True,TAC-TECs vs Rest,TAC-TECs,Rest
Gm43569,0.933,0.06699999999999995,2.633712442920772,0.00037906496,0.0005498373,0.0,0.25,0.20838787,0.09298086,2.890646,-7.9814854,10.107784,0.6889246,0.9950656,0.3257328990228014,0.32084193960855995,3.5282855,4.696878,True,TAC-TECs vs Rest,TAC-TECs,Rest
Wfdc18,0.9322,0.06779999999999997,2.6209850522269886,0.008291809,0.0069514504,0.0,0.25,1.0612111,1.1674771,2.481505,-7.2777996,8.783394,27.47073,30.560436,0.8648208469055377,0.7583357922691828,123.03145,96.57929,True,TAC-TECs vs Rest,TAC-TECs,Rest
Aire,0.932,0.06799999999999995,2.6178249731802863,0.0039983112,0.0024073534,0.0,0.25,1.8063233,1.5972228,2.9376688,-6.898507,12.524075,8.925083,5.650164,0.8827361563517918,0.5923084489033709,45.092987,27.619547,True,TAC-TECs vs Rest,TAC-TECs,Rest
Fabp7,0.9316,0.06840000000000002,2.611530577917082,0.0002566779,0.00018872805,0.0,0.25,1.0191392,0.9129014,2.617378,-6.398221,12.572062,0.2589577,0.23114064,0.10097719869706843,0.05301465525720407,1.3726976,0.9976256,True,TAC-TECs vs Rest,TAC-TECs,Rest
Tbata,0.9316,0.06840000000000002,2.611530577917082,0.0025455651,0.0036166038,0.0,0.25,0.24970469,0.18377209,2.6025007,-8.636875,9.17667,5.3029313,10.549748,0.7280130293159611,0.6534867709256073,28.079311,45.144787,True,TAC-TECs vs Rest,TAC-TECs,Rest
Gpn1,0.9312,0.06879999999999997,2.6052701974278807,0.00040963016,0.000166912,0.0,0.25,1.5775211,1.5937619,1.3401402,-4.8696623,7.138358,0.7280121,0.25887963,0.4820846905537461,0.17783023507426463,3.6918478,1.1928537,True,TAC-TECs vs Rest,TAC-TECs,Rest
Hhip,0.9304,0.0696,2.5928499009339956,0.0017544298,0.00059238216,0.0,0.25,2.293103,1.933188,1.9895221,-2.9442396,11.632269,3.1221418,0.83454835,0.8713355048859938,0.30746532900562723,16.184334,3.9777079,True,TAC-TECs vs Rest,TAC-TECs,Rest
Ltb,0.9304,0.0696,2.5928499009339956,0.0010004924,0.0003819875,0.0,0.25,1.8475258,1.7620678,2.1315866,-6.625386,11.074485,1.5504858,0.5126367,0.5700325732899024,0.20340316710928305,8.395416,2.7902565,True,TAC-TECs vs Rest,TAC-TECs,Rest
Cyp26a1,0.9302,0.06979999999999997,2.5897654745055814,0.00018547328,0.000204198,0.0,0.25,0.7130181,0.37599468,2.9052763,-7.2768345,12.141767,0.33876234,0.3123835,0.13029315960912055,0.08753811350447407,1.7604824,1.3662223,True,TAC-TECs vs Rest,TAC-TECs,Rest
Ly6h,0.9302,0.06979999999999997,2.5897654745055814,0.00072611024,0.000564814,0.0,0.25,1.1984951,1.1005578,2.4561522,-5.8125525,11.331674,1.1824086,0.8790089,0.3892508143322477,0.22769745254255055,5.778476,4.29142,True,TAC-TECs vs Rest,TAC-TECs,Rest
Abcb1b,0.9302,0.06979999999999997,2.5897654745055814,0.00046617322,0.00020822368,0.0,0.25,1.7487153,1.6390538,1.9627855,-4.9760456,10.632666,0.8583052,0.16671611,0.4804560260586321,0.09019376413887946,4.6028757,0.7837117,True,TAC-TECs vs Rest,TAC-TECs,Rest
Acta2,0.9298,0.07020000000000004,2.583621066529587,0.00024720235,0.00040415116,0.0,0.25,0.3168727,0.32553148,2.6890392,-9.472587,10.1189165,0.39902294,0.66843396,0.14657980456026062,0.1372086161109469,1.9061697,3.406564,True,TAC-TECs vs Rest,TAC-TECs,Rest
Fcer2a,0.9292,0.07079999999999997,2.5744648697155985,0.00051468064,0.00051949645,0.0,0.25,1.4249843,0.909698,3.0822492,-6.732865,13.2479315,0.44299695,0.8891426,0.14495114006514662,0.18451854037573098,2.0939214,3.7790096,True,TAC-TECs vs Rest,TAC-TECs,Rest
Qrfpr,0.9286,0.07140000000000002,2.5653800769531694,0.0003429833,0.0001660104,0.0,0.25,1.7707376,1.757205,2.3499222,-6.7290773,11.314032,0.58143324,0.16828978,0.3306188925081434,0.08645618176453114,2.8245246,0.82460433,True,TAC-TECs vs Rest,TAC-TECs,Rest
Gpx6,0.9282,0.07179999999999997,2.559362622250681,0.00017434414,0.00015160865,0.0,0.25,0.43166512,0.35747528,3.1206362,-11.558614,13.088397,0.311075,0.24304198,0.10260586319218244,0.07239106914527299,1.5096067,1.0311273,True,TAC-TECs vs Rest,TAC-TECs,Rest
Crip3,0.9282,0.07179999999999997,2.559362622250681,0.0007136948,0.0013061524,0.0,0.25,0.027914904,0.06464863,2.6044102,-7.9378347,9.379766,0.86644864,2.826026,0.25081433224755706,0.3662830726861696,4.4524417,12.709524,True,TAC-TECs vs Rest,TAC-TECs,Rest
Gm8773,0.9282,0.07179999999999997,2.559362622250681,0.00014420784,0.00013014172,0.0,0.25,1.4464501,1.3685799,2.6370952,-6.813671,12.039203,0.2947885,0.14252003,0.21498371335504893,0.04671977967935427,1.4876053,0.6249384,True,TAC-TECs vs Rest,TAC-TECs,Rest
Rrad,0.9274,0.0726,2.5474199231684067,0.0012123139,0.00060479477,0.0,0.25,1.6408836,1.5780544,1.8821629,-4.6830735,7.9327135,2.2019486,0.98513186,0.5472312703583063,0.29723615619161986,10.603965,4.9518156,True,TAC-TECs vs Rest,TAC-TECs,Rest
Nkx6-2,0.9272,0.07279999999999998,2.544453210245434,0.0010944428,0.00038897313,0.0,0.25,1.7907404,1.7027664,2.1950543,-6.4982796,11.215816,2.008139,0.57971483,0.5325732899022803,0.2002557293203577,11.053971,3.088313,True,TAC-TECs vs Rest,TAC-TECs,Rest
Plk4,0.9268,0.07320000000000004,2.5385422457687565,0.0007384296,0.00033357824,0.0,0.25,1.5207089,1.4675183,1.7376381,-4.268902,7.6599092,1.2622119,0.6172832,0.6156351791530946,0.21776335202125494,6.1590366,2.7179258,True,TAC-TECs vs Rest,TAC-TECs,Rest
Nnat,0.9266,0.07340000000000002,2.5355979119144485,0.00015986711,0.00011042502,0.0,0.25,1.8116577,1.6281166,2.586146,-6.562608,11.2748995,0.40716642,0.1060291,0.21824104234527694,0.039638044654273244,2.05173,0.51013607,True,TAC-TECs vs Rest,TAC-TECs,Rest
Ptn,0.9266,0.07340000000000002,2.5355979119144485,0.0005752641,0.00024421443,0.0,0.25,1.7581316,1.6065736,2.3763871,-6.208246,13.249841,0.69706815,0.2080265,0.19706840390879485,0.07239106914527299,3.1337292,1.0641022,True,TAC-TECs vs Rest,TAC-TECs,Rest
Cd70,0.9266,0.07340000000000002,2.5355979119144485,0.0006095874,0.00044294415,0.0,0.25,1.394941,1.3380342,2.288179,-6.5294437,10.342281,1.4625374,1.0484695,0.6156351791530946,0.335005409658724,7.317254,4.7086143,True,TAC-TECs vs Rest,TAC-TECs,Rest
2700038G22Rik,0.9262,0.07379999999999998,2.529731337735684,0.0003058121,0.000213654,0.0,0.25,1.4120028,1.3937163,2.0172331,-7.5043683,8.942963,0.64657927,0.24264964,0.38599348534201966,0.1072095996852547,3.1954255,1.1501616,True,TAC-TECs vs Rest,TAC-TECs,Rest
Ntm,0.9256,0.07440000000000002,2.52098611043563,0.0008364589,0.0003618391,0.0,0.25,1.4883729,1.4771938,1.7724879,-4.532812,8.128831,1.6498339,0.32792386,0.5618892508143324,0.13583161207829206,8.310767,1.7086835,True,TAC-TECs vs Rest,TAC-TECs,Rest
Atr,0.925,0.07499999999999996,2.5123055014536018,0.0005668385,0.00024601154,0.0,0.25,1.5953448,1.5486093,1.3656396,-4.6448984,6.745496,0.8941352,0.39411548,0.5553745928338764,0.22110750467198811,4.64821,1.8131529,True,TAC-TECs vs Rest,TAC-TECs,Rest
Lmcd1,0.9246,0.07540000000000002,2.5065538147297164,0.00017997078,0.000119854674,0.0,0.25,0.97964793,0.9500952,2.2885463,-6.8503733,10.633886,0.31758973,0.10996345,0.17426710097719875,0.05488344644437823,1.5397316,0.53577596,True,TAC-TECs vs Rest,TAC-TECs,Rest
Dsg1a,0.9244,0.0756,2.503688473757443,0.0011212032,0.0005026714,0.0,0.25,1.5077596,1.5166135,1.4535159,-4.056285,7.1797485,2.3631873,1.1284246,0.7589576547231273,0.3927412215993233,12.16013,4.600828,True,TAC-TECs vs Rest,TAC-TECs,Rest
Cpxm1,0.9244,0.0756,2.503688473757443,0.0001842045,0.00023047619,0.0,0.25,0.5296089,0.26217508,2.8805137,-8.875883,12.825503,0.2377851,0.21668221,0.12377850162866454,0.07347300088521592,1.226751,1.1545457,True,TAC-TECs vs Rest,TAC-TECs,Rest
