peptide,Aire(KO)-B6,Aire(KO)-NOD,Aire(WT)-NOD,Background,Fezf2 Enr-CD1,Fezf2KO-B6,Fezf2KO-CD1,Fezf2WT-B6,Fezf2WT-CD1,GFAP-GFAP,gene,gene_isoform,sequence,Aire(KO)-B6_min,Aire(KO)-NOD_min,Aire(WT)-NOD_min,Background_min,Fezf2 Enr-CD1_min,Fezf2KO-B6_min,Fezf2KO-CD1_min,Fezf2WT-B6_min,Fezf2WT-CD1_min,GFAP-GFAP_min,Aire(KO)-B6_max,Aire(KO)-NOD_max,Aire(WT)-NOD_max,Background_max,Fezf2 Enr-CD1_max,Fezf2KO-B6_max,Fezf2KO-CD1_max,Fezf2WT-B6_max,Fezf2WT-CD1_max,GFAP-GFAP_max,Aire(KO)-B6_median,Aire(KO)-NOD_median,Aire(WT)-NOD_median,Background_median,Fezf2 Enr-CD1_median,Fezf2KO-B6_median,Fezf2KO-CD1_median,Fezf2WT-B6_median,Fezf2WT-CD1_median,GFAP-GFAP_median,Aire(KO)-B6_mean,Aire(KO)-NOD_mean,Aire(WT)-NOD_mean,Background_mean,Fezf2 Enr-CD1_mean,Fezf2KO-B6_mean,Fezf2KO-CD1_mean,Fezf2WT-B6_mean,Fezf2WT-CD1_mean,GFAP-GFAP_mean,gene_FC,isoform
XP_006506003.1_PREDICTED:_protein_FAM221A_isoform_X3_[Mus_musculus]_seq5,0,0,0,0,1,1,1,1,0,0,Fam221a,Fam221a_isoform_X3,QERLAQGKPVGRDVPYAAMGGLTGFSSLAEGYMRLDDSGIGAPSVEVLDSAVSAMDHPFLRA,0.0,0.0,0.0,0.0,0.0,0.0,0.0,0.0,0.0,0.3653828,0.7986711,1.1594447,0.54872054,0.5195079,1.7022948,1.8419747,1.5909216,1.7217301,0.0,0.3653828,0.0,0.11421757,0.0,0.0,0.0,0.0075613176,0.72511196,0.238138,0.0,0.3653828,0.15973422,0.2720817,0.13948202,0.10390158,0.46466497,0.4033019,0.7200989,0.41180667,0.0,0.3653828,inf,Fam221a_isoform_X3
XP_011240596.1_PREDICTED:_Kruppel-like_zinc_finger_protein_isoform_X2_[Mus_musculus]_seq2,0,0,0,0,0,0,1,0,0,0,Zfp868,Zfp868_isoform_X2,RKSYECNQCGKTLSSYNSLQRHQKIHIEERPYKCQQCTKAFRCLNALQSHERIHTGEKPYEC,0.0,0.0,0.0,0.0,0.0,0.0,0.0,0.0,0.0,0.0,0.59062976,0.6071788,0.4239458,0.0,0.13991086,0.72430485,1.685073,0.18363932,0.0,0.0,0.07911885,0.07293589,0.0,0.0,0.0,0.0,0.7265207,0.0,0.0,0.0,0.22194704,0.14295001,0.061147008,0.0,0.026880154,0.12907632,0.6481038,0.022954915,0.0,0.0,inf,Zfp868_isoform_X2
NP_705729.1_UPF0258_protein_KIAA1024_[Mus_musculus]_seq19,0,1,1,0,0,0,1,0,0,0,AF529169,AF529169_,PPQHRLPKQPKDGFLVEQVFSPHPYPTSLKGHMKSNPLYTDMRLTELAEVKRGQPSWTIEEY,0.0,0.0,0.0,0.0,0.0,0.0,0.1185999,0.0,0.0,0.1436781,0.829522,1.6612303,2.2874298,0.07670699,1.3561519,0.8253482,1.872336,1.1768494,0.0,0.1436781,0.0,0.0,0.0,0.0,0.24650866,0.075160354,0.7325554,0.4295924,0.0,0.1436781,0.1659044,0.24633648,0.40158156,0.015341398,0.45246294,0.24406163,0.82983255,0.46857086,0.0,0.1436781,inf,AF529169_
NP_038808.2_neuronal_PAS_domain-containing_protein_3_[Mus_musculus]_seq4,0,1,0,0,0,1,2,1,0,0,Npas3,Npas3_,PNTSVKGAQRRRSPSALAIEVFEAHLGSHILQSLDGFVFALNQEGKFLYISETVSIYLGLSQ,0.0,0.0,0.0,0.0,0.0,0.0,0.0,0.0,0.0,0.02474588,1.5308921,1.8090947,1.0954878,0.0,0.97114515,1.8484023,1.822075,2.6002092,0.0,0.02474588,0.09703035,0.048068102,0.0,0.0,0.0,0.84291714,0.73603624,0.25332412,0.0,0.02474588,0.53547937,0.2964695,0.17434962,0.0,0.13873503,0.7531685,0.84447974,0.6240872,0.0,0.02474588,3.2487194538116455,Npas3_
XP_017175142.1_PREDICTED:_aldehyde_oxidase_2_isoform_X1_[Mus_musculus]_seq17,0,0,0,0,0,0,0,0,0,0,Aox2,Aox2_isoform_X1,DVQAKRATEKIKITYEDLKPVIFTIEDAIKHNSFLCPEKKLEQGNIEEAFENVDQVAEGTVH,0.0,0.0,0.0,0.0,0.0,0.0,0.0,0.0,0.0,0.11847902,0.7654231,0.6307857,0.9213435,0.0,0.9890322,1.2853489,0.9899777,0.56082094,0.0,0.11847902,0.13905135,0.0,0.0,0.0,0.0,0.0,0.73732543,0.0,0.0,0.11847902,0.29605663,0.066319115,0.068025924,0.0,0.17946208,0.26037353,0.57203436,0.11025834,0.0,0.11847902,inf,Aox2_isoform_X1
NP_766075.2_proline-rich_transmembrane_protein_3_isoform_b_precursor_[Mus_musculus]_seq5,0,0,0,0,0,0,1,0,0,0,Prrt3,Prrt3_isoform_b,PARNEELIMVKAETHITQASPWDFQGSSHTPVPETDAVRTLVLGKQGGHEQGFQEAVQGPLL,0.0,0.0,0.0,0.0,0.0,0.0,0.0,0.0,0.0,0.0,1.0163978,0.7192263,0.8111912,0.6481772,0.63847613,1.0208728,2.405803,1.1017338,0.0,0.0,0.21228056,0.0,0.0,0.0,0.0,0.16484034,0.7436934,0.084454015,0.0,0.0,0.45553556,0.16865349,0.14341033,0.12963544,0.16473469,0.26302162,0.84754443,0.24286598,0.0,0.0,2.952265977859497,Prrt3_isoform_b
NP_032268.2_forkhead_box_protein_D1_[Mus_musculus]_seq2,0,2,3,0,0,0,1,0,0,0,Foxd1,Foxd1_,GGGSRLPSSAQRRRRSYAGEDDLEDLEEEDDDDLLLASRPAASPAPPGPAPAPGTGSGGCSG,0.0,0.0,0.0,0.0,0.0,0.17108119,0.0,0.0,0.0,0.0,0.8679484,2.7523375,2.5866685,0.3780859,0.87593293,1.3413036,1.7394606,1.5722642,0.0,0.0,0.11916262,0.37028095,0.12111879,0.0,0.0,0.8075975,0.7451448,0.26285753,0.0,0.0,0.37396452,0.6480563,0.7072939,0.07561718,0.12513328,0.74533176,0.7392757,0.42832258,0.0,0.0,inf,Foxd1_
NP_690017.2_serine/threonine-protein_kinase_PLK2_[Mus_musculus]_seq1,0,0,0,0,2,0,0,0,0,0,Plk2,Plk2_,MELLRTITYQPAAGTKMCEQALGKACGGDSKKKRPQQPSEDGQPQAQVTPAAPHHHHHHSHS,0.0,0.0,0.0,0.0,0.0,0.0,0.0,0.0,0.0,0.12149336,0.9701764,0.81067735,1.5058659,0.57909906,2.4563875,0.8769244,0.8508911,1.0508137,0.0,0.12149336,0.24077766,0.10175365,0.0,0.0,0.26583922,0.08000391,0.7527703,0.0,0.0,0.12149336,0.31582636,0.28681624,0.32464185,0.11581981,0.82143545,0.23402599,0.526045,0.18132597,0.0,0.12149336,inf,Plk2_
XP_006539615.1_PREDICTED:_glutamate_receptor_ionotropic__kainate_5_isoform_X2_[Mus_musculus]_seq13,0,1,0,0,0,0,1,0,0,0,Grik5,Grik5_isoform_X2,QTYQRMWNYMQSKQPSVFVKSTEEGIARVLNSRYAFLLESTMNEYHRRLNCNLTQIGGLLDT,0.0,0.0,0.0,0.0,0.0,0.18559398,0.0,0.0,0.0,0.02474588,1.0488808,1.900012,1.5758533,0.0,0.6890128,0.91908026,1.8373535,1.200745,0.0,0.02474588,0.71457475,0.09596056,0.14454623,0.0,0.0,0.3796663,0.7576242,0.47172385,0.0,0.02474588,0.5712984,0.33708298,0.323205,0.0,0.25845155,0.41931692,0.7518978,0.48041955,0.0,0.02474588,4.178651809692383,Grik5_isoform_X2
NP_031944.3_eukaryotic_translation_initiation_factor_4E-binding_protein_1_[Mus_musculus]_seq2,0,1,1,0,1,0,0,0,0,0,Eif4ebp1,Eif4ebp1_,TTPGGTRIIYDRKFLMECRNSPVAKTPPKDLPAIPGVTSPTSDEPPMQASQSQLPSSPEDKR,0.0,0.0,0.0,0.0,0.0,0.0,0.0,0.0,0.0,1.2374378,1.003426,2.5096169,1.9765335,0.07696757,2.5888574,1.0265884,1.2728909,0.5356144,0.0,1.2374378,0.16804282,0.14156346,0.0,0.0,0.0,0.0,0.7656872,0.20695645,0.0,1.2374378,0.35514218,0.38381648,0.3579314,0.015393513,0.6543807,0.3095232,0.7471218,0.2236432,0.0,1.2374378,inf,Eif4ebp1_
NP_067521.2_N-terminal_EF-hand_calcium-binding_protein_3_[Mus_musculus]_seq4,0,0,0,0,0,0,2,1,0,0,Necab3,Necab3_,QFVTRFLLRETVNQLQALQTSLEGASDTLEAQAHGQRLDEETIKAQSRPCGSRRAGRRALRS,0.0,0.0,0.0,0.0,0.0,0.0,0.0,0.0,0.0,0.022580314,0.09491594,1.4647917,1.2721406,0.55290824,0.00050450885,0.533378,2.4633431,2.252672,0.0,0.022580314,0.0,0.0,0.0,0.0,0.0,0.0,0.7666391,0.038302287,0.0,0.022580314,0.018983189,0.22609116,0.23073384,0.119012676,7.207269e-05,0.10742744,1.0426143,0.38806748,0.0,0.022580314,3.4010720252990723,Necab3_
NP_031468.1_homeobox_protein_aristaless-like_4_[Mus_musculus]_seq1,0,0,0,0,0,0,0,1,0,0,Alx4,Alx4_,MNAETCVSYCESPAAAMDAYYSPVSQSREGSSPFRGFPGGDKFGTTFLSAGAKGQGFGDAKS,0.0,0.0,0.0,0.0,0.0,0.0,0.0,0.0,0.0,0.2898738,0.13905135,0.5019305,0.72384423,0.0,0.0,0.6931265,1.5060974,2.0909653,0.0,0.2898738,0.0,0.07238551,0.0,0.0,0.0,0.0,0.76711464,0.0,0.0,0.2898738,0.02781027,0.15140371,0.13726929,0.0,0.0,0.18624201,0.7872544,0.4705403,0.0,0.2898738,inf,Alx4_
XP_006500869.1_PREDICTED:_uncharacterized_protein_6430590A07Rik_[Mus_musculus]_seq4,0,0,0,0,0,1,2,0,0,0,6430590A07Rik,6430590A07Rik_,LTAPGLEKEQVSREWAARRLARAGIMANLGSEAEREPLLGPGSPESRFFYCDNVHLAISSKD,0.0,0.0,0.0,0.0,0.0,0.0,0.0,0.0,0.0,0.31214827,0.22542016,1.165257,0.23706725,0.0,0.1413014,3.188293,2.2438467,0.7218465,0.0,0.31214827,0.0,0.0,0.0,0.0,0.0,0.14100337,0.7713627,0.0,0.0,0.31214827,0.045084033,0.15877736,0.030817294,0.0,0.020185914,0.5682607,0.91408426,0.16213864,0.0,0.31214827,inf,6430590A07Rik_
NP_001272857.1_UBX_domain-containing_protein_10_[Mus_musculus]_seq1,0,2,0,0,0,0,1,0,0,0,Ubxn10,Ubxn10_,MAIEAPVNFAPPERSTVVSTAGDSSTWQPSSLRMHVIRPKSAKGRKRPNLHRPQGMGDGSPS,0.0,0.0,0.0,0.0,0.0,0.0,0.0,0.0,0.0,0.16348384,0.0,2.7092197,1.4731519,0.0,0.13977835,1.0841924,2.1125817,0.2285548,0.0,0.16348384,0.0,0.18692061,0.0,0.0,0.0,0.0,0.7766486,0.0,0.0,0.16348384,0.0,0.41733015,0.34161437,0.0,0.019968335,0.1685674,0.7630307,0.05190036,0.0,0.16348384,inf,Ubxn10_
XP_006521539.1_PREDICTED:_protein_FAM118A_isoform_X1_[Mus_musculus]_seq8,0,1,2,0,1,0,1,0,0,0,Fam118a,Fam118a_isoform_X1,FPGYVQDLATQICKQRSPDAERVDSTTLLGNACQDCAKRKLEENGIEVTKKVRQSDTDGAES,0.0,0.0,0.0,0.0,0.0,0.0,0.24129614,0.0,0.0,0.0519872,1.1349064,3.467227,2.6371124,0.662669,1.7783986,1.5179055,2.0626187,0.5939993,0.15137692,0.0519872,0.21054679,0.21462023,0.09782961,0.0,0.0,0.5310481,0.78241026,0.1061887,0.0,0.0519872,0.426824,0.40991688,0.5656282,0.18887672,0.37794584,0.559914,0.890922,0.17114078,0.03784423,0.0519872,inf,Fam118a_isoform_X1
XP_011249076.1_PREDICTED:_protein_unc-45_homolog_A_isoform_X1_[Mus_musculus]_seq8,0,1,1,0,0,0,2,1,0,0,Unc45a,Unc45a_isoform_X1,LTEVGVSGQGRDNALTLLIKMVPRKSPKDPNNSLTLWVIDQGLKKILEVGGSLQDAAGELTV,0.0,0.0,0.0,0.0,0.0,0.0,0.0,0.0,0.0,0.2919091,0.56089956,2.0792706,1.7511439,0.0,0.38525432,0.80771357,3.5468557,5.1317673,0.0,0.2919091,0.0,0.0,0.0,0.0,0.0,0.0,0.7862134,0.024349777,0.0,0.2919091,0.14793456,0.2857652,0.28366557,0.0,0.084125265,0.29451647,1.2302933,0.7270263,0.0,0.2919091,2.947046995162964,Unc45a_isoform_X1
NP_034174.2_DNA_fragmentation_factor_subunit_alpha_isoform_b_[Mus_musculus]_seq6,0,0,1,0,0,0,0,1,0,0,Dffa,Dffa_isoform_b,NILSNQKESKAALSEELDAVDTGVGREMASEVLLRSQILTTLKEKPAPELSLSSQDLEVGKN,0.0,0.0,0.0,0.0,0.0,0.0,0.0,0.0037668296,0.0,0.1407301,1.3802224,0.82920796,1.6077048,0.14326005,0.6734573,1.0633409,0.8976424,1.5854783,0.0,0.1407301,0.0,0.16474487,0.6491923,0.0,0.0,0.0,0.787861,0.3626588,0.0,0.1407301,0.30028132,0.2815096,0.52543765,0.028652009,0.1417353,0.23388706,0.5601503,0.5584874,0.0,0.1407301,inf,Dffa_isoform_b
NP_899197.2_solute_carrier_family_12_member_1_isoform_A_[Mus_musculus]_seq24,0,1,0,0,0,0,0,0,0,0,Slc12a1,Slc12a1_isoform_A,MIEPYRLHESHKDLTTAEKLKRESPWKITDAELEAVKEKSYRQVRLNELLQEHSRAANLIVL,0.0,0.0,0.0,0.0,0.0,0.0,0.0,0.0,0.0,0.02474588,0.420332,2.3556406,0.46231043,0.0,0.5407803,1.242181,1.3280399,0.7492202,0.0,0.02474588,0.0,0.04836787,0.0,0.0,0.0,0.5309716,0.79332435,0.0,0.0,0.02474588,0.1605539,0.32968545,0.054656845,0.0,0.14830141,0.6019597,0.6529115,0.17325342,0.0,0.02474588,inf,Slc12a1_isoform_A
NP_033084.2_ral_guanine_nucleotide_dissociation_stimulator_isoform_3_[Mus_musculus]_seq17,0,0,0,0,0,0,1,0,0,0,Ralgds,Ralgds_isoform_3,GISSASSSTSSSSASTTPVSTTRTHKRSVSGVCSYSSSLPLYNQQVGDCCIIRVSLDVDNGN,0.0,0.0,0.0,0.0,0.0,0.0,0.4515628,0.0,0.0,0.37195832,1.1574302,0.81147605,1.5826696,0.0,0.13977835,0.69062746,2.7203074,1.021454,0.0,0.37195832,0.0,0.0,0.0,0.0,0.0,0.14037344,0.7976908,0.056021266,0.0,0.37195832,0.36854395,0.16639425,0.19861805,0.0,0.03349771,0.2623612,1.0444828,0.31356466,0.0,0.37195832,9.990793228149414,Ralgds_isoform_3
NP_083821.1_probable_D-tyrosyl-tRNA(Tyr)_deacylase_2_[Mus_musculus]_seq3,0,0,0,0,0,0,1,0,0,0,Dtd2,Dtd2_,VLIIPQATLGGRVKGRSMQYHSNSGKEEGSELYSQFVSLCEKAVANNTKSVEAGVAVAHGTY,0.0,0.0,0.0,0.0,0.0,0.0,0.0,0.0,0.0,0.4263345,1.2645102,1.3651239,0.42203215,0.3780859,0.0,0.3127661,3.4345305,0.6935669,0.0,0.4263345,0.0,0.07505674,0.0,0.0,0.0,0.0,0.80198514,0.0,0.0,0.4263345,0.27385214,0.20295185,0.08562953,0.07561718,0.0,0.04871402,1.0364879,0.13065703,0.0,0.4263345,inf,Dtd2_
XP_006502151.1_PREDICTED:_tubulin_polyglutamylase_TTLL7_isoform_X2_[Mus_musculus]_seq16,0,2,0,0,0,0,1,2,0,0,Ttll7,Ttll7_isoform_X2,SSYARHLPHGSDTGSTNTLNESLRQLKTKEQEDDLTSQTLFVLKDMRIRFPGKSDAESELLI,0.096222445,0.0,0.0,0.0,0.0,0.0,0.0,0.0,0.0,1.2142715,1.5839635,2.7328248,1.5039258,0.23679349,1.0584719,0.5171418,2.599488,2.6785684,0.0,1.2142715,0.60133874,0.5647865,0.3205469,0.0,0.46615377,0.08283902,0.8033645,1.0714978,0.0,1.2142715,0.6520497,0.6711502,0.4804509,0.0473587,0.45446545,0.19892891,1.0305768,1.1568152,0.0,1.2142715,11.632993698120117,Ttll7_isoform_X2
XP_006530181.1_PREDICTED:_2'-5'_oligoadenylate_synthetase_1C_isoform_X1_[Mus_musculus]_seq5,0,0,0,0,0,0,0,0,0,0,Oas1c,Oas1c_isoform_X1,KVYAQLIHECTTLEKEGDFSICFTDLHQNFMRYRAPKLWNLIRLVKHWYQLCKEKLREPLPP,0.0,0.0,0.0,0.0,0.0,0.0,0.1334737,0.0,0.0,0.8060999,0.7675748,0.69473696,1.0138516,0.019661477,0.53155065,0.80630004,1.0574201,0.5240116,0.0,0.8060999,0.47609624,0.021955619,0.0,0.0,0.13435002,0.0,0.810681,0.021871032,0.0,0.8060999,0.377784,0.12812708,0.18892986,0.0039322954,0.17478561,0.17113924,0.6641713,0.1351406,0.0,0.8060999,inf,Oas1c_isoform_X1
XP_006508797.1_PREDICTED:_ras_GTPase-activating_protein_3_isoform_X1_[Mus_musculus]_seq14,0,0,0,0,0,0,1,0,0,0,Rasa3,Rasa3_isoform_X1,RFGMKNFKKRWFRLTNHEFTYQKSKGDQPLCNIPIENILAVERLEEESFRMKNMFQVIQPER,0.0,0.0,0.0,0.0,0.0,0.0,0.0,0.0,0.0,0.21457703,1.0144364,0.87767565,1.0457468,0.58922994,0.26401958,0.52554303,1.6233653,0.5841094,0.0,0.21457703,0.0,0.0,0.0,0.0,0.0,0.0,0.8117173,0.034450874,0.0,0.21457703,0.20288727,0.12779395,0.10580866,0.11784599,0.03771708,0.12174215,0.69923043,0.1525212,0.0,0.21457703,inf,Rasa3_isoform_X1
NP_001239503.1_solute_carrier_family_35_member_C2_isoform_1_[Mus_musculus]_seq7,0,0,0,0,2,0,1,0,0,0,Slc35c2,Slc35c2_isoform_1,SEFLLVSRTSSLTLSIAGIFKEVCTLLLAAHLLGDQISLLNWLGFALCLSGISLHVALKALH,0.0,0.0,0.0,0.0,0.0,0.0,0.0,0.0,0.0,0.7137069,1.2491146,0.8119701,0.7494713,0.0,1.8277755,1.378643,2.6653001,0.52990294,0.0,0.7137069,1.0271076,0.0,0.0,0.0,0.0,0.14100337,0.81305647,0.0,0.0,0.7137069,0.68140113,0.1812007,0.08037022,0.0,0.5492959,0.49553594,0.9614837,0.0924686,0.0,0.7137069,inf,Slc35c2_isoform_1
XP_011238090.1_PREDICTED:_zinc_finger_protein_2_isoform_X2_[Mus_musculus]_seq2,1,2,0,0,0,1,2,2,0,0,Zfp661,Zfp661_isoform_X2,LENYESIISLGLPVPRPDVILQFKRRGEPWIRGFHGSEEKTWPESVSLDLETKPETLDASRG,0.0,0.0,0.0,0.0,0.0,0.0,0.07326865,0.0,0.0,0.8946336,1.6907747,2.3167744,1.2344768,1.0598359,1.5162551,1.6728696,3.4339106,3.3131588,0.0,0.8946336,0.34247908,0.50525117,0.07458968,0.0,0.0,0.10839141,0.81865096,0.29526684,0.0,0.8946336,0.5422448,0.66167396,0.26126444,0.21196719,0.40770745,0.39907566,1.3175453,0.85515565,0.0,0.8946336,inf,Zfp661_isoform_X2
XP_006530339.1_PREDICTED:_T-box_transcription_factor_TBX3_isoform_X1_[Mus_musculus]_seq5,0,1,1,0,1,0,0,0,0,0,Tbx3,Tbx3_isoform_X1,AGKADPEMPKRMYIHPDSPATGEQWMSKVVTFHKLKLTNNISDKHGFTLAFPSDHATWQGNY,0.0,0.0,0.0,0.0,0.0,0.0,0.0,0.0,0.0,0.3844498,0.544992,1.8348014,1.6621256,0.64089835,3.089626,0.77815545,1.4992832,0.99845994,0.0,0.3844498,0.124381825,0.0,0.19074763,0.0,0.0,0.20839022,0.8191093,0.0,0.0,0.3844498,0.1670067,0.22877853,0.34422642,0.12817967,0.7182098,0.27020773,0.7269575,0.18117456,0.0,0.3844498,inf,Tbx3_isoform_X1
XP_006532105.1_PREDICTED:_beta-2-glycoprotein_1_isoform_X1_[Mus_musculus]_seq2,0,0,0,0,0,0,2,0,0,0,Apoh,Apoh_isoform_X1,PACARITCPPPPVPKFALLKDYRPSAGNNSLYQDTVVFKCLPHFAMIGNDTVMCTEQGNWTR,0.0,0.0,0.0,0.0,0.0,0.0,0.0,0.0,0.0,0.67862827,0.8773828,1.444358,1.379443,0.0,0.0,0.7238863,3.3582594,1.1686227,0.0,0.67862827,0.0,0.07336473,0.09610676,0.0,0.0,0.23434412,0.8319864,0.024073627,0.0,0.67862827,0.31216908,0.36460495,0.3979722,0.0,0.0,0.31188294,1.1797267,0.18772885,0.0,0.67862827,inf,Apoh_isoform_X1
XP_011242619.1_PREDICTED:_leukocyte_elastase_inhibitor_C_isoform_X3_[Mus_musculus]_seq6,3,1,0,0,0,0,1,2,0,0,Serpinb1c,Serpinb1c_isoform_X3,LEKLQECENLQNIDVCVKLPKFKMEESYILNSNLGQLGVQDLFSSSKADLSGMSGSRDLFIS,0.16785268,0.0,0.0,0.0,0.0,0.13828945,0.0,0.0,0.0,0.16127323,3.8821962,1.8572577,1.1703376,0.2612106,1.5806015,1.3356367,2.495337,2.7254972,0.0,0.16127323,1.606125,0.17777453,0.16899538,0.0,0.0,0.21650432,0.83644354,0.95039415,0.0,0.16127323,1.6336777,0.41175926,0.29678735,0.08876033,0.24817641,0.52965873,0.9307189,1.0532837,0.0,0.16127323,inf,Serpinb1c_isoform_X3
NP_001171284.1_WW_domain_binding_protein_1-like_isoform_3_[Mus_musculus]_seq5,0,3,2,0,0,1,1,0,0,0,Wbp1l,Wbp1l_isoform_3,TRPPSVADPQSPEVPTDREATKASGTESGSPMAGHGELDPGAFLDQDSECKEELLKDSRSER,0.0,0.0,0.0,0.0,0.0,0.0,0.2720428,0.0,0.0,0.5552697,0.9019465,4.3188524,1.8731933,0.24844243,1.0014876,1.6880668,1.7318523,1.1535236,0.0,0.5552697,0.03671895,0.6689156,0.5817901,0.0,0.44951177,0.42004323,0.83919716,0.34575891,0.0,0.5552697,0.21334104,0.83857435,0.6702679,0.075450696,0.4393434,0.6177545,0.93950105,0.4322145,0.0,0.5552697,inf,Wbp1l_isoform_3
NP_001299796.1_eukaryotic_translation_initiation_factor_4H_isoform_2_[Mus_musculus]_seq4,0,1,0,0,1,0,2,0,0,0,Eif4h,Eif4h_isoform_2,KGGPDDRGYRDDFLGGRGGSRPGDRRAGPPMGSRFRDGPPLRGSNMDFREPTEEERAQRPRL,0.0,0.0,0.0,0.0,0.0,0.0,0.0,0.0,0.0,0.16807604,0.44187316,2.054681,0.93280363,0.05659968,2.3763442,0.6193764,5.424557,0.7494021,0.0,0.16807604,0.008974973,0.0,0.0,0.0,0.0,0.08315921,0.8452173,0.21568201,0.0,0.16807604,0.09462277,0.3105606,0.14630982,0.018054644,0.47517085,0.2216373,1.5157075,0.31038126,0.0,0.16807604,inf,Eif4h_isoform_2
XP_006540908.1_PREDICTED:_A_disintegrin_and_metalloproteinase_with_thrombospondin_motifs_17_isoform_X4_[Mus_musculus]_seq18,0,1,0,0,0,0,1,2,0,0,Adamts17,Adamts17_isoform_X4,CTNSQGKCDASTRPKAEEECEDYSGCYEWKTGDWSKCSSTCGKGLQSRVVQCMHKLTGRHGS,0.22615124,0.0,0.0,0.0,0.0,0.0,0.0,0.0,0.0,0.22771876,1.5794914,1.9161129,0.75349385,0.0,0.8385894,0.83843726,1.8517858,1.7302994,0.0,0.22771876,0.64144874,0.40475327,0.20599261,0.0,0.0,0.09520963,0.8479334,0.093597494,0.0,0.22771876,0.7340249,0.46793,0.28446698,0.0,0.19016483,0.22431521,0.7789785,0.5066964,0.0,0.22771876,3.6781845092773438,Adamts17_isoform_X4
NP_848825.2_serine/threonine-protein_kinase_SIK2_[Mus_musculus]_seq21,0,0,0,0,0,0,1,0,0,0,Sik2,Sik2_,NYPASCHYPVDGAQQSNLTGADCPRSSGLQDTASSYDPLALSELPGLFDCEMVEAVDPQHNG,0.6292421,0.0,0.0,0.0,0.0,0.0,0.0,0.0,0.0,0.9278922,1.4758677,1.1334025,1.0656232,0.0,1.4510418,1.4201804,2.273935,1.5549212,0.0,0.9278922,0.82499856,0.27525783,0.14072369,0.0,0.0,0.27272347,0.84821856,0.7190087,0.0,0.9278922,0.9942931,0.3865544,0.3181558,0.0,0.4341305,0.48475918,0.89494437,0.7411488,0.0,0.9278922,2.9367475509643555,Sik2_
NP_032494.3_importin_subunit_alpha-7_[Mus_musculus]_seq1,1,3,1,0,0,0,1,0,0,0,Kpna6,Kpna6_,METMASPGKDNYRMKSYKNNALNPEEMRRRREEEGIQLRKQKREQQLFKRRNVELINEEAAM,0.18366839,0.0,0.0,0.0,0.0,0.0,0.0,0.0,0.0,0.31238875,1.7486868,1.8261042,10.733861,0.0,0.36626232,0.72351116,1.7014686,0.8520646,0.0,0.31238875,0.7725322,0.1658809,0.09474894,0.0,0.0,0.0,0.85238314,0.048365302,0.0,0.31238875,0.7969664,0.50026745,0.9031022,0.0,0.085946225,0.11694203,0.76186943,0.20973673,0.0,0.31238875,inf,Kpna6_
XP_011246835.1_PREDICTED:_zinc_finger_protein_821_isoform_X1_[Mus_musculus]_seq7,0,1,3,0,0,1,1,1,0,0,Zfp821,Zfp821_isoform_X1,WALRRQNEPLEVRLQRLERERTAKKSRRDNETPEEREVRRMRDREAKRLQRMQETDEQRARR,0.0,0.0,0.0,0.0,0.0,0.0,0.0,0.0,0.0,1.4086033,1.1964347,1.6856971,2.2786908,0.03892686,1.4581413,2.1910784,2.4004633,1.793336,0.0,1.4086033,0.67454803,0.8022956,0.2590769,0.0,0.25776923,0.5610842,0.85586375,0.5767747,0.0,1.4086033,0.5684376,0.7048785,0.6863601,0.0077853715,0.37204838,0.8648009,0.90214276,0.6571259,0.0,1.4086033,inf,Zfp821_isoform_X1
XP_006496795.1_PREDICTED:_tudor_domain-containing_protein_5_isoform_X7_[Mus_musculus]_seq17,0,1,0,0,0,0,1,0,0,0,Tdrd5,Tdrd5_isoform_X7,ASSAGDMVLTDLGHPAQQHYLNEDQEILQQAQQDINDGKCISYLKSAPKELLKDSKLSSLKT,0.0,0.0,0.0,0.0,0.0,0.0,0.0,0.0,0.0,0.0,0.7247957,2.698626,0.6952863,1.1997703,0.84332657,0.35703486,2.2334056,0.0,0.0,0.0,0.0,0.0,0.0,0.0,0.0,0.0,0.86755705,0.0,0.0,0.0,0.14495914,0.16334139,0.05184599,0.23995407,0.120475225,0.05100498,0.9105675,0.0,0.0,0.0,7.219432830810547,Tdrd5_isoform_X7
XP_006515140.1_PREDICTED:_WD_repeat_and_coiled-coil-containing_protein_C2orf44_homolog_isoform_X1_[Mus_musculus]_seq16,0,0,0,0,0,0,2,0,0,0,Wdcp,Wdcp_isoform_X1,ADSQGFIPLTFKAAQTVVVRDGSLSKPKGARGPLSHNQDPGPPPEVFRNLATQNVDTAGSFD,0.0,0.0,0.0,0.0,0.0,0.0,0.0,0.0,0.0,0.0,1.4869468,1.1427076,0.56269115,0.7326897,1.3470753,0.84556,2.398223,0.5758505,0.48698094,0.0,0.20966873,0.141909,0.0,0.0,0.0,0.0,0.87427384,0.076240666,0.0,0.0,0.41223806,0.22489308,0.13198279,0.14653793,0.23463808,0.12079429,1.0055271,0.16832326,0.121745236,0.0,10.965547561645508,Wdcp_isoform_X1
XP_006497186.1_PREDICTED:_serine/threonine-protein_kinase_Nek2_isoform_X1_[Mus_musculus]_seq7,1,3,1,0,0,0,2,0,0,0,Nek2,Nek2_isoform_X1,RPSVEEILESPLIADLVAEEQRRNLERRGRRSGEPSKLPDSSPVLSELKLKERQLQDREQAL,0.0,0.0,0.0,0.0,0.0,0.0,0.0,0.0,0.0,0.5338671,1.7353089,1.816082,2.3396585,0.0,1.1626987,0.8376607,1.8886527,0.832311,0.0,0.5338671,0.2933591,0.3419877,0.3104038,0.0,0.09467373,0.4821633,0.8793895,0.26620182,0.0,0.5338671,0.5373718,0.54296803,0.4087335,0.0,0.34001777,0.33954924,0.9165363,0.32314867,0.0,0.5338671,inf,Nek2_isoform_X1
XP_011238079.1_PREDICTED:_chromodomain-helicase-DNA-binding_protein_6_isoform_X3_[Mus_musculus]_seq54,0,1,0,0,1,1,1,0,0,0,Chd6,Chd6_isoform_X3,LKEQTLQAGILEVHEDAGQTTLSTTHPEVPGATSSAPEPTAAASSQAEKAVPSKSLLDWLRQ,0.0,0.0,0.0,0.0,0.0,0.0,0.0,0.0,0.0,0.5040953,0.9068601,2.5639749,1.3264422,0.2245355,1.7501767,4.306723,2.2498655,0.43088394,0.6636897,0.5040953,0.20662181,0.0,0.0,0.0,0.42594948,1.0084064,0.8803678,0.0,0.0,0.5040953,0.36741024,0.32112017,0.28412515,0.076393634,0.5363688,1.1040844,0.9228713,0.053860493,0.16592242,0.5040953,5.705226421356201,Chd6_isoform_X3
NP_766466.3_tetratricopeptide_repeat_protein_34_[Mus_musculus]_seq12,0,0,1,0,0,1,1,0,0,0,Ttc34,Ttc34_,AFTQALALAPAQAQNSLLEQPGQAMTASVFLIHGQRCLEEEHFEEAWTAVQNGLLVDPSHSG,0.0,0.0,0.0,0.0,0.0,0.0,0.07867839,0.0,0.0,0.51132125,0.8062102,1.1555501,1.8332026,0.48306417,0.79888445,4.7857633,2.4855819,0.9875476,0.0,0.51132125,0.32938713,0.13767442,0.32132822,0.0,0.0,1.0268152,0.89083487,0.36743793,0.0,0.51132125,0.33362585,0.29828262,0.44977754,0.09661283,0.2510996,1.2816831,0.9259742,0.41855136,0.0,0.51132125,inf,Ttc34_
XP_011238805.1_PREDICTED:_thyroid_hormone_receptor-associated_protein_3_isoform_X1_[Mus_musculus]_seq16,0,0,1,0,0,0,3,0,0,0,Thrap3,Thrap3_isoform_X1,TLHERFTKYLKRGNEQEAAKNKKSPEIHRRIDISPSTFRKHGLTHEELKSPREPGYKAEGKY,0.0,0.0,0.0,0.0,0.0,0.0,0.0,0.0,0.0,0.0,0.061446182,1.2876941,2.6048071,0.0,0.0,0.27272347,2.0890145,0.3083718,0.0,0.0,0.0,0.0,0.0,0.0,0.0,0.0,0.89710873,0.0,0.0,0.0,0.012289236,0.09946212,0.33142537,0.0,0.0,0.052605707,0.94604135,0.06158568,0.0,0.0,inf,Thrap3_isoform_X1
NP_067414.2_carbohydrate_sulfotransferase_11_[Mus_musculus]_seq2,0,1,2,0,0,1,1,0,0,0,Chst11,Chst11_,NPFGVDICCRKGSRSPLQELYNPIQLELSNTAILHQMRRDQVTDTCRANSAMSRKRRVLTPN,0.0,0.0,0.0,0.0,0.0,0.0,0.0,0.0,0.0,0.38895562,0.60309064,1.5903313,2.5022697,0.0,1.2413992,1.6581454,1.8517858,1.3231707,0.0,0.38895562,0.0,0.26925683,0.42408657,0.0,0.0,0.62762135,0.91416967,0.20439829,0.0,0.38895562,0.13024922,0.39739394,0.5502725,0.0,0.31204373,0.6288746,0.8684597,0.35750946,0.0,0.38895562,inf,Chst11_
NP_848478.2_histone-lysine_N-methyltransferase_SETMAR_isoform_1_[Mus_musculus]_seq6,0,0,0,0,0,0,0,0,0,0,Setmar,Setmar_isoform_1,IGNIGRFLNHSCEPNLLMIPVRIDSMVPKLALFAAKDILPGEELSYDYSGRFLNQVSSKDKE,0.0,0.0,0.0,0.0,0.0,0.0,0.0,0.0,0.0,0.07224826,0.3829575,1.0211625,0.9330963,0.0,0.20362252,0.38779464,1.3777033,0.53160703,0.0,0.07224826,0.0,0.0,0.0,0.0,0.0,0.17303857,0.9165063,0.0,0.0,0.07224826,0.0765915,0.11082982,0.1261369,0.0,0.03596226,0.19205262,0.7060588,0.07250498,0.0,0.07224826,inf,Setmar_isoform_1
NP_001033703.1_noelin_isoform_d_precursor_[Mus_musculus]_seq2,0,1,1,0,1,0,2,1,0,1,Olfm1,Olfm1_isoform_d,RCICTVVAPQQTMCSRDARTKQLRQLLEKVQNMSQSIEVLDRRTQRDLQYVEKMENQMKGLE,0.0,0.0,0.0,0.0,0.0,0.0,0.13488157,0.0,0.0,1.7721131,0.8061883,1.7327354,1.751594,0.3265229,6.5667048,1.3500481,2.3447456,7.291235,0.0,1.7721131,0.45141312,0.18960232,0.57911265,0.0,0.0,0.016607344,0.91853064,0.18170401,0.0,1.7721131,0.4641947,0.44146323,0.49021462,0.08515574,0.9773861,0.223335,1.1286203,1.1994457,0.0,1.7721131,inf,Olfm1_isoform_d
NP_033216.2_vacuolar_protein_sorting-associated_protein_4B_[Mus_musculus]_seq9,0,2,1,0,1,0,1,0,0,0,Vps4b,Vps4b_,VRDALMQPVRKVQSATHFKKVRGPSRADPNCIVNDLLTPCSPGDPGAIEMTWMDVPGDKLLE,0.0,0.0,0.0,0.0,0.0,0.0,0.0,0.0,0.0,0.05121425,0.56756145,2.1256132,1.7663274,0.35530728,2.2373884,1.5385842,2.5301962,0.6534786,0.0,0.05121425,0.36816072,0.0,0.0,0.0,0.0,0.0,0.9194791,0.12457235,0.0,0.05121425,0.29316914,0.2659316,0.19293839,0.071061455,0.3196269,0.33115122,0.97891086,0.24410583,0.0,0.05121425,2.9335074424743652,Vps4b_
NP_082422.3_dysbindin_domain-containing_protein_1_isoform_1_[Mus_musculus]_seq2,0,2,0,0,0,1,2,1,0,0,Dbndd1,Dbndd1_isoform_1,GEIVKDVKVPQAALNVSAHETGDMCRTPVAEEEEEVGIPIPAPGFLQVTERRQPLSSVSSLE,0.0,0.0,0.0,0.0,0.0,0.0,0.0,0.0,0.0,0.7294791,0.92234355,1.8957456,1.4641331,0.2882157,1.1205015,2.2726896,2.5546227,1.8885233,0.0,0.7294791,0.10162373,0.70982635,0.26558772,0.0,0.0,0.24548292,0.93198097,0.59474176,0.0,0.7294791,0.34999213,0.64666265,0.372424,0.057643138,0.20622943,0.62405974,1.1630083,0.7057281,0.0,0.7294791,inf,Dbndd1_isoform_1
NP_001009575.2_armadillo_repeat-containing_X-linked_protein_5_[Mus_musculus]_seq4,0,0,0,0,0,0,1,0,0,0,Armcx5,Armcx5_,IEASLKGAAKATDKRSIKQKPEIKKEVCVKSRAGDKAKEVCVKSSAGDKAKEVCVKSRAGDK,0.0,0.0,0.0,0.0,0.0,0.0,0.0,0.0,0.0,0.7717268,0.64144874,1.223569,1.2368867,0.0,0.42164817,0.0,1.8517858,0.9810763,0.0,0.7717268,0.0,0.04802659,0.09621971,0.0,0.0,0.0,0.9425576,0.0,0.0,0.7717268,0.13792083,0.31050158,0.28814268,0.0,0.11107581,0.0,0.8825116,0.17779787,0.0,0.7717268,inf,Armcx5_
XP_017173338.1_PREDICTED:_Niemann-Pick_C1_protein_isoform_X1_[Mus_musculus]_seq4,0,0,0,0,0,0,2,0,0,0,Npc1,Npc1_isoform_X1,FDPKTQENKTNVKELEYFVGQSFANAMYNACRDVEAPSSNEKALGLLCGRDARACNATNWIE,0.0,0.0,0.0,0.0,0.0,0.0,0.0,0.0,0.0,0.20209363,0.31013414,1.0586506,1.567818,0.299098,0.2822313,0.5437223,1.7486517,1.1847208,0.0,0.20209363,0.0,0.0,0.031078732,0.0,0.0,0.0,0.94952476,0.037057906,0.0,0.20209363,0.10691641,0.17913361,0.27924106,0.0598196,0.050792735,0.07767461,0.87257284,0.263781,0.0,0.20209363,inf,Npc1_isoform_X1
XP_006510357.1_PREDICTED:_noelin-2_isoform_X2_[Mus_musculus]_seq3,0,0,0,0,0,0,1,1,0,0,Olfm2,Olfm2_isoform_X2,RTFRDLQYVRSMETLMRSLDARLRAADGSVSAKSFQELKDRMTELLPLSSVLEQYKADTRTI,0.0,0.0,0.0,0.0,0.0,0.0,0.0,0.0,0.0,0.18998407,1.0488808,1.582543,1.0481555,0.0,0.22617373,0.74896914,3.461174,1.6220957,0.0,0.18998407,0.33781597,0.073123,0.0,0.0,0.0,0.0,0.95861995,0.0,0.0,0.18998407,0.37277788,0.25052074,0.11858207,0.0,0.032310534,0.15687026,1.1576122,0.3707111,0.0,0.18998407,inf,Olfm2_isoform_X2
NP_001107784.1_shootin-1_isoform_1_[Mus_musculus]_seq11,0,4,0,0,0,0,1,0,0,0,Shtn1,Shtn1_isoform_1,RPKAKPDSLKGSESAVDELKGILGTLNKSTSSRSLKSLGPENSETELERILRRRKLTAEADS,0.0,0.0,0.0,0.0,0.0,0.0,0.0,0.0,0.0,0.7584006,0.24172717,6.0334578,0.78009635,0.0,0.91531277,0.7722993,1.8517858,0.46033978,0.0,0.7584006,0.0,0.04786438,0.0,0.0,0.0,0.0,0.9740627,0.024349777,0.0,0.7584006,0.08075236,0.7936774,0.15154603,0.0,0.18573895,0.20352538,0.8468885,0.10545546,0.0,0.7584006,3.5132765769958496,Shtn1_isoform_1
XP_006518898.1_PREDICTED:_disks_large-associated_protein_5_isoform_X3_[Mus_musculus]_seq14,0,6,0,0,1,0,2,1,0,0,Dlgap5,Dlgap5_isoform_X3,KNAMKGRPQQEVQAHAAAPENTKEVDKIVFDAGFFRIESPVKSFSVLSSERRSQRFGTPLSA,0.0,0.0,0.0,0.0,0.0,0.061215922,0.0,0.0,0.0,0.23535575,1.1316589,4.437893,1.2030153,0.0617092,2.0961154,1.1040211,2.8195817,1.6231382,0.0,0.23535575,0.14447466,0.6296684,0.4137067,0.0,0.2832523,0.48025388,0.99469876,0.43232885,0.0,0.23535575,0.39643332,1.1656218,0.468451,0.019967029,0.64496523,0.53385353,1.094616,0.5802046,0.0,0.23535575,46.12982177734375,Dlgap5_isoform_X3
XP_017168033.1_PREDICTED:_protein_CBFA2T3_isoform_X2_[Mus_musculus]_seq10,0,1,0,0,1,0,1,0,0,0,Cbfa2t3,Cbfa2t3_isoform_X2,HWIRCYSDSEEGKKGPTPISARSLNSCSGPEGSQLDVHRDFTPRTLSGYMPEEIWRKAEEAV,0.0,0.0,0.0,0.0,0.0,0.0,0.0,0.0,0.0,0.0,0.8415631,2.790585,0.23248051,0.8168286,2.903919,0.012487122,2.805033,0.24121088,0.0,0.0,0.10379171,0.0,0.0,0.0,0.0,0.0,0.99498963,0.0,0.0,0.0,0.34213272,0.16415854,0.018103225,0.16336572,0.41484556,0.0017838746,1.0188854,0.04774494,0.0,0.0,3.4158225059509277,Cbfa2t3_isoform_X2
NP_775626.1_RNA_pseudouridylate_synthase_domain-containing_protein_2_[Mus_musculus]_seq9,0,0,0,0,0,0,1,0,0,0,Rpusd2,Rpusd2_,VGVCRVDPRGKPCETVFQRLSYNGRSSVVQCRPLTGRTHQIRVHLQFLGHPILNDPIYNSTA,0.0,0.0,0.0,0.0,0.0,0.0,0.0,0.0,0.0,0.21577041,0.6588906,0.8058062,0.7908454,0.57985777,0.0,0.06353646,2.9516895,0.0,0.0,0.21577041,0.0,0.0,0.0,0.0,0.0,0.0,0.99691594,0.0,0.0,0.21577041,0.14770438,0.116042875,0.09711013,0.11597155,0.0,0.009076637,1.056252,0.0,0.0,0.21577041,inf,Rpusd2_
XP_006508336.1_PREDICTED:_ubiquitin_carboxyl-terminal_hydrolase_47_isoform_X1_[Mus_musculus]_seq10,0,1,1,0,1,1,2,0,0,0,Usp47,Usp47_isoform_X1,LQLKRFDFDYTTMHRIKLNDRMSFPEELDMSTFIDIEDEKSPQTESCTDSGAENEGSCHSDQ,0.13905135,0.0,0.0,0.0,0.0,0.0,0.0,0.0,0.0,0.37294674,0.6934672,2.0658293,1.7119155,0.0,2.8160534,1.9668009,3.9016619,0.9166021,0.0,0.37294674,0.420332,0.024257489,0.0,0.0,0.1413014,0.86659396,0.9972368,0.24567084,0.0,0.37294674,0.40754414,0.35860884,0.2851356,0.0,0.61630327,0.8199216,1.3098006,0.37432772,0.0,0.37294674,3.3948023319244385,Usp47_isoform_X1
XP_011241796.1_PREDICTED:_zinc_finger_protein_781_isoform_X2_[Mus_musculus]_seq17,0,0,1,0,0,1,1,0,0,0,Zfp781,Zfp781_isoform_X2,HTGEKPYGCNQCGKAFTYNRDLHRHEIIHTGEKPYECNQRGKAFASQSYLQIHNRVHTRVEP,0.0,0.0,0.0,0.0,0.0,0.0,0.0,0.0,0.0,0.0,0.95729566,1.1250836,1.6770787,0.0,0.09493864,1.6736981,1.7727311,0.86765957,0.0,0.0,0.24172717,0.0,0.0,0.0,0.0,0.52017623,0.9975364,0.0,0.0,0.0,0.3209487,0.1948676,0.14433803,0.0,0.013562663,0.593133,0.82707053,0.108457446,0.0,0.0,inf,Zfp781_isoform_X2
XP_006515672.1_PREDICTED:_endoribonuclease_Dicer_isoform_X1_[Mus_musculus]_seq15,0,0,1,0,0,0,3,0,0,0,Dicer1,Dicer1_isoform_X1,PYVLRPDDGGPRVTINTAIGHINRYCARLPSDPFTHLAPKCRTRELPDGTFYSTLYLPINSP,0.0,0.0,0.0,0.0,0.0,0.0,0.0,0.0,0.0,0.4330844,1.0488808,1.2445686,1.6124052,0.0,0.048129786,1.2853382,4.0900726,1.2215489,0.0,0.4330844,0.38392377,0.18548194,0.09694014,0.0,0.0,0.4954043,0.9999741,0.5281178,0.0,0.4330844,0.4238221,0.3272994,0.27509505,0.0,0.013725132,0.46447143,1.4423479,0.57911843,0.0,0.4330844,3.1681132316589355,Dicer1_isoform_X1
NP_067277.2_serine/threonine-protein_kinase_32C_isoform_1_[Mus_musculus]_seq9,0,0,0,0,0,1,3,0,0,0,Stk32c,Stk32c_isoform_1,LQDMQTAPSLAHVLWDDLSEKKVEPGFVPNKGRLHCDPTFELEEMILESRPLHKKKKRLAKN,0.0,0.0,0.0,0.0,0.0,0.0,0.0,0.0,0.0,0.3262786,0.42797557,1.2962308,1.0047046,0.30214873,1.0218052,3.3181303,3.4903965,0.95554453,0.0,0.3262786,0.25123996,0.2625871,0.0087481495,0.0,0.0,0.0,1.0151383,0.11856275,0.0,0.3262786,0.22232297,0.2992255,0.276154,0.060429744,0.14716683,0.4991541,1.3451275,0.378113,0.0,0.3262786,inf,Stk32c_isoform_1
XP_006533394.1_PREDICTED:_rhomboid-related_protein_3_isoform_X6_[Mus_musculus]_seq6,0,0,1,0,1,0,2,3,0,0,Rhbdl3,Rhbdl3_isoform_X6,VQAAADGCGLDLYEYGVRKGCMAPFPPIGLSPVPPPKLCGTLGWRGRGHHPGRGGSQKLRAE,0.0,0.0,0.0,0.0,0.0,0.0,0.0,0.0,0.0,1.171801,0.78015924,0.9655448,3.4770029,0.014822963,1.9854596,0.5102523,2.4540546,1.917298,0.0,1.171801,0.27406472,0.06276255,0.0,0.0,0.7660945,0.13107681,1.0340834,0.65991247,0.0,1.171801,0.30015343,0.19248776,0.36805722,0.005903582,0.65818125,0.18156222,1.129349,0.8445607,0.0,1.171801,5.6793742179870605,Rhbdl3_isoform_X6
NP_001102513.1_zinc_finger_protein_185_isoform_b_[Mus_musculus]_seq1,1,2,1,0,1,2,3,1,0,0,Zfp185,Zfp185_isoform_b,MSISSLGSIGKGRTVPSGEEERNNILRQMKVRTTLKGDQSWITKHDDSEDHTIEPLSRHNRA,0.63146394,0.0,0.0,0.0,0.0,0.419562,0.0,0.09039756,0.0,0.7543546,1.8517565,2.1334047,1.757179,0.039262462,1.8196594,1.9661996,2.0967448,1.7816283,0.4769239,0.7543546,1.0953345,0.7023736,0.30414295,0.0,0.9032495,0.8814543,1.0373559,0.40522277,0.0,0.7543546,1.0877836,0.7434015,0.54986614,0.007852493,0.75189364,1.1536363,0.9777338,0.6680576,0.11923098,0.7543546,inf,Zfp185_isoform_b
NP_001161248.1_RNA-binding_protein_10_isoform_3_[Mus_musculus]_seq18,1,0,0,0,0,0,1,1,0,0,Rbm10,Rbm10_isoform_3,MEQMKYRDRAAERREKYGIPEPPEPKRRKYGGISTASVDFEQPTRDGLGSDNIGSRMLQAMG,0.0,0.0,0.0,0.0,0.0,0.0,0.0,0.0,0.0,0.41689774,5.1088195,1.1069958,1.4867172,0.6993765,0.2568544,1.508009,1.8569736,4.472703,0.0,0.41689774,0.0,0.0,0.29981923,0.0,0.0,0.67803645,1.0485513,0.58413655,0.0,0.41689774,1.1382325,0.19980502,0.42382932,0.20212571,0.036693484,0.6431341,0.901438,0.8886753,0.0,0.41689774,7.471208095550537,Rbm10_isoform_3
NP_058051.3_sulfotransferase_1_family_member_D1_[Mus_musculus]_seq6,0,2,0,0,0,0,0,1,0,0,Sult1d1,Sult1d1_,PEEILNKILYHSSFSVMKENPSANYTTMMKEEMDHSVSPFMRKGISGDWKNQFTVAQYEKFE,0.0,0.0,0.0,0.0,0.0,0.0,0.0,0.0,0.0,0.54984623,1.168257,2.3492384,1.025235,0.41998795,1.4784417,1.4208621,1.4554688,1.6936862,0.0,0.54984623,0.45000678,0.21042895,0.10484938,0.0,0.0,0.0,1.0839123,0.61870813,0.0,0.54984623,0.5230711,0.48636615,0.32546,0.08399759,0.4285512,0.4175981,0.8384879,0.67564535,0.0,0.54984623,inf,Sult1d1_
XP_017174749.1_PREDICTED:_formin-like_protein_2_isoform_X3_[Mus_musculus]_seq11,0,2,1,0,1,0,3,0,0,0,Fmnl2,Fmnl2_isoform_X3,NKELDVVREIYKDANTQVHTLRKMVKEKEEAIQRQSTLEKKIHELEKQGTIKIQKKGDGDIA,0.0,0.0,0.0,0.0,0.0,0.0,0.0,0.0,0.0,0.12217142,0.869341,1.8945065,2.2616377,0.56835186,2.2941587,1.4217228,4.7290454,0.890849,0.0,0.12217142,0.0,0.06607726,0.38561323,0.0,0.0,0.26735964,1.098582,0.09078732,0.0,0.12217142,0.24227937,0.32836685,0.5913309,0.19321747,0.40819508,0.41138408,1.5397277,0.25258482,0.0,0.12217142,3.409001588821411,Fmnl2_isoform_X3
XP_011247303.1_PREDICTED:_hexosaminidase_D_isoform_X1_[Mus_musculus]_seq11,0,1,0,0,0,0,1,1,0,0,Hexdc,Hexdc_isoform_X1,GWFSPYHRRRKLVHPVMIQHIQPEALSLLSRWNNLVQQLEVALQPVFYPDTIEEWLEENVLP,0.0,0.0,0.0,0.0,0.0,0.0,0.0,0.0,0.0,0.7591053,1.212532,2.7260528,1.0562541,0.65982074,1.0321248,0.7142475,2.4393444,2.5596306,0.0,0.7591053,0.00019535905,0.0075416565,0.0,0.0,0.0,0.08387694,1.1457443,0.053571735,0.0,0.7591053,0.29685596,0.32060722,0.2118692,0.13196415,0.1474464,0.22944856,1.0449346,0.47749835,0.0,0.7591053,inf,Hexdc_isoform_X1
XP_017172931.1_PREDICTED:_multidrug_resistance-associated_protein_7_isoform_X3_[Mus_musculus]_seq19,0,0,1,0,1,0,2,0,0,0,Abcc10,Abcc10_isoform_X3,ARALLTDAKILCIDEATASVDQKTDQLLQQTICKRFANKTVLTIAHRLNTILNSDRVLVLQA,0.0,0.0,0.0,0.0,0.0,0.0,0.0,0.0,0.0,0.8198685,0.24804424,1.390587,1.6071132,0.299098,1.9085206,0.6133133,3.0557296,0.6088179,0.0,0.8198685,0.0,0.0,0.00089987647,0.0,0.0,0.23790126,1.1587894,0.33516926,0.0,0.8198685,0.05997619,0.15832485,0.35515857,0.0598196,0.32732645,0.25042754,1.3214018,0.27759853,0.0,0.8198685,18.364805221557617,Abcc10_isoform_X3
XP_006509550.1_PREDICTED:_palmitoyltransferase_ZDHHC2_isoform_X2_[Mus_musculus]_seq4,0,0,0,0,0,0,2,0,0,0,Zdhhc2,Zdhhc2_isoform_X2,FRHGTDKNGFSLGFSKNMRQVFGDEKKYWLLPVFSSQGDGCSFPTCLVNQDPEQPSTPAGLN,0.0,0.0,0.0,0.0,0.0,0.0,0.0,0.0,0.0,0.46600127,0.31406984,0.7462281,1.3781277,0.0,1.238061,0.28340647,2.6653001,0.5936355,0.0,0.46600127,0.0,0.0,0.04864568,0.0,0.0,0.0,1.1836206,0.0,0.0,0.46600127,0.07244505,0.12848486,0.31015158,0.0,0.17686585,0.066928975,1.3487874,0.088209756,0.0,0.46600127,inf,Zdhhc2_isoform_X2
NP_001156741.1_lysophosphatidic_acid_receptor_5_[Mus_musculus]_seq8,1,0,1,0,0,0,2,0,0,0,Lpar5,Lpar5_,AGANCVLDPLVYYFSAEGFRNTLRNLGAPLNTRPLATNGAAGVLTELPSESTQNTGQDATSQ,0.0,0.0,0.0,0.0,0.0,0.0,0.0,0.0,0.0,0.23375264,2.2797842,1.1479573,1.6845481,0.05830294,1.5089163,1.3299149,3.500795,0.948829,0.0,0.23375264,0.3316213,0.2150206,0.033497613,0.0,0.0,0.08082794,1.2378718,0.33194953,0.0,0.23375264,0.7521647,0.27964947,0.31998366,0.011660588,0.31592318,0.2920147,1.3572468,0.36579978,0.0,0.23375264,inf,Lpar5_
XP_006533783.1_PREDICTED:_coiled-coil_domain-containing_protein_43_isoform_X1_[Mus_musculus]_seq1,0,0,0,0,0,0,2,0,0,0,Ccdc43,Ccdc43_isoform_X1,MRAGPVARPDRHCGRHPRVRQDPVPSMAAPSEVAAAVLGEGDGGAFGSWLDGRLEALGVDRA,0.0,0.0,0.0,0.0,0.0,0.0,0.0,0.0,0.0,0.030166332,0.80769944,1.2314798,1.1376861,0.20291461,0.24205309,0.9002556,2.5973494,1.3642821,0.0,0.030166332,0.41190892,0.16388468,0.13804176,0.0,0.0,0.21545568,1.2478231,0.14342947,0.0,0.030166332,0.33149365,0.35387823,0.35723746,0.04058292,0.055175148,0.33717278,1.1955372,0.36201945,0.0,0.030166332,inf,Ccdc43_isoform_X1
NP_033375.1_indolethylamine_N-methyltransferase_[Mus_musculus]_seq1,0,1,1,0,0,0,1,0,0,0,Inmt,Inmt_,MEGKVYIGGEDYEKEFTPKDYLTTYYSFHSGPVAEQEIVKFSLQNLYQTFSTGGVGGDVLID,0.0,0.0,0.0,0.0,0.0,0.0,0.0,0.0,0.0,0.58491194,0.5583171,1.7487773,1.7812917,0.0,1.1729628,1.2649306,1.9491892,1.4861678,0.0,0.58491194,0.0,0.15943018,0.0,0.0,0.0,0.3532649,1.2573714,0.0,0.0,0.58491194,0.19966076,0.35818198,0.22259222,0.0,0.40074465,0.4676247,0.9851575,0.37709886,0.0,0.58491194,inf,Inmt_
XP_006527277.1_PREDICTED:_inactive_heparanase-2_isoform_X1_[Mus_musculus]_seq4,0,1,0,0,1,0,2,0,0,0,Hpse2,Hpse2_isoform_X1,NPAKSRGGPGPDYYLKNYEDDIVRSDVALDKQKGCKIAQHPDVMLELQREKASQMHLVLLKE,0.0,0.0,0.0,0.0,0.0,0.0,0.0,0.0,0.0,0.06863807,0.58825403,1.7170146,1.1685345,0.11223856,1.6432682,1.4977357,2.6358213,0.96163213,0.0,0.06863807,0.32472306,0.22106314,0.0,0.0,0.54455733,0.317888,1.2687352,0.22973126,0.0,0.06863807,0.26000878,0.3825079,0.2561966,0.022447713,0.57846373,0.4692444,1.2459815,0.32651514,0.0,0.06863807,3.332036018371582,Hpse2_isoform_X1
XP_017177165.1_PREDICTED:_BTB/POZ_domain-containing_protein_KCTD18_isoform_X2_[Mus_musculus]_seq4,0,0,0,0,0,0,3,0,0,0,Kctd18,Kctd18_isoform_X2,RPLHGSLRHMAPIRKRRLIALREEDEGVNCKTGPKPVRFLGPSTSTQIKVKNSASVRVSPAN,0.0,0.0,0.0,0.0,0.0,0.0,0.0,0.0,0.0,0.4004989,1.0125475,1.5589567,1.5630262,0.17581648,1.1097516,1.2289555,2.4063244,0.881184,0.0,0.4004989,0.5857547,0.33172452,0.25219896,0.0,0.0,0.17205402,1.3669541,0.25956202,0.0,0.4004989,0.52001375,0.44440162,0.4685309,0.053115487,0.22269297,0.3974341,1.2346321,0.34363997,0.0,0.4004989,184.18467712402344,Kctd18_isoform_X2
NP_780738.1_leukocyte_receptor_cluster_member_9_[Mus_musculus]_seq5,0,0,1,0,0,0,3,0,0,0,Leng9,Leng9_,GVGLEGLDTQDALAEAGGNPTGTGLDSGLETHEEGGAIKETRTGLDSSLETPEVDGPTKETG,0.0,0.0,0.0,0.0,0.0,0.0,0.0,0.0,0.0,0.19826412,0.47295615,1.5049081,2.0311382,0.2799047,0.96273506,1.4161595,2.9274952,0.989914,0.27640218,0.19826412,0.0,0.1201089,0.0,0.0,0.0,0.29149055,1.3686326,0.13206859,0.0,0.19826412,0.09459123,0.3968149,0.37713686,0.10694425,0.19996169,0.4467917,1.2267113,0.2746362,0.069100544,0.19826412,inf,Leng9_
XP_006531508.1_PREDICTED:_uncharacterized_protein_C19orf57_homolog_isoform_X1_[Mus_musculus]_seq11,0,1,1,0,0,0,2,0,0,0,4930432K21Rik,4930432K21Rik_isoform_X1,CPRDQAAWQESSAMELDFLPDSQIQDALDATNMEQGFPSGSMPDLGWPVPSSQSIGGSPKAV,0.15458049,0.0,0.0,0.0,0.0,0.19608788,0.0,0.0,0.0,0.8305886,1.0321989,1.893742,1.9695734,0.56886536,1.3445374,1.0355203,2.4446752,1.1348988,0.0,0.8305886,0.67725897,0.2784074,0.45932668,0.0,0.0,0.40616712,1.4118123,0.27424574,0.0,0.8305886,0.66387784,0.44409204,0.59278536,0.11377307,0.24758323,0.46651718,1.2140608,0.34450084,0.0,0.8305886,3.87634539604187,4930432K21Rik_isoform_X1
XP_011239668.1_PREDICTED:_COP9_signalosome_complex_subunit_7a_isoform_X3_[Mus_musculus]_seq6,0,0,0,0,1,0,3,0,0,0,Cops7a,Cops7a_isoform_X3,QHKEQQLGLKQQIESEVANLKKTIKVTTAAAAAATSQDPEQHLTELREPASGTNQRQPSKKA,0.0,0.0,0.0,0.0,0.0,0.0,0.0,0.0,0.0,0.0,0.42610514,0.91987205,0.0,0.80395067,4.961717,0.0025053304,5.6274176,0.91120213,0.0,0.0,0.0,0.0,0.0,0.0,0.0,0.0,1.8382231,0.0,0.0,0.0,0.08522103,0.13840885,0.0,0.31026775,0.9412422,0.00035790433,2.2426145,0.1179038,0.0,0.0,inf,Cops7a_isoform_X3
